ComplaintID,Complaint,Category,Urgency
CMP_10001,The indoor gym equipment cable snapped while a student was lifting heavy weights.,Sports,High
CMP_10002,"The authentication gateway server is down, preventing any student from logging into the internet.",Internet,High
CMP_10003,"A large chunk of plaster fell from the ceiling in room 535, narrowly missing a student.",Hostel,Critical
CMP_10004,the exam paper leaked online an hour prior to the scheduled examination schedule.,Academic,High
CMP_10005,Rainwater is rally leaking from the roof directly onto the rare manuscript and book archive section.,Library,High
CMP_10006,one of the three tube lights in room 212 has fused.,Electricity,Low
CMP_10007,Mass scale technical malpractice detected during the online proctored placement exams.,Academic,Critical
CMP_10008,The waiting time at the campus health center exceeded an hour for a routine checkup.,Medical,Low
CMP_10009,The on-duty doctor was absent during the specified night shift hours at the clinic.,Medical,High
CMP_10010,A major collision involving the university transport bus occurred near the main city crossing.,Transport,Critical
CMP_10011,the whiteboard markers provided to professors are mostly dried up and unreadable.,Academic,Low
CMP_10012,An entire batch's official physical final marksheets and degree registry files were destroyed.,Academic,Critical
CMP_10013,The barcode scanner at the return counter is failing to scan books quickly.,Library,Low
CMP_10014,The glass burettes in the chemistry lab have faint graduation marks that are hard to read.,Laboratory,Low
CMP_10015,the evening shuttle bus arrived 20 minutes later than the scheduled timetable.,Transport,Low
CMP_10016,The mouse attached to computer terminal 4 in the computer lab is malfunctioning.,Laboratory,Low
CMP_10017,"The main water pipeline has burst, causing massive flooding in the basement of Hostel 9.",Plumbing,High
CMP_10018,One of the three tube lights in room 546 has fused.,Electricity,Low
CMP_10019,the automated book search kiosk terminal is running extremely slowly.,Library,Low
CMP_10020,More than 15 students have reported severe stomach aches and vomiting after eating at the mess.,Mess,High
CMP_10021,Complete power blackout in the entire wing of Boys Hostel Block A for over 6 hours.,Electricity,High
CMP_10022,Sparking and a burning plastic smell coming from the distribution board near room 494.,Electricity,Critical
CMP_10023,The biosafety cabinet ventilation failed while handling pathogenic bacterial samples.,Laboratory,Critical
CMP_10024,A dangerous chemical spill of concentrated sulfuric acid occurred on bench 8.,Laboratory,Critical
CMP_10025,A critical cardiac emergency occurred at the sports arena and the emergency response was delayed.,Medical,Critical
CMP_10026,"A large chunk of plaster fell from the ceiling in room 157, narrowly missing a student.",Hostel,Critical
CMP_10027,Live naked electric wires are exposed in the hallway of the second floor near the water cooler.,Electricity,Critical
CMP_10028,A gas cylinder regulator valve in the chemical laboratory is jammed and leaking a distinct smell.,Laboratory,High
CMP_10029,A student is unconscious and unresponsive in room 253 following a sudden seizure.,Medical,Critical
CMP_10030,Sewage backflow coming out of the floor drains in the ground floor bathrooms.,Plumbing,Critical
CMP_10031,The main fiber optic line to the engineering department block was cut during construction work.,Internet,Critical
CMP_10032,The exam paper leaked online an hour prior to the scheduled examination schedule.,Academic,High
CMP_10033,The grades for the semester final exams haven't been updated even after 3 weeks of submission.,Academic,Medium
CMP_10034,"The corridor lights on the fourth floor are not working, making it pitch dark at night.",Electricity,Medium
CMP_10035,The main circuit breaker keeps tripping every time the air conditioner is turned on.,Electricity,High
CMP_10036,A critical cardiac emergency occurred at the sports arena and the emergency response was delayed.,Medical,Critical
CMP_10037,The breakfast was served cold today at the counter.,Mess,Low
CMP_10038,One of the three tube lights in room 575 has fused.,Electricity,Low
CMP_10039,The window latch in room 301 is loose and needs to be tightened.,Hostel,Low
CMP_10040,The exam paper leaked online an hour prior to the scheduled examination schedule.,Academic,High
CMP_10041,"The library structural pillars in the basement are showing deep cracks, causing panic.",Library,Critical
CMP_10042,The waiting time at the campus health center exceeded an hour for a routine checkup.,Medical,Low
CMP_10043,the plates and spoons provided in the dining hall are sticky and oily.,Mess,Low
CMP_10044,Mass scale technical malpractice detected during the online proctored placement exams.,Academic,Critical
CMP_10045,a critical cardiac emergency occurred at the sports arena and the emergency response was delayed.,Medical,Critical
CMP_10046,"The morning campus bus is severely overcrowded, forcing students to stand on the footboard.",Transport,Medium
CMP_10047,Essential primary medicines like paracetamol and antacids are out of stock at the pharmacy.,Medical,Medium
CMP_10048,Live naked electric wires are exposed in the hallway of the fourth floor near the water cooler.,Electricity,Critical
CMP_10049,A caterpillar and dead flies were found in the vegetable curry served during dinner.,Mess,High
CMP_10050,WiFi keeps disconnecting every 30 minutes in the common room.,Internet,Low
CMP_10051,Firewalls are blocking access to critical academic research servers and repository sites entirely.,Internet,Critical
CMP_10052,The main entry door lock for room 452 is rally completely broken and cannt be locked.,Hostel,High
CMP_10053,Complete network outage across the entire Boys Hostel Block B block preventing project submissions.,Internet,High
CMP_10054,No hot water supply in the showers of Hostel 9 during early morning hours.,Plumbing,Medium
CMP_10055,A professor is refusing to accept legitimate medical certificates for mandatory attendance criteria.,Academic,High
CMP_10056,"The library structural pillars in the basement are showing deep cracks, causing panic.",Library,Critical
CMP_10057,"The corridor lights on the second floor are not working, making it pitch dark at night.",Electricity,Medium
CMP_10058,One of the three tube lights in room 126 has fused.,Electricity,Low
CMP_10059,The balcony railing on the ground floor of Hostel 5 is completely detached and hanging.,Hostel,Critical
CMP_10060,bedbugs found in the mattress provided in room 382 of boys hostel block b.,Hostel,Medium
CMP_10061,Bedbugs found in the mattress provided in room 136 of PG Married Hostel.,Hostel,Medium
CMP_10062,The grip tape on the badminton racquets in the inventory is completely worn out.,Sports,Low
CMP_10063,wifi keeps disconnecting every 30 minutes in the common room.,Internet,Low
CMP_10064,One of the three tube lights in room 116 has fused.,Electricity,Low
CMP_10065,The elevator in Girls Hostel Block D is jerking badly while moving between floors.,Hostel,Medium
CMP_10066,The breakfast was served cold today at the counter.,Mess,Low
CMP_10067,The indoor gym equipment cable snapped while a student was lifting heavy weights.,Sports,High
CMP_10068,The ceiling fan in room 583 is making a slight clicking sound.,Hostel,Low
CMP_10069,The grades for the semester final exams haven't been updated even after 3 weeks of submission.,Academic,Medium
CMP_10070,The main fiber optic line to the engineering department block was cut during construction work.,Internet,Critical
CMP_10071,The driver of route B-01 was driving extremely recklessly and speeding over speed bumps.,Transport,High
CMP_10072,The brakes of campus bus number B-04 failed completely while descending the hill road.,Transport,Critical
CMP_10073,"The swimming pool water is green, murky, and causing skin rashes due to lack of filtration.",Sports,High
CMP_10074,The fume hood in the organic chemistry lab has very weak suction and ventilation.,Laboratory,Medium
CMP_10075,The toilet flush mechanism in bathroom 3 is broken and not working.,Plumbing,Medium
CMP_10076,"The synthetic track surface near the curve has peeled off, posing a tripping hazard.",Sports,Medium
CMP_10077,The page load time for the student portal is very high on the campus network.,Internet,Low
CMP_10078,Complete network outage across the entire Hostel 9 block preventing project submissions.,Internet,High
CMP_10079,A violent physical brawl broke out between two large student groups in the main corridor.,Security,Critical
CMP_10080,LAN connection port in room 293 is physically damaged and loose.,Internet,Medium
CMP_10081,No hot water supply in the showers of Boys Hostel Block B during early morning hours.,Plumbing,Medium
CMP_10082,A bicycle locked near block Boys Hostel Block B was stolen during broad daylight.,Security,Medium
CMP_10083,A gas cylinder regulator valve in the chemical laboratory is jammed and leaking a distinct smell.,Laboratory,High
CMP_10084,Live naked electric wires are exposed in the hallway of the third floor near the water cooler.,Electricity,Critical
CMP_10085,"The spectator stands collapsed during the annual track event, injuring several onlookers.",Sports,Critical
CMP_10086,The weight scale machine at the triage counter shows incorrect calibration metrics.,Medical,Low
CMP_10087,one of the external streetlights near the parking lot is flickering.,Security,Low
CMP_10088,The mouse attached to computer terminal 9 in the computer lab is malfunctioning.,Laboratory,Low
CMP_10089,"The overhead water tank is overflowing heavily, leaking directly into the main electric generator room.",Plumbing,Critical
CMP_10090,Severe water leakage from the ceiling in room 479 damaging personal belongings.,Hostel,High
CMP_10091,The digital thermometer at the campus clinic is rally out of battery and nt replaced.,Medical,Medium
CMP_10092,The weight scale machine at the triage counter shows incorrect calibration metrics.,Medical,Low
CMP_10093,"The corridor lights on the fourth floor are not working, making it pitch dark at night.",Electricity,Medium
CMP_10094,The CCTV camera covering the main entrance of Hostel 9 is out of focus and blurred.,Security,Medium
CMP_10095,the seat covers on campus bus number b-07 are torn and dirty.,Transport,Low
CMP_10096,Water drain in the common washroom is slow to clear.,Plumbing,Low
CMP_10097,Several pages are torn or missing from the core reference book for course code MA-201.,Library,Medium
CMP_10098,A caterpillar and dead flies were found in the vegetable curry served during dinner.,Mess,High
CMP_10099,The seat covers on campus bus number B-01 are torn and dirty.,Transport,Low
CMP_10100,The visitor logbook at the entrance gate is not being filled out properly by guards.,Security,Low
CMP_10101,The glass burettes in the chemistry lab have faint graduation marks that are hard to read.,Laboratory,Low
CMP_10102,A dangerous chemical spill of concentrated sulfuric acid occurred on bench 13.,Laboratory,Critical
CMP_10103,Oscilloscope number 25 in the electronics lab shows a distorted calibration line.,Laboratory,Medium
CMP_10104,"The overhead water tank is overflowing heavily, leaking directly into the main electric generator room.",Plumbing,Critical
CMP_10105,A major collision involving the university transport bus occurred near the main city crossing.,Transport,Critical
CMP_10106,"the quality of the lunch provided today was extremely poor, the rice was half-cooked.",Mess,Medium
CMP_10107,Complete lack of running water in the entire hostel building since morning.,Plumbing,High
CMP_10108,The driver of route Shuttle-C was driving extremely recklessly and speeding over speed bumps.,Transport,High
CMP_10109,The weight scale machine at the triage counter shows incorrect calibration metrics.,Medical,Low
CMP_10110,The indoor gym equipment cable snapped while a student was lifting heavy weights.,Sports,High
CMP_10111,a gas cylinder regulator valve in the chemical laboratory is jammed and leaking a distinct smell.,Laboratory,High
CMP_10112,Complete lack of running water in the entire hostel building since morning.,Plumbing,High
CMP_10113,One of the external streetlights near the parking lot is flickering.,Security,Low
CMP_10114,"The swimming pool water is rally green, murky, and causing skin rashes due to lack of filtration.",Sports,High
CMP_10115,"The spectator stands collapsed during the annual track event, injuring several onlookers.",Sports,Critical
CMP_10116,A student is rally unconscious and unresponsive in room 298 following a sudden seizure.,Medical,Critical
CMP_10117,The breakfast was served cold today at the counter.,Mess,Low
CMP_10118,The WiFi network speed in Hostel 9 has dropped below 1 Mbps since yesterday.,Internet,Medium
CMP_10119,A major collision involving the university transport bus occurred near the main city crossing.,Transport,Critical
CMP_10120,The driver of route Shuttle-C was driving extremely recklessly and speeding over speed bumps.,Transport,High
CMP_10121,Water drain in the common washroom is rally slow to clear.,Plumbing,Low
CMP_10122,The barcode scanner at the return counter is failing to scan books quickly.,Library,Low
CMP_10123,The whiteboard markers provided to professors are mostly dried up and unreadable.,Academic,Low
CMP_10124,Several pages are torn or missing from the core reference book for course code CH-111.,Library,Medium
CMP_10125,"The spectator stands collapsed during the annual track event, injuring several onlookers.",Sports,Critical
CMP_10126,A critical cardiac emergency occurred at the sports arena and the emergency response was delayed.,Medical,Critical
CMP_10127,Live naked electric wires are exposed in the hallway of the fourth floor near the water cooler.,Electricity,Critical
CMP_10128,"A heavy steel goalpost tip-over occurred, pinning a student player to the ground.",Sports,Critical
CMP_10129,A violent physical brawl broke out between two large student groups in the main corridor.,Security,Critical
CMP_10130,The digital thermometer at the campus clinic is out of battery and not replaced.,Medical,Medium
CMP_10131,The digital thermometer at the campus clinic is out of battery and not replaced.,Medical,Medium
CMP_10132,The waiting time at the campus health center exceeded an hour for a routine checkup.,Medical,Low
CMP_10133,One of the three tube lights in room 222 has fused.,Electricity,Low
CMP_10134,frequent voltage fluctuations in hostel 5 are causing laptops to restart continuously.,Electricity,Medium
CMP_10135,"The swimming pool water is green, murky, and causing skin rashes due to lack of filtration.",Sports,High
CMP_10136,The barcode scanner at the return counter is failing to scan books quickly.,Library,Low
CMP_10137,The air conditioning in the long-route university bus number Shuttle-A is rally completely broken.,Transport,Medium
CMP_10138,"The authentication gateway server is down, preventing any student from logging into the internet.",Internet,High
CMP_10139,Complete network outage across the entire Girls Hostel Block C block preventing project submissions.,Internet,High
CMP_10140,Complete power blackout in the entire wing of Boys Hostel Block A for over 6 hours.,Electricity,High
CMP_10141,The automated emergency fire suppression sprinklers in the main book stack area went off falsely.,Library,Critical
CMP_10142,"The main water pipeline has burst, causing massive flooding in the basement of Hostel 5.",Plumbing,High
CMP_10143,More than 15 students have reported severe stomach aches and vomiting after eating at the mess.,Mess,High
CMP_10144,The automated book search kiosk terminal is running extremely slowly.,Library,Low
CMP_10145,A group of outsiders are picking fights and ragging students outside the main campus gate.,Security,High
CMP_10146,"An emergency patient arrived, but the campus ambulance oxygen cylinder was found empty.",Medical,High
CMP_10147,"An emergency patient arrived, but the campus ambulance oxygen cylinder was found empty.",Medical,High
CMP_10148,The exam paper leaked online an hour prior to the scheduled examination schedule.,Academic,High
CMP_10149,"The overhead water tank is overflowing heavily, leaking directly into the main electric generator room.",Plumbing,Critical
CMP_10150,"The synthetic track surface near the curve has peeled off, posing a tripping hazard.",Sports,Medium
CMP_10151,The brakes of campus bus number B-12 failed completely while descending the hill road.,Transport,Critical
CMP_10152,Live naked electric wires are exposed in the hallway of the second floor near the water cooler.,Electricity,Critical
CMP_10153,The glass burettes in the chemistry lab have faint graduation marks that are hard to read.,Laboratory,Low
CMP_10154,The elevator in Hostel 9 is jerking badly while moving between floors.,Hostel,Medium
CMP_10155,Rainwater is leaking from the roof directly onto the rare manuscript and book archive section.,Library,High
CMP_10156,"The morning campus bus is severely overcrowded, forcing students to stand on the footboard.",Transport,Medium
CMP_10157,"The spectator stands collapsed during the annual track event, injuring several onlookers.",Sports,Critical
CMP_10158,"The synthetic track surface near the curve has peeled off, posing a tripping hazard.",Sports,Medium
CMP_10159,The CCTV camera covering the main entrance of PG Married Hostel is out of focus and blurred.,Security,Medium
CMP_10160,The washbasin tap in room 356 is dripping slowly continuously.,Plumbing,Low
CMP_10161,LAN connection port in room 555 is physically damaged and loose.,Internet,Medium
CMP_10162,The balcony railing on the second floor of Girls Hostel Block C is rally completely detached and hanging.,Hostel,Critical
CMP_10163,The elevator in Girls Hostel Block C is jerking badly while moving between floors.,Hostel,Medium
CMP_10164,"A large chunk of plaster fell from the ceiling in room 269, narrowly missing a student.",Hostel,Critical
CMP_10165,"The swimming pool water is green, murky, and causing skin rashes due to lack of filtration.",Sports,High
CMP_10166,A professor is refusing to accept legitimate medical certificates for mandatory attendance criteria.,Academic,High
CMP_10167,The projector screen in classroom 335 is rally manually jammed and won't roll down smoothly.,Academic,Low
CMP_10168,Live naked electric wires are exposed in the hallway of the first floor near the water cooler.,Electricity,Critical
CMP_10169,The indoor gym equipment cable snapped while a student was lifting heavy weights.,Sports,High
CMP_10170,The ceiling fan in room 323 is making a slight clicking sound.,Hostel,Low
CMP_10171,Sewage backflow coming out of the floor drains in the ground floor bathrooms.,Plumbing,Critical
CMP_10172,The driver of route Shuttle-A was driving extremely recklessly and speeding over speed bumps.,Transport,High
CMP_10173,"The overhead water tank is overflowing heavily, leaking directly into the main electric generator room.",Plumbing,Critical
CMP_10174,The digital thermometer at the campus clinic is rally out of battery and nt replaced.,Medical,Medium
CMP_10175,"The swimming pool water is rally green, murky, and causing skin rashes due to lack of filtration.",Sports,High
CMP_10176,No hot water supply in the showers of Girls Hostel Block D during early morning hours.,Plumbing,Medium
CMP_10177,No hot water supply in the showers of Boys Hostel Block A during early morning hours.,Plumbing,Medium
CMP_10178,Water drain in the common washroom is slow to clear.,Plumbing,Low
CMP_10179,a bicycle locked near block hostel 9 was stolen during broad daylight.,Security,Medium
CMP_10180,A student is unconscious and unresponsive in room 322 following a sudden seizure.,Medical,Critical
CMP_10181,an entire batch's official physical final marksheets and degree registry files were destroyed.,Academic,Critical
CMP_10182,The glass burettes in the chemistry lab have faint graduation marks that are hard to read.,Laboratory,Low
CMP_10183,An entire batch's official physical final marksheets and degree registry files were destroyed.,Academic,Critical
CMP_10184,A critical cardiac emergency occurred at the sports arena and the emergency response was delayed.,Medical,Critical
CMP_10185,"The corridor lights on the third floor are not working, making it pitch dark at night.",Electricity,Medium
CMP_10186,The indoor gym equipment cable snapped while a student was lifting heavy weights.,Sports,High
CMP_10187,The air conditioning in the long-route university bus number B-04 is rally completely broken.,Transport,Medium
CMP_10188,A critical cardiac emergency occurred at the sports arena and the emergency response was delayed.,Medical,Critical
CMP_10189,WiFi keeps disconnecting every 30 minutes in the common room.,Internet,Low
CMP_10190,"The morning campus bus is severely overcrowded, forcing students to stand on the footboard.",Transport,Medium
CMP_10191,one of the three tube lights in room 234 has fused.,Electricity,Low
CMP_10192,A gas cylinder regulator valve in the chemical laboratory is jammed and leaking a distinct smell.,Laboratory,High
CMP_10193,No hot water supply in the showers of Girls Hostel Block C during early morning hours.,Plumbing,Medium
CMP_10194,The automated book search kiosk terminal is running extremely slowly.,Library,Low
CMP_10195,"The morning campus bus is severely overcrowded, forcing students to stand on the footboard.",Transport,Medium
CMP_10196,The projector screen in classroom 204 is manually jammed and won't roll down smoothly.,Academic,Low
CMP_10197,The balcony railing on the first floor of Hostel 5 is completely detached and hanging.,Hostel,Critical
CMP_10198,No hot water supply in the showers of Hostel 9 during early morning hours.,Plumbing,Medium
CMP_10199,Bedbugs found in the mattress provided in room 353 of PG Married Hostel.,Hostel,Medium
CMP_10200,A critical cardiac emergency occurred at the sports arena and the emergency response was delayed.,Medical,Critical
CMP_10201,A caterpillar and dead flies were found in the vegetable curry served during dinner.,Mess,High
CMP_10202,The seat covers on campus bus number Shuttle-C are torn and dirty.,Transport,Low
CMP_10203,The study lamp socket on table 19 is not drawing any power.,Electricity,Low
CMP_10204,The elevator in Girls Hostel Block D is jerking badly while moving between floors.,Hostel,Medium
CMP_10205,the indoor gym equipment cable snapped while a student was lifting heavy weights.,Sports,High
CMP_10206,A professor is refusing to accept legitimate medical certificates for mandatory attendance criteria.,Academic,High
CMP_10207,"The main water pipeline has burst, causing massive flooding in the basement of Hostel 5.",Plumbing,High
CMP_10208,A critical cardiac emergency occurred at the sports arena and the emergency response was delayed.,Medical,Critical
CMP_10209,The cooking staff are using severely expired ingredients and rotten meat in the kitchen.,Mess,Critical
CMP_10210,the fume hood in the organic chemistry lab has very weak suction and ventilation.,Laboratory,Medium
CMP_10211,the main entry door lock for room 207 is rally completely broken and cannt be locked.,Hostel,High
CMP_10212,"A large chunk of plaster fell from the ceiling in room 526, narrowly missing a student.",Hostel,Critical
CMP_10213,"The spectator stands collapsed during the annual track event, injuring several onlookers.",Sports,Critical
CMP_10214,The mouse attached to computer terminal 13 in the computer lab is malfunctioning.,Laboratory,Low
CMP_10215,one of the external streetlights near the parking lot is flickering.,Security,Low
CMP_10216,No hot water supply in the showers of Boys Hostel Block A during early morning hours.,Plumbing,Medium
CMP_10217,Rainwater is leaking from the roof directly onto the rare manuscript and book archive section.,Library,High
CMP_10218,The college bus broke down in the middle of a deserted highway during an intercity trip.,Transport,High
CMP_10219,the toilet flush mechanism in bathroom 5 is rally broken and nt workin.,Plumbing,Medium
CMP_10220,Toxic chemical cleaning agent accidentally spilled into the major cooking vessel containing soup.,Mess,Critical
CMP_10221,Rainwater is leaking from the roof directly onto the rare manuscript and book archive section.,Library,High
CMP_10222,A critical cardiac emergency occurred at the sports arena and the emergency response was delayed.,Medical,Critical
CMP_10223,The grades for the semester final exams haven't been updated even after 3 weeks of submission.,Academic,Medium
CMP_10224,Toxic chemical cleaning agent accidentally spilled into the major cooking vessel containing soup.,Mess,Critical
CMP_10225,Rainwater is leaking from the roof directly onto the rare manuscript and book archive section.,Library,High
CMP_10226,"the authentication gateway server is down, preventing any student from logging into the internet.",Internet,High
CMP_10227,the grades for the semester final exams haven't been updated even after 3 weeks of submission.,Academic,Medium
CMP_10228,The weight scale machine at the triage counter shows incorrect calibration metrics.,Medical,Low
CMP_10229,The elevator in Girls Hostel Block D is jerking badly while moving between floors.,Hostel,Medium
CMP_10230,The mouse attached to computer terminal 4 in the computer lab is malfunctioning.,Laboratory,Low
CMP_10231,Toxic chemical cleaning agent accidentally spilled into the major cooking vessel containing soup.,Mess,Critical
CMP_10232,"The morning campus bus is rally severely overcrowded, forcing students to stand on the footboard.",Transport,Medium
CMP_10233,"The spectator stands collapsed during the annual track event, injuring several onlookers.",Sports,Critical
CMP_10234,The mouse attached to computer terminal 23 in the computer lab is malfunctioning.,Laboratory,Low
CMP_10235,The air conditioning in the long-route university bus number B-04 is completely broken.,Transport,Medium
CMP_10236,Essential primary medicines like paracetamol and antacids are out of stock at the pharmacy.,Medical,Medium
CMP_10237,The whiteboard markers provided to professors are mostly dried up and unreadable.,Academic,Low
CMP_10238,"the main water pipeline has burst, causing massive flooding in the basement of boys hostel block a.",Plumbing,High
CMP_10239,The grip tape on the badminton racquets in the inventory is completely worn out.,Sports,Low
CMP_10240,LAN connection port in room 332 is physically damaged and loose.,Internet,Medium
CMP_10241,"A heavy steel goalpost tip-over occurred, pinning a student player to the ground.",Sports,Critical
CMP_10242,"The quality of the lunch provided today was extremely poor, the rice was half-cooked.",Mess,Medium
CMP_10243,"The authentication gateway server is down, preventing any student from logging into the internet.",Internet,High
CMP_10244,A major collision involving the university transport bus occurred near the main city crossing.,Transport,Critical
CMP_10245,One of the external streetlights near the parking lot is flickering.,Security,Low
CMP_10246,"The corridor lights on the second floor are nt workin, making it pitch dark at night.",Electricity,Medium
CMP_10247,The college bus broke down in the middle of a deserted highway during an intercity trip.,Transport,High
CMP_10248,"The main water pipeline has burst, causing massive flooding in the basement of Girls Hostel Block D.",Plumbing,High
CMP_10249,The nylon net on the basketball hoop is torn and needs replacement.,Sports,Low
CMP_10250,Sparking and a burning plastic smell coming from the distribution board near room 162.,Electricity,Critical
CMP_10251,Rainwater is leaking from the roof directly onto the rare manuscript and book archive section.,Library,High
CMP_10252,The online portal failed to register the elective course preferences due to a script error.,Academic,Medium
CMP_10253,several pages are torn or missing from the core reference book for course code ph-102.,Library,Medium
CMP_10254,The evening shuttle bus arrived 20 minutes later than the scheduled timetable.,Transport,Low
CMP_10255,The grip tape on the badminton racquets in the inventory is completely worn out.,Sports,Low
CMP_10256,The air conditioning in the long-route university bus number Shuttle-C is completely broken.,Transport,Medium
CMP_10257,"The main water pipeline has burst, causing massive flooding in the basement of Boys Hostel Block B.",Plumbing,High
CMP_10258,Sewage backflow coming out of the floor drains in the ground floor bathrooms.,Plumbing,Critical
CMP_10259,One of the three tube lights in room 443 has fused.,Electricity,Low
CMP_10260,"A large chunk of plaster fell from the ceiling in room 307, narrowly missing a student.",Hostel,Critical
CMP_10261,The main entry door lock for room 391 is completely broken and cannot be locked.,Hostel,High
CMP_10262,The weight scale machine at the triage counter shows incorrect calibration metrics.,Medical,Low
CMP_10263,The digital library portal is completely inaccessible right before the mid-term examinations.,Library,High
CMP_10264,The automated emergency fire suppression sprinklers in the main book stack area went off falsely.,Library,Critical
CMP_10265,"An emergency patient arrived, but the campus ambulance oxygen cylinder was found empty.",Medical,High
CMP_10266,The brakes of campus bus number B-12 failed completely while descending the hill road.,Transport,Critical
CMP_10267,The page load time for the student portal is very high on the campus network.,Internet,Low
CMP_10268,Oscilloscope number 17 in the electronics lab shows a distorted calibration line.,Laboratory,Medium
CMP_10269,The on-duty doctor was absent during the specified night shift hours at the clinic.,Medical,High
CMP_10270,The exam paper leaked online an hour prior to the scheduled examination schedule.,Academic,High
CMP_10271,Complete power blackout in the entire wing of Boys Hostel Block A for over 6 hours.,Electricity,High
CMP_10272,"the morning campus bus is severely overcrowded, forcing students to stand on the footboard.",Transport,Medium
CMP_10273,frequent voltage fluctuations in girls hostel block d are causing laptops to restart continuously.,Electricity,Medium
CMP_10274,The barcode scanner at the return counter is rally failing to scan books quickly.,Library,Low
CMP_10275,A gas cylinder regulator valve in the chemical laboratory is jammed and leaking a distinct smell.,Laboratory,High
CMP_10276,The on-duty doctor was absent during the specified night shift hours at the clinic.,Medical,High
CMP_10277,The biosafety cabinet ventilation failed while handling pathogenic bacterial samples.,Laboratory,Critical
CMP_10278,"The synthetic track surface near the curve has peeled off, posing a tripping hazard.",Sports,Medium
CMP_10279,Water drain in the common washroom is slow to clear.,Plumbing,Low
CMP_10280,Mass scale technical malpractice detected during the online proctored placement exams.,Academic,Critical
CMP_10281,Frequent voltage fluctuations in Hostel 5 are causing laptops to restart continuously.,Electricity,Medium
CMP_10282,The balcony railing on the third floor of Hostel 5 is completely detached and hanging.,Hostel,Critical
CMP_10283,The mouse attached to computer terminal 28 in the computer lab is malfunctioning.,Laboratory,Low
CMP_10284,The barcode scanner at the return counter is failing to scan books quickly.,Library,Low
CMP_10285,The automated emergency fire suppression sprinklers in the main book stack area went off falsely.,Library,Critical
CMP_10286,Toxic chemical cleaning agent accidentally spilled into the major cooking vessel containing soup.,Mess,Critical
CMP_10287,"The synthetic track surface near the curve has peeled off, posing a tripping hazard.",Sports,Medium
CMP_10288,The glass burettes in the chemistry lab have faint graduation marks that are hard to read.,Laboratory,Low
CMP_10289,The air conditioning in the long-route university bus number Shuttle-A is completely broken.,Transport,Medium
CMP_10290,"The corridor lights on the third floor are not working, making it pitch dark at night.",Electricity,Medium
CMP_10291,WiFi keeps disconnecting every 30 minutes in the common room.,Internet,Low
CMP_10292,"The overhead water tank is overflowing heavily, leaking directly into the main electric generator room.",Plumbing,Critical
CMP_10293,Mass scale technical malpractice detected during the online proctored placement exams.,Academic,Critical
CMP_10294,The nylon net on the basketball hoop is rally torn and needs replacement.,Sports,Low
CMP_10295,the page load time for the student portal is very high on the campus network.,Internet,Low
CMP_10296,The college bus broke down in the middle of a deserted highway during an intercity trip.,Transport,High
CMP_10297,An armed intruder managed to scale the boundary wall and enter the girls' hostel campus.,Security,Critical
CMP_10298,The weight scale machine at the triage counter shows incorrect calibration metrics.,Medical,Low
CMP_10299,A violent physical brawl broke out between two large student groups in the main corridor.,Security,Critical
CMP_10300,The window latch in room 356 is loose and needs to be tightened.,Hostel,Low
CMP_10301,Complete lack of running water in the entire hostel building since morning.,Plumbing,High
CMP_10302,Mass scale technical malpractice detected during the online proctored placement exams.,Academic,Critical
CMP_10303,The evening shuttle bus arrived 20 minutes later than the scheduled timetable.,Transport,Low
CMP_10304,A dangerous chemical spill of concentrated sulfuric acid occurred on bench 36.,Laboratory,Critical
CMP_10305,The plates and spoons provided in the dining hall are sticky and oily.,Mess,Low
CMP_10306,The drinking water dispenser in the mess area has a strange muddy taste.,Mess,Medium
CMP_10307,An entire batch's official physical final marksheets and degree registry files were destroyed.,Academic,Critical
CMP_10308,"The library structural pillars in the basement are showing deep cracks, causing panic.",Library,Critical
CMP_10309,The college bus broke down in the middle of a deserted highway during an intercity trip.,Transport,High
CMP_10310,The visitor logbook at the entrance gate is not being filled out properly by guards.,Security,Low
CMP_10311,the grades for the semester final exams haven't been updated even after 3 weeks of submission.,Academic,Medium
CMP_10312,The barcode scanner at the return counter is failing to scan books quickly.,Library,Low
CMP_10313,Several pages are torn or missing from the core reference book for course code CS-101.,Library,Medium
CMP_10314,LAN connection port in room 262 is rally physically damaged and loose.,Internet,Medium
CMP_10315,"The synthetic track surface near the curve has peeled off, posing a tripping hazard.",Sports,Medium
CMP_10316,The main server rack hosting all student terminal virtual machines has crashed entirely.,Laboratory,High
CMP_10317,"A heavy steel goalpost tip-over occurred, pinning a student player to the ground.",Sports,Critical
CMP_10318,WiFi keeps disconnecting every 30 minutes in the common room.,Internet,Low
CMP_10319,The main circuit breaker keeps tripping every time the air conditioner is turned on.,Electricity,High
CMP_10320,An armed intruder managed to scale the boundary wall and enter the girls' hostel campus.,Security,Critical
CMP_10321,A critical cardiac emergency occurred at the sports arena and the emergency response was delayed.,Medical,Critical
CMP_10322,the ceiling fan in room 438 is making a slight clicking sound.,Hostel,Low
CMP_10323,The barcode scanner at the return counter is failing to scan books quickly.,Library,Low
CMP_10324,Oscilloscope number 23 in the electronics lab shows a distorted calibration line.,Laboratory,Medium
CMP_10325,A gas cylinder regulator valve in the chemical laboratory is jammed and leaking a distinct smell.,Laboratory,High
CMP_10326,"A large chunk of plaster fell from the ceiling in room 514, narrowly missing a student.",Hostel,Critical
CMP_10327,A critical cardiac emergency occurred at the sports arena and the emergency response was delayed.,Medical,Critical
CMP_10328,the grip tape on the badminton racquets in the inventory is completely worn out.,Sports,Low
CMP_10329,Live naked electric wires are exposed in the hallway of the third floor near the water cooler.,Electricity,Critical
CMP_10330,The main fiber optic line to the engineering department block was cut during construction work.,Internet,Critical
CMP_10331,The elevator in PG Married Hostel is jerking badly while moving between floors.,Hostel,Medium
CMP_10332,Severe water leakage from the ceiling in room 228 damaging personal belongings.,Hostel,High
CMP_10333,"The floodlights on the football ground are not turning on, stopping evening practice.",Sports,Medium
CMP_10334,Firewalls are blocking access to critical academic research servers and repository sites entirely.,Internet,Critical
CMP_10335,"The air conditioning system in the reading room is rally turned off, making it suffocating.",Library,Medium
CMP_10336,The main entry door lock for room 234 is rally completely broken and cannt be locked.,Hostel,High
CMP_10337,Sewage backflow coming out of the floor drains in the ground floor bathrooms.,Plumbing,Critical
CMP_10338,the fume hood in the organic chemistry lab has very weak suction and ventilation.,Laboratory,Medium
CMP_10339,The glass burettes in the chemistry lab have faint graduation marks that are hard to read.,Laboratory,Low
CMP_10340,"A heavy steel goalpost tip-over occurred, pinning a student player to the ground.",Sports,Critical
CMP_10341,"The corridor lights on the fourth floor are not working, making it pitch dark at night.",Electricity,Medium
CMP_10342,A critical cardiac emergency occurred at the sports arena and the emergency response was delayed.,Medical,Critical
CMP_10343,One of the external streetlights near the parking lot is flickering.,Security,Low
CMP_10344,No hot water supply in the showers of Boys Hostel Block A during early morning hours.,Plumbing,Medium
CMP_10345,"The overhead water tank is overflowing heavily, leaking directly into the main electric generator room.",Plumbing,Critical
CMP_10346,The biosafety cabinet ventilation failed while handling pathogenic bacterial samples.,Laboratory,Critical
CMP_10347,An entire batch's official physical final marksheets and degree registry files were destroyed.,Academic,Critical
CMP_10348,The automated book search kiosk terminal is rally running extremely slowly.,Library,Low
CMP_10349,"a large chunk of plaster fell from the ceiling in room 172, narrowly missing a student.",Hostel,Critical
CMP_10350,The drinking water dispenser in the mess area has a strange muddy taste.,Mess,Medium
CMP_10351,"The spectator stands collapsed during the annual track event, injuring several onlookers.",Sports,Critical
CMP_10352,A bicycle locked near block Hostel 5 was stolen during broad daylight.,Security,Medium
CMP_10353,Frequent voltage fluctuations in Hostel 9 are causing laptops to restart continuously.,Electricity,Medium
CMP_10354,The drinking water dispenser in the mess area has a strange muddy taste.,Mess,Medium
CMP_10355,The projector screen in classroom 578 is manually jammed and won't roll down smoothly.,Academic,Low
CMP_10356,Complete power blackout in the entire wing of Girls Hostel Block D for over 6 hours.,Electricity,High
CMP_10357,An unidentified suspicious outsider entered the hostel premises without authorization or ID check.,Security,High
CMP_10358,"The swimming pool water is green, murky, and causing skin rashes due to lack of filtration.",Sports,High
CMP_10359,severe water leakage from the ceiling in room 113 damaging personal belongings.,Hostel,High
CMP_10360,The breakfast was served cold today at the counter.,Mess,Low
CMP_10361,The online portal failed to register the elective course preferences due to a script error.,Academic,Medium
CMP_10362,An entire batch's official physical final marksheets and degree registry files were destroyed.,Academic,Critical
CMP_10363,LAN connection port in room 438 is physically damaged and loose.,Internet,Medium
CMP_10364,The plates and spoons provided in the dining hall are sticky and oily.,Mess,Low
CMP_10365,The main circuit breaker keeps tripping every time the air conditioner is turned on.,Electricity,High
CMP_10366,The main circuit breaker keeps tripping every time the air conditioner is turned on.,Electricity,High
CMP_10367,The nylon net on the basketball hoop is torn and needs replacement.,Sports,Low
CMP_10368,A violent physical brawl broke out between two large student groups in the main corridor.,Security,Critical
CMP_10369,the fume hood in the organic chemistry lab has very weak suction and ventilation.,Laboratory,Medium
CMP_10370,Severe water leakage from the ceiling in room 222 damaging personal belongings.,Hostel,High
CMP_10371,The online portal failed to register the elective course preferences due to a script error.,Academic,Medium
CMP_10372,"The library structural pillars in the basement are showing deep cracks, causing panic.",Library,Critical
CMP_10373,Essential primary medicines like paracetamol and antacids are out of stock at the pharmacy.,Medical,Medium
CMP_10374,A caterpillar and dead flies were found in the vegetable curry served during dinner.,Mess,High
CMP_10375,No hot water supply in the showers of Girls Hostel Block C during early morning hours.,Plumbing,Medium
CMP_10376,The digital thermometer at the campus clinic is rally out of battery and nt replaced.,Medical,Medium
CMP_10377,A caterpillar and dead flies were found in the vegetable curry served during dinner.,Mess,High
CMP_10378,"The overhead water tank is overflowing heavily, leaking directly into the main electric generator room.",Plumbing,Critical
CMP_10379,A bicycle locked near block Boys Hostel Block B was stolen during broad daylight.,Security,Medium
CMP_10380,The drinking water dispenser in the mess area has a strange muddy taste.,Mess,Medium
CMP_10381,The indoor gym equipment cable snapped while a student was lifting heavy weights.,Sports,High
CMP_10382,The online portal failed to register the elective course preferences due to a script error.,Academic,Medium
CMP_10383,The ceiling fan in room 582 is making a slight clicking sound.,Hostel,Low
CMP_10384,The main entry door lock for room 433 is completely broken and cannot be locked.,Hostel,High
CMP_10385,One of the three tube lights in room 461 has fused.,Electricity,Low
CMP_10386,Complete power blackout in the entire wing of Hostel 5 for over 6 hours.,Electricity,High
CMP_10387,WiFi keeps disconnecting every 30 minutes in the common room.,Internet,Low
CMP_10388,An unidentified suspicious outsider entered the hostel premises without authorization or ID check.,Security,High
CMP_10389,The study lamp socket on table 34 is not drawing any power.,Electricity,Low
CMP_10390,"The floodlights on the football ground are not turning on, stopping evening practice.",Sports,Medium
CMP_10391,The visitor logbook at the entrance gate is not being filled out properly by guards.,Security,Low
CMP_10392,The nylon net on the basketball hoop is torn and needs replacement.,Sports,Low
CMP_10393,"The library structural pillars in the basement are showing deep cracks, causing panic.",Library,Critical
CMP_10394,"The air conditioning system in the reading room is turned off, making it suffocating.",Library,Medium
CMP_10395,Rainwater is leaking from the roof directly onto the rare manuscript and book archive section.,Library,High
CMP_10396,The waiting time at the campus health center exceeded an hour for a routine checkup.,Medical,Low
CMP_10397,The on-duty doctor was absent during the specified night shift hours at the clinic.,Medical,High
CMP_10398,The whiteboard markers provided to professors are mostly dried up and unreadable.,Academic,Low
CMP_10399,"The morning campus bus is severely overcrowded, forcing students to stand on the footboard.",Transport,Medium
CMP_10400,"The synthetic track surface near the curve has peeled off, posing a tripping hazard.",Sports,Medium
CMP_10401,The grades for the semester final exams haven't been updated even after 3 weeks of submission.,Academic,Medium
CMP_10402,The fume hood in the organic chemistry lab has very weak suction and ventilation.,Laboratory,Medium
CMP_10403,The grip tape on the badminton racquets in the inventory is completely worn out.,Sports,Low
CMP_10404,The digital library portal is completely inaccessible right before the mid-term examinations.,Library,High
CMP_10405,The drinking water dispenser in the mess area has a strange muddy taste.,Mess,Medium
CMP_10406,"The overhead water tank is overflowing heavily, leaking directly into the main electric generator room.",Plumbing,Critical
CMP_10407,The air conditioning in the long-route university bus number B-01 is completely broken.,Transport,Medium
CMP_10408,"The morning campus bus is severely overcrowded, forcing students to stand on the footboard.",Transport,Medium
CMP_10409,"The spectator stands collapsed during the annual track event, injuring several onlookers.",Sports,Critical
CMP_10410,the window latch in room 403 is loose and needs to be tightened.,Hostel,Low
CMP_10411,The washbasin tap in room 484 is dripping slowly continuously.,Plumbing,Low
CMP_10412,The main fiber optic line to the engineering department block was cut during construction work.,Internet,Critical
CMP_10413,A critical cardiac emergency occurred at the sports arena and the emergency response was delayed.,Medical,Critical
CMP_10414,The main circuit breaker keeps tripping every time the air conditioner is turned on.,Electricity,High
CMP_10415,"A large chunk of plaster fell from the ceiling in room 361, narrowly missing a student.",Hostel,Critical
CMP_10416,The grades for the semester final exams haven't been updated even after 3 weeks of submission.,Academic,Medium
CMP_10417,Complete network outage across the entire Boys Hostel Block B block preventing project submissions.,Internet,High
CMP_10418,The evening shuttle bus arrived 20 minutes later than the scheduled timetable.,Transport,Low
CMP_10419,The cooking staff are using severely expired ingredients and rotten meat in the kitchen.,Mess,Critical
CMP_10420,The plates and spoons provided in the dining hall are sticky and oily.,Mess,Low
CMP_10421,an entire batch's official physical final marksheets and degree registry files were destroyed.,Academic,Critical
CMP_10422,Essential primary medicines like paracetamol and antacids are out of stock at the pharmacy.,Medical,Medium
CMP_10423,The indoor gym equipment cable snapped while a student was lifting heavy weights.,Sports,High
CMP_10424,"The air conditioning system in the reading room is rally turned off, making it suffocating.",Library,Medium
CMP_10425,Sparking and a burning plastic smell coming from the distribution board near room 204.,Electricity,Critical
CMP_10426,The brakes of campus bus number B-07 failed completely while descending the hill road.,Transport,Critical
CMP_10427,"The swimming pool water is rally green, murky, and causing skin rashes due to lack of filtration.",Sports,High
CMP_10428,Several pages are torn or missing from the core reference book for course code CS-101.,Library,Medium
CMP_10429,The glass burettes in the chemistry lab have faint graduation marks that are hard to read.,Laboratory,Low
CMP_10430,More than 15 students have reported severe stomach aches and vomiting after eating at the mess.,Mess,High
CMP_10431,The indoor gym equipment cable snapped while a student was lifting heavy weights.,Sports,High
CMP_10432,The biosafety cabinet ventilation failed while handling pathogenic bacterial samples.,Laboratory,Critical
CMP_10433,The grades for the semester final exams haven't been updated even after 3 weeks of submission.,Academic,Medium
CMP_10434,The main server rack hosting all student terminal virtual machines has crashed entirely.,Laboratory,High
CMP_10435,a gas cylinder regulator valve in the chemical laboratory is jammed and leaking a distinct smell.,Laboratory,High
CMP_10436,Sparking and a burning plastic smell coming from the distribution board near room 542.,Electricity,Critical
CMP_10437,The digital thermometer at the campus clinic is out of battery and not replaced.,Medical,Medium
CMP_10438,Frequent voltage fluctuations in Girls Hostel Block D are causing laptops to restart continuously.,Electricity,Medium
CMP_10439,The drinking water dispenser in the mess area has a strange muddy taste.,Mess,Medium
CMP_10440,"The air conditioning system in the reading room is turned off, making it suffocating.",Library,Medium
CMP_10441,The evening shuttle bus arrived 20 minutes later than the scheduled timetable.,Transport,Low
CMP_10442,the window latch in room 576 is rally loose and needs to be tightened.,Hostel,Low
CMP_10443,The indoor gym equipment cable snapped while a student was lifting heavy weights.,Sports,High
CMP_10444,More than 15 students have reported severe stomach aches and vomiting after eating at the mess.,Mess,High
CMP_10445,The projector screen in classroom 379 is manually jammed and won't roll down smoothly.,Academic,Low
CMP_10446,"The corridor lights on the third floor are not working, making it pitch dark at night.",Electricity,Medium
CMP_10447,The drinking water dispenser in the mess area has a strange muddy taste.,Mess,Medium
CMP_10448,The air conditioning in the long-route university bus number Shuttle-A is completely broken.,Transport,Medium
CMP_10449,"The quality of the lunch provided today was extremely poor, the rice was half-cooked.",Mess,Medium
CMP_10450,Rainwater is leaking from the roof directly onto the rare manuscript and book archive section.,Library,High
CMP_10451,a dangerous chemical spill of concentrated sulfuric acid occurred on bench 29.,Laboratory,Critical
CMP_10452,The main circuit breaker keeps tripping every time the air conditioner is turned on.,Electricity,High
CMP_10453,The WiFi network speed in Boys Hostel Block A has dropped below 1 Mbps since yesterday.,Internet,Medium
CMP_10454,"The library structural pillars in the basement are showing deep cracks, causing panic.",Library,Critical
CMP_10455,WiFi keeps disconnecting every 30 minutes in the common room.,Internet,Low
CMP_10456,Toxic chemical cleaning agent accidentally spilled into the major cooking vessel containing soup.,Mess,Critical
CMP_10457,The brakes of campus bus number B-12 failed completely while descending the hill road.,Transport,Critical
CMP_10458,Sewage backflow coming out of the floor drains in the ground floor bathrooms.,Plumbing,Critical
CMP_10459,WiFi keeps disconnecting every 30 minutes in the common room.,Internet,Low
CMP_10460,a violent physical brawl broke out between two large student groups in the main corridor.,Security,Critical
CMP_10461,The plates and spoons provided in the dining hall are sticky and oily.,Mess,Low
CMP_10462,More than 15 students have reported severe stomach aches and vomiting after eating at the mess.,Mess,High
CMP_10463,"The spectator stands collapsed during the annual track event, injuring several onlookers.",Sports,Critical
CMP_10464,The biosafety cabinet ventilation failed while handling pathogenic bacterial samples.,Laboratory,Critical
CMP_10465,"The spectator stands collapsed during the annual track event, injuring several onlookers.",Sports,Critical
CMP_10466,A professor is refusing to accept legitimate medical certificates for mandatory attendance criteria.,Academic,High
CMP_10467,The drinking water dispenser in the mess area has a strange muddy taste.,Mess,Medium
CMP_10468,"The synthetic track surface near the curve has peeled off, posing a tripping hazard.",Sports,Medium
CMP_10469,The cooking staff are using severely expired ingredients and rotten meat in the kitchen.,Mess,Critical
CMP_10470,The automated book search kiosk terminal is rally running extremely slowly.,Library,Low
CMP_10471,The main fiber optic line to the engineering department block was cut during construction work.,Internet,Critical
CMP_10472,The main server rack hosting all student terminal virtual machines has crashed entirely.,Laboratory,High
CMP_10473,The whiteboard markers provided to professors are mostly dried up and unreadable.,Academic,Low
CMP_10474,the projector screen in classroom 439 is rally manually jammed and won't roll down smoothly.,Academic,Low
CMP_10475,The waiting time at the campus health center exceeded an hour for a routine checkup.,Medical,Low
CMP_10476,"The morning campus bus is severely overcrowded, forcing students to stand on the footboard.",Transport,Medium
CMP_10477,The balcony railing on the third floor of Hostel 5 is completely detached and hanging.,Hostel,Critical
CMP_10478,The balcony railing on the fourth floor of PG Married Hostel is completely detached and hanging.,Hostel,Critical
CMP_10479,The main entry door lock for room 139 is completely broken and cannot be locked.,Hostel,High
CMP_10480,"The main water pipeline has burst, causing massive flooding in the basement of Girls Hostel Block C.",Plumbing,High
CMP_10481,sewage backflow coming out of the floor drains in the ground floor bathrooms.,Plumbing,Critical
CMP_10482,The evening shuttle bus arrived 20 minutes later than the scheduled timetable.,Transport,Low
CMP_10483,Several pages are torn or missing from the core reference book for course code CH-111.,Library,Medium
CMP_10484,The WiFi network speed in Hostel 5 has dropped below 1 Mbps since yesterday.,Internet,Medium
CMP_10485,"The synthetic track surface near the curve has peeled off, posing a tripping hazard.",Sports,Medium
CMP_10486,Complete power blackout in the entire wing of Hostel 5 for over 6 hours.,Electricity,High
CMP_10487,The main fiber optic line to the engineering department block was cut during construction work.,Internet,Critical
CMP_10488,"The main water pipeline has burst, causing massive flooding in the basement of Boys Hostel Block A.",Plumbing,High
CMP_10489,Oscilloscope number 19 in the electronics lab shows a distorted calibration line.,Laboratory,Medium
CMP_10490,A bicycle locked near block Hostel 5 was stolen during broad daylight.,Security,Medium
CMP_10491,"A heavy steel goalpost tip-over occurred, pinning a student player to the ground.",Sports,Critical
CMP_10492,A dangerous chemical spill of concentrated sulfuric acid occurred on bench 24.,Laboratory,Critical
CMP_10493,The waiting time at the campus health center exceeded an hour for a routine checkup.,Medical,Low
CMP_10494,The page load time for the student portal is very high on the campus network.,Internet,Low
CMP_10495,The exam paper leaked online an hour prior to the scheduled examination schedule.,Academic,High
CMP_10496,Frequent voltage fluctuations in Hostel 5 are causing laptops to restart continuously.,Electricity,Medium
CMP_10497,The glass burettes in the chemistry lab have faint graduation marks that are hard to read.,Laboratory,Low
CMP_10498,The seat covers on campus bus number B-01 are torn and dirty.,Transport,Low
CMP_10499,"The quality of the lunch provided today was extremely poor, the rice was half-cooked.",Mess,Medium
CMP_10500,The automated book search kiosk terminal is rally running extremely slowly.,Library,Low
CMP_10501,The drinking water dispenser in the mess area has a strange muddy taste.,Mess,Medium
CMP_10502,The cooking staff are using severely expired ingredients and rotten meat in the kitchen.,Mess,Critical
CMP_10503,The evening shuttle bus arrived 20 minutes later than the scheduled timetable.,Transport,Low
CMP_10504,Complete lack of running water in the entire hostel building since morning.,Plumbing,High
CMP_10505,The automated book search kiosk terminal is running extremely slowly.,Library,Low
CMP_10506,The page load time for the student portal is very high on the campus network.,Internet,Low
CMP_10507,The barcode scanner at the return counter is rally failing to scan books quickly.,Library,Low
CMP_10508,"An emergency patient arrived, but the campus ambulance oxygen cylinder was found empty.",Medical,High
CMP_10509,The nylon net on the basketball hoop is torn and needs replacement.,Sports,Low
CMP_10510,The digital thermometer at the campus clinic is out of battery and not replaced.,Medical,Medium
CMP_10511,The WiFi network speed in PG Married Hostel has dropped below 1 Mbps since yesterday.,Internet,Medium
CMP_10512,The breakfast was served cold today at the counter.,Mess,Low
CMP_10513,A group of outsiders are picking fights and ragging students outside the main campus gate.,Security,High
CMP_10514,"The corridor lights on the second floor are not working, making it pitch dark at night.",Electricity,Medium
CMP_10515,The washbasin tap in room 315 is dripping slowly continuously.,Plumbing,Low
CMP_10516,One of the three tube lights in room 462 has fused.,Electricity,Low
CMP_10517,the grip tape on the badminton racquets in the inventory is completely worn out.,Sports,Low
CMP_10518,The on-duty doctor was absent during the specified night shift hours at the clinic.,Medical,High
CMP_10519,The grip tape on the badminton racquets in the inventory is completely worn out.,Sports,Low
CMP_10520,A major collision involving the university transport bus occurred near the main city crossing.,Transport,Critical
CMP_10521,The main fiber optic line to the engineering department block was cut during construction work.,Internet,Critical
CMP_10522,The fume hood in the organic chemistry lab has very weak suction and ventilation.,Laboratory,Medium
CMP_10523,Severe water leakage from the ceiling in room 274 damaging personal belongings.,Hostel,High
CMP_10524,"The synthetic track surface near the curve has peeled off, posing a tripping hazard.",Sports,Medium
CMP_10525,The washbasin tap in room 542 is dripping slowly continuously.,Plumbing,Low
CMP_10526,the digital library portal is completely inaccessible right before the mid-term examinations.,Library,High
CMP_10527,Sparking and a burning plastic smell coming from the distribution board near room 436.,Electricity,Critical
CMP_10528,A critical cardiac emergency occurred at the sports arena and the emergency response was delayed.,Medical,Critical
CMP_10529,Severe water leakage from the ceiling in room 208 damaging personal belongings.,Hostel,High
CMP_10530,Sparking and a burning plastic smell coming from the distribution board near room 485.,Electricity,Critical
CMP_10531,An unidentified suspicious outsider entered the hostel premises without authorization or ID check.,Security,High
CMP_10532,"The synthetic track surface near the curve has peeled off, posing a tripping hazard.",Sports,Medium
CMP_10533,The ceiling fan in room 465 is making a slight clicking sound.,Hostel,Low
CMP_10534,the automated emergency fire suppression sprinklers in the main book stack area went off falsely.,Library,Critical
CMP_10535,"The synthetic track surface near the curve has peeled off, posing a tripping hazard.",Sports,Medium
CMP_10536,A caterpillar and dead flies were found in the vegetable curry served during dinner.,Mess,High
CMP_10537,The digital thermometer at the campus clinic is out of battery and not replaced.,Medical,Medium
CMP_10538,"The overhead water tank is rally overflowing heavily, leaking directly into the main electric generator room.",Plumbing,Critical
CMP_10539,The projector screen in classroom 435 is manually jammed and won't roll down smoothly.,Academic,Low
CMP_10540,a violent physical brawl broke out between two large student groups in the main corridor.,Security,Critical
CMP_10541,"a large chunk of plaster fell from the ceiling in room 122, narrowly missing a student.",Hostel,Critical
CMP_10542,"The authentication gateway server is down, preventing any student from logging into the internet.",Internet,High
CMP_10543,The main circuit breaker keeps tripping every time the air conditioner is turned on.,Electricity,High
CMP_10544,Live naked electric wires are exposed in the hallway of the second floor near the water cooler.,Electricity,Critical
CMP_10545,Live naked electric wires are exposed in the hallway of the second floor near the water cooler.,Electricity,Critical
CMP_10546,The on-duty doctor was absent during the specified night shift hours at the clinic.,Medical,High
CMP_10547,A group of outsiders are picking fights and ragging students outside the main campus gate.,Security,High
CMP_10548,The biosafety cabinet ventilation failed while handling pathogenic bacterial samples.,Laboratory,Critical
CMP_10549,"A large chunk of plaster fell from the ceiling in room 181, narrowly missing a student.",Hostel,Critical
CMP_10550,Toxic chemical cleaning agent accidentally spilled into the major cooking vessel containing soup.,Mess,Critical
CMP_10551,WiFi keeps disconnecting every 30 minutes in the common room.,Internet,Low
CMP_10552,The study lamp socket on table 13 is not drawing any power.,Electricity,Low
CMP_10553,The breakfast was served cold today at the counter.,Mess,Low
CMP_10554,The ceiling fan in room 582 is making a slight clicking sound.,Hostel,Low
CMP_10555,Complete power blackout in the entire wing of Girls Hostel Block C for over 6 hours.,Electricity,High
CMP_10556,The projector screen in classroom 121 is manually jammed and won't roll down smoothly.,Academic,Low
CMP_10557,The elevator in Hostel 5 is rally jerking badly while moving between floors.,Hostel,Medium
CMP_10558,The on-duty doctor was absent during the specified night shift hours at the clinic.,Medical,High
CMP_10559,The digital thermometer at the campus clinic is out of battery and not replaced.,Medical,Medium
CMP_10560,An unidentified suspicious outsider entered the hostel premises without authorization or ID check.,Security,High
CMP_10561,The mouse attached to computer terminal 27 in the computer lab is malfunctioning.,Laboratory,Low
CMP_10562,The main fiber optic line to the engineering department block was cut during construction work.,Internet,Critical
CMP_10563,The ceiling fan in room 452 is making a slight clicking sound.,Hostel,Low
CMP_10564,the elevator in pg married hostel is jerking badly while moving between floors.,Hostel,Medium
CMP_10565,Severe water leakage from the ceiling in room 238 damaging personal belongings.,Hostel,High
CMP_10566,Firewalls are blocking access to critical academic research servers and repository sites entirely.,Internet,Critical
CMP_10567,"The spectator stands collapsed during the annual track event, injuring several onlookers.",Sports,Critical
CMP_10568,"The swimming pool water is green, murky, and causing skin rashes due to lack of filtration.",Sports,High
CMP_10569,A major collision involving the university transport bus occurred near the main city crossing.,Transport,Critical
CMP_10570,A major collision involving the university transport bus occurred near the main city crossing.,Transport,Critical
CMP_10571,"The library structural pillars in the basement are showing deep cracks, causing panic.",Library,Critical
CMP_10572,A violent physical brawl broke out between two large student groups in the main corridor.,Security,Critical
CMP_10573,The plates and spoons provided in the dining hall are sticky and oily.,Mess,Low
CMP_10574,An unidentified suspicious outsider entered the hostel premises without authorization or ID check.,Security,High
CMP_10575,A professor is rally refusing to accept legitimate medical certificates for mandatory attendance criteria.,Academic,High
CMP_10576,The whiteboard markers provided to professors are mostly dried up and unreadable.,Academic,Low
CMP_10577,Sparking and a burning plastic smell coming from the distribution board near room 124.,Electricity,Critical
CMP_10578,An entire batch's official physical final marksheets and degree registry files were destroyed.,Academic,Critical
CMP_10579,"The overhead water tank is overflowing heavily, leaking directly into the main electric generator room.",Plumbing,Critical
CMP_10580,Severe water leakage from the ceiling in room 574 damaging personal belongings.,Hostel,High
CMP_10581,"A large chunk of plaster fell from the ceiling in room 172, narrowly missing a student.",Hostel,Critical
CMP_10582,The mouse attached to computer terminal 16 in the computer lab is rally malfunctioning.,Laboratory,Low
CMP_10583,The main entry door lock for room 322 is completely broken and cannot be locked.,Hostel,High
CMP_10584,A bicycle locked near block Boys Hostel Block B was stolen during broad daylight.,Security,Medium
CMP_10585,The breakfast was served cold today at the counter.,Mess,Low
CMP_10586,The brakes of campus bus number B-04 failed completely while descending the hill road.,Transport,Critical
CMP_10587,"The synthetic track surface near the curve has peeled off, posing a tripping hazard.",Sports,Medium
CMP_10588,The digital thermometer at the campus clinic is out of battery and not replaced.,Medical,Medium
CMP_10589,The waiting time at the campus health center exceeded an hour for a routine checkup.,Medical,Low
CMP_10590,The brakes of campus bus number B-07 failed completely while descending the hill road.,Transport,Critical
CMP_10591,"The authentication gateway server is down, preventing any student from logging into the internet.",Internet,High
CMP_10592,Bedbugs found in the mattress provided in room 185 of PG Married Hostel.,Hostel,Medium
CMP_10593,The balcony railing on the second floor of PG Married Hostel is completely detached and hanging.,Hostel,Critical
CMP_10594,The digital thermometer at the campus clinic is out of battery and not replaced.,Medical,Medium
CMP_10595,The evening shuttle bus arrived 20 minutes later than the scheduled timetable.,Transport,Low
CMP_10596,a caterpillar and dead flies were found in the vegetable curry served during dinner.,Mess,High
CMP_10597,Sparking and a burning plastic smell coming from the distribution board near room 147.,Electricity,Critical
CMP_10598,The indoor gym equipment cable snapped while a student was lifting heavy weights.,Sports,High
CMP_10599,Toxic chemical cleaning agent accidentally spilled into the major cooking vessel containing soup.,Mess,Critical
CMP_10600,The brakes of campus bus number Shuttle-A failed completely while descending the hill road.,Transport,Critical
CMP_10601,"the corridor lights on the second floor are not working, making it pitch dark at night.",Electricity,Medium
CMP_10602,Live naked electric wires are exposed in the hallway of the first floor near the water cooler.,Electricity,Critical
CMP_10603,The study lamp socket on table 22 is not drawing any power.,Electricity,Low
CMP_10604,Sewage backflow coming out of the floor drains in the ground floor bathrooms.,Plumbing,Critical
CMP_10605,the page load time for the student portal is very high on the campus network.,Internet,Low
CMP_10606,Complete power blackout in the entire wing of Hostel 5 for over 6 hours.,Electricity,High
CMP_10607,"A large chunk of plaster fell from the ceiling in room 549, narrowly missing a student.",Hostel,Critical
CMP_10608,The evening shuttle bus arrived 20 minutes later than the scheduled timetable.,Transport,Low
CMP_10609,The ceiling fan in room 333 is making a slight clicking sound.,Hostel,Low
CMP_10610,Oscilloscope number 29 in the electronics lab shows a distorted calibration line.,Laboratory,Medium
CMP_10611,The page load time for the student portal is very high on the campus network.,Internet,Low
CMP_10612,"The floodlights on the football ground are not turning on, stopping evening practice.",Sports,Medium
CMP_10613,The balcony railing on the fourth floor of PG Married Hostel is completely detached and hanging.,Hostel,Critical
CMP_10614,the on-duty doctor was absent during the specified night shift hours at the clinic.,Medical,High
CMP_10615,The main fiber optic line to the engineering department block was cut during construction work.,Internet,Critical
CMP_10616,The washbasin tap in room 589 is dripping slowly continuously.,Plumbing,Low
CMP_10617,The page load time for the student portal is very high on the campus network.,Internet,Low
CMP_10618,The digital thermometer at the campus clinic is out of battery and not replaced.,Medical,Medium
CMP_10619,the brakes of campus bus number b-07 failed completely while descending the hill road.,Transport,Critical
CMP_10620,The weight scale machine at the triage counter shows incorrect calibration metrics.,Medical,Low
CMP_10621,Frequent voltage fluctuations in Boys Hostel Block B are causing laptops to restart continuously.,Electricity,Medium
CMP_10622,The automated emergency fire suppression sprinklers in the main book stack area went off falsely.,Library,Critical
CMP_10623,the page load time for the student portal is very high on the campus network.,Internet,Low
CMP_10624,The digital thermometer at the campus clinic is out of battery and not replaced.,Medical,Medium
CMP_10625,The air conditioning in the long-route university bus number B-12 is rally completely broken.,Transport,Medium
CMP_10626,"The main water pipeline has burst, causing massive flooding in the basement of Boys Hostel Block A.",Plumbing,High
CMP_10627,"The morning campus bus is severely overcrowded, forcing students to stand on the footboard.",Transport,Medium
CMP_10628,"A heavy steel goalpost tip-over occurred, pinning a student player to the ground.",Sports,Critical
CMP_10629,The automated book search kiosk terminal is running extremely slowly.,Library,Low
CMP_10630,"The library structural pillars in the basement are showing deep cracks, causing panic.",Library,Critical
CMP_10631,The whiteboard markers provided to professors are mostly dried up and unreadable.,Academic,Low
CMP_10632,A gas cylinder regulator valve in the chemical laboratory is jammed and leaking a distinct smell.,Laboratory,High
CMP_10633,The ceiling fan in room 449 is making a slight clicking sound.,Hostel,Low
CMP_10634,Several pages are torn or missing from the core reference book for course code PH-102.,Library,Medium
CMP_10635,The college bus broke down in the middle of a deserted highway during an intercity trip.,Transport,High
CMP_10636,The projector screen in classroom 516 is rally manually jammed and won't roll down smoothly.,Academic,Low
CMP_10637,The plates and spoons provided in the dining hall are sticky and oily.,Mess,Low
CMP_10638,"The air conditioning system in the reading room is turned off, making it suffocating.",Library,Medium
CMP_10639,The barcode scanner at the return counter is failing to scan books quickly.,Library,Low
CMP_10640,the college bus broke down in the middle of a deserted highway during an intercity trip.,Transport,High
CMP_10641,The washbasin tap in room 216 is rally dripping slowly continuously.,Plumbing,Low
CMP_10642,the cctv camera covering the main entrance of hostel 5 is out of focus and blurred.,Security,Medium
CMP_10643,Firewalls are blocking access to critical academic research servers and repository sites entirely.,Internet,Critical
CMP_10644,"The authentication gateway server is down, preventing any student from logging into the internet.",Internet,High
CMP_10645,"The corridor lights on the fourth floor are not working, making it pitch dark at night.",Electricity,Medium
CMP_10646,Oscilloscope number 15 in the electronics lab shows a distorted calibration line.,Laboratory,Medium
CMP_10647,Water drain in the common washroom is slow to clear.,Plumbing,Low
CMP_10648,"A large chunk of plaster fell from the ceiling in room 108, narrowly missing a student.",Hostel,Critical
CMP_10649,A student is unconscious and unresponsive in room 513 following a sudden seizure.,Medical,Critical
CMP_10650,The visitor logbook at the entrance gate is not being filled out properly by guards.,Security,Low
CMP_10651,the toilet flush mechanism in bathroom 6 is broken and not working.,Plumbing,Medium
CMP_10652,The automated book search kiosk terminal is running extremely slowly.,Library,Low
CMP_10653,Firewalls are blocking access to critical academic research servers and repository sites entirely.,Internet,Critical
CMP_10654,The automated emergency fire suppression sprinklers in the main book stack area went off falsely.,Library,Critical
CMP_10655,The washbasin tap in room 254 is dripping slowly continuously.,Plumbing,Low
CMP_10656,The main circuit breaker keeps tripping every time the air conditioner is rally turned on.,Electricity,High
CMP_10657,Severe water leakage from the ceiling in room 344 damaging personal belongings.,Hostel,High
CMP_10658,The waiting time at the campus health center exceeded an hour for a routine checkup.,Medical,Low
CMP_10659,The plates and spoons provided in the dining hall are sticky and oily.,Mess,Low
CMP_10660,"The synthetic track surface near the curve has peeled off, posing a tripping hazard.",Sports,Medium
CMP_10661,An armed intruder managed to scale the boundary wall and enter the girls' hostel campus.,Security,Critical
CMP_10662,Toxic chemical cleaning agent accidentally spilled into the major cooking vessel containing soup.,Mess,Critical
CMP_10663,"The main water pipeline has burst, causing massive flooding in the basement of PG Married Hostel.",Plumbing,High
CMP_10664,"The quality of the lunch provided today was extremely poor, the rice was half-cooked.",Mess,Medium
CMP_10665,An unidentified suspicious outsider entered the hostel premises without authorization or ID check.,Security,High
CMP_10666,The cooking staff are using severely expired ingredients and rotten meat in the kitchen.,Mess,Critical
CMP_10667,the plates and spoons provided in the dining hall are sticky and oily.,Mess,Low
CMP_10668,"The main water pipeline has burst, causing massive flooding in the basement of PG Married Hostel.",Plumbing,High
CMP_10669,Sparking and a burning plastic smell coming from the distribution board near room 456.,Electricity,Critical
CMP_10670,The weight scale machine at the triage counter shows incorrect calibration metrics.,Medical,Low
CMP_10671,the toilet flush mechanism in bathroom 7 is broken and not working.,Plumbing,Medium
CMP_10672,Toxic chemical cleaning agent accidentally spilled into the major cooking vessel containing soup.,Mess,Critical
CMP_10673,Complete network outage across the entire PG Married Hostel block preventing project submissions.,Internet,High
CMP_10674,"the corridor lights on the fourth floor are not working, making it pitch dark at night.",Electricity,Medium
CMP_10675,Essential primary medicines like paracetamol and antacids are out of stock at the pharmacy.,Medical,Medium
CMP_10676,Rainwater is leaking from the roof directly onto the rare manuscript and book archive section.,Library,High
CMP_10677,Severe water leakage from the ceiling in room 429 damaging personal belongings.,Hostel,High
CMP_10678,The automated emergency fire suppression sprinklers in the main book stack area went off falsely.,Library,Critical
CMP_10679,Complete lack of running water in the entire hostel building since morning.,Plumbing,High
CMP_10680,The main entry door lock for room 593 is completely broken and cannot be locked.,Hostel,High
CMP_10681,more than 15 students have reported severe stomach aches and vomiting after eating at the mess.,Mess,High
CMP_10682,"The authentication gateway server is down, preventing any student from logging into the internet.",Internet,High
CMP_10683,Toxic chemical cleaning agent accidentally spilled into the major cooking vessel containing soup.,Mess,Critical
CMP_10684,The ceiling fan in room 153 is rally making a slight clicking sound.,Hostel,Low
CMP_10685,The ceiling fan in room 151 is making a slight clicking sound.,Hostel,Low
CMP_10686,Complete lack of running water in the entire hostel building since morning.,Plumbing,High
CMP_10687,a major collision involving the university transport bus occurred near the main city crossing.,Transport,Critical
CMP_10688,The brakes of campus bus number B-12 failed completely while descending the hill road.,Transport,Critical
CMP_10689,The automated emergency fire suppression sprinklers in the main book stack area went off falsely.,Library,Critical
CMP_10690,Complete network outage across the entire Hostel 5 block preventing project submissions.,Internet,High
CMP_10691,The study lamp socket on table 4 is not drawing any power.,Electricity,Low
CMP_10692,One of the external streetlights near the parking lot is flickering.,Security,Low
CMP_10693,The balcony railing on the first floor of Girls Hostel Block C is completely detached and hanging.,Hostel,Critical
CMP_10694,the automated book search kiosk terminal is rally running extremely slowly.,Library,Low
CMP_10695,WiFi keeps disconnecting every 30 minutes in the common room.,Internet,Low
CMP_10696,The college bus broke down in the middle of a deserted highway during an intercity trip.,Transport,High
CMP_10697,Bedbugs found in the mattress provided in room 597 of Girls Hostel Block D.,Hostel,Medium
CMP_10698,The study lamp socket on table 2 is not drawing any power.,Electricity,Low
CMP_10699,The seat covers on campus bus number Shuttle-A are torn and dirty.,Transport,Low
CMP_10700,An armed intruder managed to scale the boundary wall and enter the girls' hostel campus.,Security,Critical
CMP_10701,The seat covers on campus bus number B-04 are torn and dirty.,Transport,Low
CMP_10702,One of the three tube lights in room 475 has fused.,Electricity,Low
CMP_10703,Bedbugs found in the mattress provided in room 418 of Girls Hostel Block C.,Hostel,Medium
CMP_10704,The projector screen in classroom 548 is manually jammed and won't roll down smoothly.,Academic,Low
CMP_10705,The washbasin tap in room 495 is dripping slowly continuously.,Plumbing,Low
CMP_10706,"The floodlights on the football ground are not turning on, stopping evening practice.",Sports,Medium
CMP_10707,The waiting time at the campus health center exceeded an hour for a routine checkup.,Medical,Low
CMP_10708,The college bus broke down in the middle of a deserted highway during an intercity trip.,Transport,High
CMP_10709,A critical cardiac emergency occurred at the sports arena and the emergency response was delayed.,Medical,Critical
CMP_10710,A group of outsiders are picking fights and ragging students outside the main campus gate.,Security,High
CMP_10711,A group of outsiders are picking fights and ragging students outside the main campus gate.,Security,High
CMP_10712,"The library structural pillars in the basement are showing deep cracks, causing panic.",Library,Critical
CMP_10713,The projector screen in classroom 305 is manually jammed and won't roll down smoothly.,Academic,Low
CMP_10714,A professor is refusing to accept legitimate medical certificates for mandatory attendance criteria.,Academic,High
CMP_10715,Rainwater is rally leaking from the roof directly onto the rare manuscript and book archive section.,Library,High
CMP_10716,The weight scale machine at the triage counter shows incorrect calibration metrics.,Medical,Low
CMP_10717,The driver of route B-07 was driving extremely recklessly and speeding over speed bumps.,Transport,High
CMP_10718,an unidentified suspicious outsider entered the hostel premises without authorization or id check.,Security,High
CMP_10719,Live naked electric wires are exposed in the hallway of the fourth floor near the water cooler.,Electricity,Critical
CMP_10720,an entire batch's official physical final marksheets and degree registry files were destroyed.,Academic,Critical
CMP_10721,The study lamp socket on table 12 is not drawing any power.,Electricity,Low
CMP_10722,A group of outsiders are picking fights and ragging students outside the main campus gate.,Security,High
CMP_10723,The online portal failed to register the elective course preferences due to a script error.,Academic,Medium
CMP_10724,The page load time for the student portal is rally very high on the campus network.,Internet,Low
CMP_10725,The nylon net on the basketball hoop is torn and needs replacement.,Sports,Low
CMP_10726,More than 15 students have reported severe stomach aches and vomiting after eating at the mess.,Mess,High
CMP_10727,Water drain in the common washroom is slow to clear.,Plumbing,Low
CMP_10728,Frequent voltage fluctuations in PG Married Hostel are causing laptops to restart continuously.,Electricity,Medium
CMP_10729,The window latch in room 525 is loose and needs to be tightened.,Hostel,Low
CMP_10730,The evening shuttle bus arrived 20 minutes later than the scheduled timetable.,Transport,Low
CMP_10731,"The morning campus bus is rally severely overcrowded, forcing students to stand on the footboard.",Transport,Medium
CMP_10732,The mouse attached to computer terminal 1 in the computer lab is malfunctioning.,Laboratory,Low
CMP_10733,A professor is refusing to accept legitimate medical certificates for mandatory attendance criteria.,Academic,High
CMP_10734,Essential primary medicines like paracetamol and antacids are out of stock at the pharmacy.,Medical,Medium
CMP_10735,A group of outsiders are picking fights and ragging students outside the main campus gate.,Security,High
CMP_10736,"An emergency patient arrived, but the campus ambulance oxygen cylinder was found empty.",Medical,High
CMP_10737,The exam paper leaked online an hour prior to the scheduled examination schedule.,Academic,High
CMP_10738,The main fiber optic line to the engineering department block was cut during construction work.,Internet,Critical
CMP_10739,A professor is refusing to accept legitimate medical certificates for mandatory attendance criteria.,Academic,High
CMP_10740,the washbasin tap in room 247 is rally dripping slowly continuously.,Plumbing,Low
CMP_10741,The plates and spoons provided in the dining hall are sticky and oily.,Mess,Low
CMP_10742,The drinking water dispenser in the mess area has a strange muddy taste.,Mess,Medium
CMP_10743,The biosafety cabinet ventilation failed while handling pathogenic bacterial samples.,Laboratory,Critical
CMP_10744,The barcode scanner at the return counter is failing to scan books quickly.,Library,Low
CMP_10745,More than 15 students have reported severe stomach aches and vomiting after eating at the mess.,Mess,High
CMP_10746,An entire batch's official physical final marksheets and degree registry files were destroyed.,Academic,Critical
CMP_10747,The college bus broke down in the middle of a deserted highway during an intercity trip.,Transport,High
CMP_10748,The automated book search kiosk terminal is running extremely slowly.,Library,Low
CMP_10749,one of the external streetlights near the parking lot is flickering.,Security,Low
CMP_10750,A bicycle locked near block Hostel 9 was stolen during broad daylight.,Security,Medium
CMP_10751,The seat covers on campus bus number Shuttle-A are torn and dirty.,Transport,Low
CMP_10752,The automated book search kiosk terminal is running extremely slowly.,Library,Low
CMP_10753,An unidentified suspicious outsider entered the hostel premises without authorization or ID check.,Security,High
CMP_10754,The automated emergency fire suppression sprinklers in the main book stack area went off falsely.,Library,Critical
CMP_10755,a gas cylinder regulator valve in the chemical laboratory is jammed and leaking a distinct smell.,Laboratory,High
CMP_10756,The exam paper leaked online an hour prior to the scheduled examination schedule.,Academic,High
CMP_10757,WiFi keeps disconnecting every 30 minutes in the common room.,Internet,Low
CMP_10758,The window latch in room 424 is loose and needs to be tightened.,Hostel,Low
CMP_10759,The elevator in Girls Hostel Block D is jerking badly while moving between floors.,Hostel,Medium
CMP_10760,The weight scale machine at the triage counter shows incorrect calibration metrics.,Medical,Low
CMP_10761,A student is unconscious and unresponsive in room 291 following a sudden seizure.,Medical,Critical
CMP_10762,The automated book search kiosk terminal is running extremely slowly.,Library,Low
CMP_10763,Mass scale technical malpractice detected during the online proctored placement exams.,Academic,Critical
CMP_10764,An entire batch's official physical final marksheets and degree registry files were destroyed.,Academic,Critical
CMP_10765,"The main water pipeline has burst, causing massive flooding in the basement of Girls Hostel Block D.",Plumbing,High
CMP_10766,"An emergency patient arrived, but the campus ambulance oxygen cylinder was found empty.",Medical,High
CMP_10767,Mass scale technical malpractice detected during the online proctored placement exams.,Academic,Critical
CMP_10768,the page load time for the student portal is very high on the campus network.,Internet,Low
CMP_10769,A major collision involving the university transport bus occurred near the main city crossing.,Transport,Critical
CMP_10770,"The main water pipeline has burst, causing massive flooding in the basement of Boys Hostel Block B.",Plumbing,High
CMP_10771,The evening shuttle bus arrived 20 minutes later than the scheduled timetable.,Transport,Low
CMP_10772,"A large chunk of plaster fell from the ceiling in room 292, narrowly missing a student.",Hostel,Critical
CMP_10773,Bedbugs found in the mattress provided in room 342 of Boys Hostel Block B.,Hostel,Medium
CMP_10774,The study lamp socket on table 24 is not drawing any power.,Electricity,Low
CMP_10775,A student is unconscious and unresponsive in room 243 following a sudden seizure.,Medical,Critical
CMP_10776,The whiteboard markers provided to professors are mostly dried up and unreadable.,Academic,Low
CMP_10777,The window latch in room 378 is loose and needs to be tightened.,Hostel,Low
CMP_10778,a gas cylinder regulator valve in the chemical laboratory is jammed and leaking a distinct smell.,Laboratory,High
CMP_10779,A professor is rally refusing to accept legitimate medical certificates for mandatory attendance criteria.,Academic,High
CMP_10780,The main circuit breaker keeps tripping every time the air conditioner is turned on.,Electricity,High
CMP_10781,"The library structural pillars in the basement are showing deep cracks, causing panic.",Library,Critical
CMP_10782,The seat covers on campus bus number B-12 are torn and dirty.,Transport,Low
CMP_10783,A professor is refusing to accept legitimate medical certificates for mandatory attendance criteria.,Academic,High
CMP_10784,The washbasin tap in room 299 is dripping slowly continuously.,Plumbing,Low
CMP_10785,The barcode scanner at the return counter is failing to scan books quickly.,Library,Low
CMP_10786,The automated emergency fire suppression sprinklers in the main book stack area went off falsely.,Library,Critical
CMP_10787,The washbasin tap in room 576 is dripping slowly continuously.,Plumbing,Low
CMP_10788,An unidentified suspicious outsider entered the hostel premises without authorization or ID check.,Security,High
CMP_10789,An unidentified suspicious outsider entered the hostel premises without authorization or ID check.,Security,High
CMP_10790,A violent physical brawl broke out between two large student groups in the main corridor.,Security,Critical
CMP_10791,"The library structural pillars in the basement are showing deep cracks, causing panic.",Library,Critical
CMP_10792,The grip tape on the badminton racquets in the inventory is completely worn out.,Sports,Low
CMP_10793,Mass scale technical malpractice detected during the online proctored placement exams.,Academic,Critical
CMP_10794,Rainwater is rally leaking from the roof directly onto the rare manuscript and book archive section.,Library,High
CMP_10795,The barcode scanner at the return counter is failing to scan books quickly.,Library,Low
CMP_10796,lan connection port in room 217 is physically damaged and loose.,Internet,Medium
CMP_10797,The seat covers on campus bus number B-01 are torn and dirty.,Transport,Low
CMP_10798,The glass burettes in the chemistry lab have faint graduation marks that are hard to read.,Laboratory,Low
CMP_10799,The study lamp socket on table 32 is not drawing any power.,Electricity,Low
CMP_10800,a dangerous chemical spill of concentrated sulfuric acid occurred on bench 5.,Laboratory,Critical
CMP_10801,The on-duty doctor was absent during the specified night shift hours at the clinic.,Medical,High
CMP_10802,the air conditioning in the long-route university bus number b-01 is completely broken.,Transport,Medium
CMP_10803,The weight scale machine at the triage counter shows incorrect calibration metrics.,Medical,Low
CMP_10804,Live naked electric wires are exposed in the hallway of the third floor near the water cooler.,Electricity,Critical
CMP_10805,"The library structural pillars in the basement are showing deep cracks, causing panic.",Library,Critical
CMP_10806,The drinking water dispenser in the mess area has a strange muddy taste.,Mess,Medium
CMP_10807,The page load time for the student portal is very high on the campus network.,Internet,Low
CMP_10808,A caterpillar and dead flies were found in the vegetable curry served during dinner.,Mess,High
CMP_10809,Complete power blackout in the entire wing of Hostel 5 for over 6 hours.,Electricity,High
CMP_10810,The whiteboard markers provided to professors are mostly dried up and unreadable.,Academic,Low
CMP_10811,The window latch in room 208 is loose and needs to be tightened.,Hostel,Low
CMP_10812,Rainwater is leaking from the roof directly onto the rare manuscript and book archive section.,Library,High
CMP_10813,The page load time for the student portal is very high on the campus network.,Internet,Low
CMP_10814,"the quality of the lunch provided today was extremely poor, the rice was half-cooked.",Mess,Medium
CMP_10815,"the overhead water tank is overflowing heavily, leaking directly into the main electric generator room.",Plumbing,Critical
CMP_10816,a student is unconscious and unresponsive in room 378 following a sudden seizure.,Medical,Critical
CMP_10817,Firewalls are blocking access to critical academic research servers and repository sites entirely.,Internet,Critical
CMP_10818,The cooking staff are using severely expired ingredients and rotten meat in the kitchen.,Mess,Critical
CMP_10819,The page load time for the student portal is very high on the campus network.,Internet,Low
CMP_10820,Complete power blackout in the entire wing of Hostel 9 for over 6 hours.,Electricity,High
CMP_10821,"The quality of the lunch provided today was extremely poor, the rice was half-cooked.",Mess,Medium
CMP_10822,"The spectator stands collapsed during the annual track event, injuring several onlookers.",Sports,Critical
CMP_10823,The exam paper leaked online an hour prior to the scheduled examination schedule.,Academic,High
CMP_10824,oscilloscope number 12 in the electronics lab shows a distorted calibration line.,Laboratory,Medium
CMP_10825,The digital thermometer at the campus clinic is out of battery and not replaced.,Medical,Medium
CMP_10826,one of the three tube lights in room 157 has fused.,Electricity,Low
CMP_10827,More than 15 students have reported severe stomach aches and vomiting after eating at the mess.,Mess,High
CMP_10828,The WiFi network speed in Girls Hostel Block D has dropped below 1 Mbps since yesterday.,Internet,Medium
CMP_10829,The page load time for the student portal is rally very high on the campus network.,Internet,Low
CMP_10830,Oscilloscope number 2 in the electronics lab shows a distorted calibration line.,Laboratory,Medium
CMP_10831,"The swimming pool water is rally green, murky, and causing skin rashes due to lack of filtration.",Sports,High
CMP_10832,The fume hood in the organic chemistry lab has very weak suction and ventilation.,Laboratory,Medium
CMP_10833,"The library structural pillars in the basement are showing deep cracks, causing panic.",Library,Critical
CMP_10834,The window latch in room 163 is loose and needs to be tightened.,Hostel,Low
CMP_10835,The biosafety cabinet ventilation failed while handling pathogenic bacterial samples.,Laboratory,Critical
CMP_10836,The nylon net on the basketball hoop is torn and needs replacement.,Sports,Low
CMP_10837,"The spectator stands collapsed during the annual track event, injuring several onlookers.",Sports,Critical
CMP_10838,The projector screen in classroom 112 is rally manually jammed and won't roll down smoothly.,Academic,Low
CMP_10839,Frequent voltage fluctuations in Hostel 5 are causing laptops to restart continuously.,Electricity,Medium
CMP_10840,"the air conditioning system in the reading room is turned off, making it suffocating.",Library,Medium
CMP_10841,A professor is refusing to accept legitimate medical certificates for mandatory attendance criteria.,Academic,High
CMP_10842,the grades for the semester final exams haven't been updated even after 3 weeks of submission.,Academic,Medium
CMP_10843,Sewage backflow coming out of the floor drains in the ground floor bathrooms.,Plumbing,Critical
CMP_10844,The evening shuttle bus arrived 20 minutes later than the scheduled timetable.,Transport,Low
CMP_10845,a group of outsiders are picking fights and ragging students outside the main campus gate.,Security,High
CMP_10846,Toxic chemical cleaning agent accidentally spilled into the major cooking vessel containing soup.,Mess,Critical
CMP_10847,Frequent voltage fluctuations in Boys Hostel Block A are causing laptops to restart continuously.,Electricity,Medium
CMP_10848,WiFi keeps disconnecting every 30 minutes in the common room.,Internet,Low
CMP_10849,"The swimming pool water is green, murky, and causing skin rashes due to lack of filtration.",Sports,High
CMP_10850,The glass burettes in the chemistry lab have faint graduation marks that are hard to read.,Laboratory,Low
CMP_10851,The biosafety cabinet ventilation failed while handling pathogenic bacterial samples.,Laboratory,Critical
CMP_10852,The digital library portal is completely inaccessible right before the mid-term examinations.,Library,High
CMP_10853,The evening shuttle bus arrived 20 minutes later than the scheduled timetable.,Transport,Low
CMP_10854,Oscilloscope number 23 in the electronics lab shows a distorted calibration line.,Laboratory,Medium
CMP_10855,The indoor gym equipment cable snapped while a student was lifting heavy weights.,Sports,High
CMP_10856,An armed intruder managed to scale the boundary wall and enter the girls' hostel campus.,Security,Critical
CMP_10857,the main circuit breaker keeps tripping every time the air conditioner is turned on.,Electricity,High
CMP_10858,The online portal failed to register the elective course preferences due to a script error.,Academic,Medium
CMP_10859,The whiteboard markers provided to professors are mostly dried up and unreadable.,Academic,Low
CMP_10860,"The main water pipeline has burst, causing massive flooding in the basement of PG Married Hostel.",Plumbing,High
CMP_10861,The fume hood in the organic chemistry lab has very weak suction and ventilation.,Laboratory,Medium
CMP_10862,the breakfast was served cold today at the counter.,Mess,Low
CMP_10863,"the overhead water tank is overflowing heavily, leaking directly into the main electric generator room.",Plumbing,Critical
CMP_10864,The study lamp socket on table 16 is rally nt drawing any power.,Electricity,Low
CMP_10865,The grip tape on the badminton racquets in the inventory is completely worn out.,Sports,Low
CMP_10866,The projector screen in classroom 128 is manually jammed and won't roll down smoothly.,Academic,Low
CMP_10867,The grip tape on the badminton racquets in the inventory is completely worn out.,Sports,Low
CMP_10868,Live naked electric wires are exposed in the hallway of the fourth floor near the water cooler.,Electricity,Critical
CMP_10869,"The corridor lights on the first floor are not working, making it pitch dark at night.",Electricity,Medium
CMP_10870,Firewalls are blocking access to critical academic research servers and repository sites entirely.,Internet,Critical
CMP_10871,The washbasin tap in room 287 is dripping slowly continuously.,Plumbing,Low
CMP_10872,"The main water pipeline has burst, causing massive flooding in the basement of Hostel 9.",Plumbing,High
CMP_10873,WiFi keeps disconnecting every 30 minutes in the common room.,Internet,Low
CMP_10874,LAN connection port in room 536 is rally physically damaged and loose.,Internet,Medium
CMP_10875,the online portal failed to register the elective course preferences due to a script error.,Academic,Medium
CMP_10876,Sewage backflow coming out of the floor drains in the ground floor bathrooms.,Plumbing,Critical
CMP_10877,a violent physical brawl broke out between two large student groups in the main corridor.,Security,Critical
CMP_10878,A bicycle locked near block Girls Hostel Block D was stolen during broad daylight.,Security,Medium
CMP_10879,Severe water leakage from the ceiling in room 156 damaging personal belongings.,Hostel,High
CMP_10880,the nylon net on the basketball hoop is torn and needs replacement.,Sports,Low
CMP_10881,A major collision involving the university transport bus occurred near the main city crossing.,Transport,Critical
CMP_10882,The digital library portal is completely inaccessible right before the mid-term examinations.,Library,High
CMP_10883,The digital library portal is completely inaccessible right before the mid-term examinations.,Library,High
CMP_10884,An armed intruder managed to scale the boundary wall and enter the girls' hostel campus.,Security,Critical
CMP_10885,A violent physical brawl broke out between two large student groups in the main corridor.,Security,Critical
CMP_10886,The window latch in room 333 is loose and needs to be tightened.,Hostel,Low
CMP_10887,The grades for the semester final exams haven't been updated even after 3 weeks of submission.,Academic,Medium
CMP_10888,More than 15 students have reported severe stomach aches and vomiting after eating at the mess.,Mess,High
CMP_10889,The toilet flush mechanism in bathroom 1 is rally broken and nt workin.,Plumbing,Medium
CMP_10890,The automated book search kiosk terminal is running extremely slowly.,Library,Low
CMP_10891,The study lamp socket on table 5 is not drawing any power.,Electricity,Low
CMP_10892,The main circuit breaker keeps tripping every time the air conditioner is turned on.,Electricity,High
CMP_10893,"A heavy steel goalpost tip-over occurred, pinning a student player to the ground.",Sports,Critical
CMP_10894,A professor is refusing to accept legitimate medical certificates for mandatory attendance criteria.,Academic,High
CMP_10895,Sparking and a burning plastic smell coming from the distribution board near room 402.,Electricity,Critical
CMP_10896,A bicycle locked near block Boys Hostel Block A was stolen during broad daylight.,Security,Medium
CMP_10897,the drinking water dispenser in the mess area has a strange muddy taste.,Mess,Medium
CMP_10898,The CCTV camera covering the main entrance of PG Married Hostel is out of focus and blurred.,Security,Medium
CMP_10899,Bedbugs found in the mattress provided in room 424 of Girls Hostel Block C.,Hostel,Medium
CMP_10900,The main server rack hosting all student terminal virtual machines has crashed entirely.,Laboratory,High
CMP_10901,"The synthetic track surface near the curve has peeled off, posing a tripping hazard.",Sports,Medium
CMP_10902,A bicycle locked near block Boys Hostel Block B was stolen during broad daylight.,Security,Medium
CMP_10903,the online portal failed to register the elective course preferences due to a script error.,Academic,Medium
CMP_10904,A critical cardiac emergency occurred at the sports arena and the emergency response was delayed.,Medical,Critical
CMP_10905,"The spectator stands collapsed during the annual track event, injuring several onlookers.",Sports,Critical
CMP_10906,The drinking water dispenser in the mess area has a strange muddy taste.,Mess,Medium
CMP_10907,"The floodlights on the football ground are not turning on, stopping evening practice.",Sports,Medium
CMP_10908,The mouse attached to computer terminal 31 in the computer lab is malfunctioning.,Laboratory,Low
CMP_10909,The page load time for the student portal is very high on the campus network.,Internet,Low
CMP_10910,Water drain in the common washroom is slow to clear.,Plumbing,Low
CMP_10911,The main circuit breaker keeps tripping every time the air conditioner is turned on.,Electricity,High
CMP_10912,The biosafety cabinet ventilation failed while handling pathogenic bacterial samples.,Laboratory,Critical
CMP_10913,Oscilloscope number 38 in the electronics lab shows a distorted calibration line.,Laboratory,Medium
CMP_10914,"The floodlights on the football ground are not turning on, stopping evening practice.",Sports,Medium
CMP_10915,An armed intruder managed to scale the boundary wall and enter the girls' hostel campus.,Security,Critical
CMP_10916,Rainwater is leaking from the roof directly onto the rare manuscript and book archive section.,Library,High
CMP_10917,The driver of route B-07 was driving extremely recklessly and speeding over speed bumps.,Transport,High
CMP_10918,Rainwater is leaking from the roof directly onto the rare manuscript and book archive section.,Library,High
CMP_10919,wifi keeps disconnecting every 30 minutes in the common room.,Internet,Low
CMP_10920,Oscilloscope number 3 in the electronics lab shows a distorted calibration line.,Laboratory,Medium
CMP_10921,the plates and spoons provided in the dining hall are sticky and oily.,Mess,Low
CMP_10922,The whiteboard markers provided to professors are mostly dried up and unreadable.,Academic,Low
CMP_10923,The window latch in room 425 is loose and needs to be tightened.,Hostel,Low
CMP_10924,one of the external streetlights near the parking lot is flickering.,Security,Low
CMP_10925,An entire batch's official physical final marksheets and degree registry files were destroyed.,Academic,Critical
CMP_10926,Water drain in the common washroom is slow to clear.,Plumbing,Low
CMP_10927,The indoor gym equipment cable snapped while a student was lifting heavy weights.,Sports,High
CMP_10928,The fume hood in the organic chemistry lab has very weak suction and ventilation.,Laboratory,Medium
CMP_10929,More than 15 students have reported severe stomach aches and vomiting after eating at the mess.,Mess,High
CMP_10930,Bedbugs found in the mattress provided in room 458 of Girls Hostel Block C.,Hostel,Medium
CMP_10931,The indoor gym equipment cable snapped while a student was lifting heavy weights.,Sports,High
CMP_10932,"The air conditioning system in the reading room is turned off, making it suffocating.",Library,Medium
CMP_10933,A bicycle locked near block PG Married Hostel was stolen during broad daylight.,Security,Medium
CMP_10934,"The main water pipeline has burst, causing massive flooding in the basement of Boys Hostel Block A.",Plumbing,High
CMP_10935,Essential primary medicines like paracetamol and antacids are out of stock at the pharmacy.,Medical,Medium
CMP_10936,"The spectator stands collapsed during the annual track event, injuring several onlookers.",Sports,Critical
CMP_10937,the brakes of campus bus number b-04 failed completely while descending the hill road.,Transport,Critical
CMP_10938,"the spectator stands collapsed during the annual track event, injuring several onlookers.",Sports,Critical
CMP_10939,The on-duty doctor was absent during the specified night shift hours at the clinic.,Medical,High
CMP_10940,frequent voltage fluctuations in girls hostel block c are causing laptops to restart continuously.,Electricity,Medium
CMP_10941,"A heavy steel goalpost tip-over occurred, pinning a student player to the ground.",Sports,Critical
CMP_10942,Mass scale technical malpractice detected during the online proctored placement exams.,Academic,Critical
CMP_10943,no hot water supply in the showers of pg married hostel during early morning hours.,Plumbing,Medium
CMP_10944,The main fiber optic line to the engineering department block was cut during construction work.,Internet,Critical
CMP_10945,The digital library portal is completely inaccessible right before the mid-term examinations.,Library,High
CMP_10946,Severe water leakage from the ceiling in room 565 damaging personal belongings.,Hostel,High
CMP_10947,Rainwater is leaking from the roof directly onto the rare manuscript and book archive section.,Library,High
CMP_10948,The plates and spoons provided in the dining hall are sticky and oily.,Mess,Low
CMP_10949,The mouse attached to computer terminal 29 in the computer lab is malfunctioning.,Laboratory,Low
CMP_10950,The plates and spoons provided in the dining hall are sticky and oily.,Mess,Low
CMP_10951,A group of outsiders are picking fights and ragging students outside the main campus gate.,Security,High
CMP_10952,Sewage backflow coming out of the floor drains in the ground floor bathrooms.,Plumbing,Critical
CMP_10953,the college bus broke down in the middle of a deserted highway during an intercity trip.,Transport,High
CMP_10954,A professor is refusing to accept legitimate medical certificates for mandatory attendance criteria.,Academic,High
CMP_10955,The automated emergency fire suppression sprinklers in the main book stack area went off falsely.,Library,Critical
CMP_10956,Several pages are torn or missing from the core reference book for course code CH-111.,Library,Medium
CMP_10957,One of the three tube lights in room 483 has fused.,Electricity,Low
CMP_10958,The nylon net on the basketball hoop is torn and needs replacement.,Sports,Low
CMP_10959,"An emergency patient arrived, but the campus ambulance oxygen cylinder was found empty.",Medical,High
CMP_10960,A student is unconscious and unresponsive in room 595 following a sudden seizure.,Medical,Critical
CMP_10961,the breakfast was served cold today at the counter.,Mess,Low
CMP_10962,A student is rally unconscious and unresponsive in room 348 following a sudden seizure.,Medical,Critical
CMP_10963,The main server rack hosting all student terminal virtual machines has crashed entirely.,Laboratory,High
CMP_10964,"The spectator stands collapsed during the annual track event, injuring several onlookers.",Sports,Critical
CMP_10965,The washbasin tap in room 148 is dripping slowly continuously.,Plumbing,Low
CMP_10966,The biosafety cabinet ventilation failed while handling pathogenic bacterial samples.,Laboratory,Critical
CMP_10967,Complete network outage across the entire Hostel 5 block preventing project submissions.,Internet,High
CMP_10968,the weight scale machine at the triage counter shows incorrect calibration metrics.,Medical,Low
CMP_10969,"The air conditioning system in the reading room is rally turned off, making it suffocating.",Library,Medium
CMP_10970,"the overhead water tank is overflowing heavily, leaking directly into the main electric generator room.",Plumbing,Critical
CMP_10971,the seat covers on campus bus number shuttle-a are torn and dirty.,Transport,Low
CMP_10972,The mouse attached to computer terminal 25 in the computer lab is malfunctioning.,Laboratory,Low
CMP_10973,The window latch in room 518 is loose and needs to be tightened.,Hostel,Low
CMP_10974,Sparking and a burning plastic smell coming from the distribution board near room 536.,Electricity,Critical
CMP_10975,The balcony railing on the fourth floor of Hostel 5 is completely detached and hanging.,Hostel,Critical
CMP_10976,"The swimming pool water is rally green, murky, and causing skin rashes due to lack of filtration.",Sports,High
CMP_10977,The toilet flush mechanism in bathroom 3 is broken and not working.,Plumbing,Medium
CMP_10978,The main fiber optic line to the engineering department block was cut during construction work.,Internet,Critical
CMP_10979,The window latch in room 389 is loose and needs to be tightened.,Hostel,Low
CMP_10980,No hot water supply in the showers of PG Married Hostel during early morning hours.,Plumbing,Medium
CMP_10981,The glass burettes in the chemistry lab have faint graduation marks that are hard to read.,Laboratory,Low
CMP_10982,The projector screen in classroom 361 is manually jammed and won't roll down smoothly.,Academic,Low
CMP_10983,A major collision involving the university transport bus occurred near the main city crossing.,Transport,Critical
CMP_10984,"The swimming pool water is green, murky, and causing skin rashes due to lack of filtration.",Sports,High
CMP_10985,The automated book search kiosk terminal is running extremely slowly.,Library,Low
CMP_10986,"An emergency patient arrived, but the campus ambulance oxygen cylinder was found empty.",Medical,High
CMP_10987,The glass burettes in the chemistry lab have faint graduation marks that are hard to read.,Laboratory,Low
CMP_10988,"The morning campus bus is rally severely overcrowded, forcing students to stand on the footboard.",Transport,Medium
CMP_10989,"A heavy steel goalpost tip-over occurred, pinning a student player to the ground.",Sports,Critical
CMP_10990,One of the three tube lights in room 206 has fused.,Electricity,Low
CMP_10991,A gas cylinder regulator valve in the chemical laboratory is jammed and leaking a distinct smell.,Laboratory,High
CMP_10992,The air conditioning in the long-route university bus number Shuttle-A is completely broken.,Transport,Medium
CMP_10993,Essential primary medicines like paracetamol and antacids are out of stock at the pharmacy.,Medical,Medium
CMP_10994,A caterpillar and dead flies were found in the vegetable curry served during dinner.,Mess,High
CMP_10995,The online portal failed to register the elective course preferences due to a script error.,Academic,Medium
CMP_10996,"The floodlights on the football ground are not turning on, stopping evening practice.",Sports,Medium
CMP_10997,a major collision involving the university transport bus occurred near the main city crossing.,Transport,Critical
CMP_10998,The barcode scanner at the return counter is rally failing to scan books quickly.,Library,Low
CMP_10999,no hot water supply in the showers of hostel 5 during early morning hours.,Plumbing,Medium
CMP_11000,Sewage backflow coming out of the floor drains in the ground floor bathrooms.,Plumbing,Critical
CMP_11001,The air conditioning in the long-route university bus number B-12 is rally completely broken.,Transport,Medium
CMP_11002,"The corridor lights on the fourth floor are nt workin, making it pitch dark at night.",Electricity,Medium
CMP_11003,Essential primary medicines like paracetamol and antacids are out of stock at the pharmacy.,Medical,Medium
CMP_11004,The breakfast was served cold today at the counter.,Mess,Low
CMP_11005,"The floodlights on the football ground are nt turning on, stopping evening practice.",Sports,Medium
CMP_11006,"The air conditioning system in the reading room is turned off, making it suffocating.",Library,Medium
CMP_11007,"An emergency patient arrived, but the campus ambulance oxygen cylinder was found empty.",Medical,High
CMP_11008,The balcony railing on the fourth floor of Girls Hostel Block D is completely detached and hanging.,Hostel,Critical
CMP_11009,The cooking staff are using severely expired ingredients and rotten meat in the kitchen.,Mess,Critical
CMP_11010,The waiting time at the campus health center exceeded an hour for a routine checkup.,Medical,Low
CMP_11011,The study lamp socket on table 28 is not drawing any power.,Electricity,Low
CMP_11012,Firewalls are blocking access to critical academic research servers and repository sites entirely.,Internet,Critical
CMP_11013,The weight scale machine at the triage counter shows incorrect calibration metrics.,Medical,Low
CMP_11014,The main circuit breaker keeps tripping every time the air conditioner is turned on.,Electricity,High
CMP_11015,The grip tape on the badminton racquets in the inventory is completely worn out.,Sports,Low
CMP_11016,"The quality of the lunch provided today was extremely poor, the rice was half-cooked.",Mess,Medium
CMP_11017,The toilet flush mechanism in bathroom 1 is broken and not working.,Plumbing,Medium
CMP_11018,The toilet flush mechanism in bathroom 3 is broken and not working.,Plumbing,Medium
CMP_11019,The exam paper leaked online an hour prior to the scheduled examination schedule.,Academic,High
CMP_11020,The fume hood in the organic chemistry lab has very weak suction and ventilation.,Laboratory,Medium
CMP_11021,The barcode scanner at the return counter is failing to scan books quickly.,Library,Low
CMP_11022,A critical cardiac emergency occurred at the sports arena and the emergency response was delayed.,Medical,Critical
CMP_11023,Mass scale technical malpractice detected during the online proctored placement exams.,Academic,Critical
CMP_11024,The nylon net on the basketball hoop is torn and needs replacement.,Sports,Low
CMP_11025,The brakes of campus bus number B-01 failed completely while descending the hill road.,Transport,Critical
CMP_11026,An unidentified suspicious outsider entered the hostel premises without authorization or ID check.,Security,High
CMP_11027,The weight scale machine at the triage counter shows incorrect calibration metrics.,Medical,Low
CMP_11028,A dangerous chemical spill of concentrated sulfuric acid occurred on bench 4.,Laboratory,Critical
CMP_11029,The nylon net on the basketball hoop is torn and needs replacement.,Sports,Low
CMP_11030,the evening shuttle bus arrived 20 minutes later than the scheduled timetable.,Transport,Low
CMP_11031,Oscilloscope number 13 in the electronics lab shows a distorted calibration line.,Laboratory,Medium
CMP_11032,The cooking staff are using severely expired ingredients and rotten meat in the kitchen.,Mess,Critical
CMP_11033,The nylon net on the basketball hoop is torn and needs replacement.,Sports,Low
CMP_11034,Water drain in the common washroom is slow to clear.,Plumbing,Low
CMP_11035,the cooking staff are using severely expired ingredients and rotten meat in the kitchen.,Mess,Critical
CMP_11036,The elevator in Hostel 5 is jerking badly while moving between floors.,Hostel,Medium
CMP_11037,Toxic chemical cleaning agent accidentally spilled into the major cooking vessel containing soup.,Mess,Critical
CMP_11038,The nylon net on the basketball hoop is torn and needs replacement.,Sports,Low
CMP_11039,An armed intruder managed to scale the boundary wall and enter the girls' hostel campus.,Security,Critical
CMP_11040,Several pages are torn or missing from the core reference book for course code CH-111.,Library,Medium
CMP_11041,The whiteboard markers provided to professors are mostly dried up and unreadable.,Academic,Low
CMP_11042,The elevator in Boys Hostel Block A is jerking badly while moving between floors.,Hostel,Medium
CMP_11043,The fume hood in the organic chemistry lab has very weak suction and ventilation.,Laboratory,Medium
CMP_11044,Complete lack of running water in the entire hostel building since morning.,Plumbing,High
CMP_11045,Sparking and a burning plastic smell coming from the distribution board near room 533.,Electricity,Critical
CMP_11046,One of the three tube lights in room 399 has fused.,Electricity,Low
CMP_11047,The digital library portal is completely inaccessible right before the mid-term examinations.,Library,High
CMP_11048,Sewage backflow coming out of the floor drains in the ground floor bathrooms.,Plumbing,Critical
CMP_11049,"The spectator stands collapsed during the annual track event, injuring several onlookers.",Sports,Critical
CMP_11050,"The main water pipeline has burst, causing massive flooding in the basement of Boys Hostel Block A.",Plumbing,High
CMP_11051,more than 15 students have reported severe stomach aches and vomiting after eating at the mess.,Mess,High
CMP_11052,The automated book search kiosk terminal is running extremely slowly.,Library,Low
CMP_11053,The balcony railing on the fourth floor of PG Married Hostel is completely detached and hanging.,Hostel,Critical
CMP_11054,The automated book search kiosk terminal is rally running extremely slowly.,Library,Low
CMP_11055,A bicycle locked near block Hostel 9 was stolen during broad daylight.,Security,Medium
CMP_11056,An unidentified suspicious outsider entered the hostel premises without authorization or ID check.,Security,High
CMP_11057,the wifi network speed in hostel 5 has dropped below 1 mbps since yesterday.,Internet,Medium
CMP_11058,The biosafety cabinet ventilation failed while handling pathogenic bacterial samples.,Laboratory,Critical
CMP_11059,The breakfast was served cold today at the counter.,Mess,Low
CMP_11060,The seat covers on campus bus number B-04 are torn and dirty.,Transport,Low
CMP_11061,A professor is refusing to accept legitimate medical certificates for mandatory attendance criteria.,Academic,High
CMP_11062,The grades for the semester final exams haven't been updated even after 3 weeks of submission.,Academic,Medium
CMP_11063,The weight scale machine at the triage counter shows incorrect calibration metrics.,Medical,Low
CMP_11064,"The overhead water tank is rally overflowing heavily, leaking directly into the main electric generator room.",Plumbing,Critical
CMP_11065,Several pages are torn or missing from the core reference book for course code MA-201.,Library,Medium
CMP_11066,The online portal failed to register the elective course preferences due to a script error.,Academic,Medium
CMP_11067,A student is unconscious and unresponsive in room 547 following a sudden seizure.,Medical,Critical
CMP_11068,"An emergency patient arrived, but the campus ambulance oxygen cylinder was found empty.",Medical,High
CMP_11069,An unidentified suspicious outsider entered the hostel premises without authorization or ID check.,Security,High
CMP_11070,The WiFi network speed in Boys Hostel Block A has dropped below 1 Mbps since yesterday.,Internet,Medium
CMP_11071,"The authentication gateway server is down, preventing any student from logging into the internet.",Internet,High
CMP_11072,The washbasin tap in room 281 is rally dripping slowly continuously.,Plumbing,Low
CMP_11073,The mouse attached to computer terminal 34 in the computer lab is malfunctioning.,Laboratory,Low
CMP_11074,Sewage backflow coming out of the floor drains in the ground floor bathrooms.,Plumbing,Critical
CMP_11075,Toxic chemical cleaning agent accidentally spilled into the major cooking vessel containing soup.,Mess,Critical
CMP_11076,the plates and spoons provided in the dining hall are sticky and oily.,Mess,Low
CMP_11077,The college bus broke down in the middle of a deserted highway during an intercity trip.,Transport,High
CMP_11078,Water drain in the common washroom is slow to clear.,Plumbing,Low
CMP_11079,"The floodlights on the football ground are not turning on, stopping evening practice.",Sports,Medium
CMP_11080,Frequent voltage fluctuations in PG Married Hostel are causing laptops to restart continuously.,Electricity,Medium
CMP_11081,The automated emergency fire suppression sprinklers in the main book stack area went off falsely.,Library,Critical
CMP_11082,An entire batch's official physical final marksheets and degree registry files were destroyed.,Academic,Critical
CMP_11083,The whiteboard markers provided to professors are mostly dried up and unreadable.,Academic,Low
CMP_11084,The grades for the semester final exams haven't been updated even after 3 weeks of submission.,Academic,Medium
CMP_11085,The college bus broke down in the middle of a deserted highway during an intercity trip.,Transport,High
CMP_11086,Rainwater is leaking from the roof directly onto the rare manuscript and book archive section.,Library,High
CMP_11087,The mouse attached to computer terminal 26 in the computer lab is malfunctioning.,Laboratory,Low
CMP_11088,Oscilloscope number 19 in the electronics lab shows a distorted calibration line.,Laboratory,Medium
CMP_11089,The study lamp socket on table 14 is not drawing any power.,Electricity,Low
CMP_11090,The automated emergency fire suppression sprinklers in the main book stack area went off falsely.,Library,Critical
CMP_11091,The balcony railing on the second floor of Girls Hostel Block C is completely detached and hanging.,Hostel,Critical
CMP_11092,A gas cylinder regulator valve in the chemical laboratory is jammed and leaking a distinct smell.,Laboratory,High
CMP_11093,A group of outsiders are picking fights and ragging students outside the main campus gate.,Security,High
CMP_11094,the study lamp socket on table 38 is rally nt drawing any power.,Electricity,Low
CMP_11095,Oscilloscope number 28 in the electronics lab shows a distorted calibration line.,Laboratory,Medium
CMP_11096,Rainwater is leaking from the roof directly onto the rare manuscript and book archive section.,Library,High
CMP_11097,The fume hood in the organic chemistry lab has very weak suction and ventilation.,Laboratory,Medium
CMP_11098,"The morning campus bus is severely overcrowded, forcing students to stand on the footboard.",Transport,Medium
CMP_11099,One of the external streetlights near the parking lot is rally flickering.,Security,Low
CMP_11100,The evening shuttle bus arrived 20 minutes later than the scheduled timetable.,Transport,Low
CMP_11101,Bedbugs found in the mattress provided in room 269 of Girls Hostel Block C.,Hostel,Medium
CMP_11102,The grip tape on the badminton racquets in the inventory is completely worn out.,Sports,Low
CMP_11103,WiFi keeps disconnecting every 30 minutes in the common room.,Internet,Low
CMP_11104,A caterpillar and dead flies were found in the vegetable curry served during dinner.,Mess,High
CMP_11105,The brakes of campus bus number B-04 failed completely while descending the hill road.,Transport,Critical
CMP_11106,"The floodlights on the football ground are not turning on, stopping evening practice.",Sports,Medium
CMP_11107,Complete power blackout in the entire wing of Hostel 5 for over 6 hours.,Electricity,High
CMP_11108,The breakfast was served cold today at the counter.,Mess,Low
CMP_11109,The weight scale machine at the triage counter shows incorrect calibration metrics.,Medical,Low
CMP_11110,A caterpillar and dead flies were found in the vegetable curry served during dinner.,Mess,High
CMP_11111,"The overhead water tank is overflowing heavily, leaking directly into the main electric generator room.",Plumbing,Critical
CMP_11112,WiFi keeps disconnecting every 30 minutes in the common room.,Internet,Low
CMP_11113,The college bus broke down in the middle of a deserted highway during an intercity trip.,Transport,High
CMP_11114,the study lamp socket on table 19 is not drawing any power.,Electricity,Low
CMP_11115,Live naked electric wires are exposed in the hallway of the third floor near the water cooler.,Electricity,Critical
CMP_11116,The indoor gym equipment cable snapped while a student was lifting heavy weights.,Sports,High
CMP_11117,The automated emergency fire suppression sprinklers in the main book stack area went off falsely.,Library,Critical
CMP_11118,WiFi keeps disconnecting every 30 minutes in the common room.,Internet,Low
CMP_11119,The main fiber optic line to the engineering department block was cut during construction work.,Internet,Critical
CMP_11120,"a heavy steel goalpost tip-over occurred, pinning a student player to the ground.",Sports,Critical
CMP_11121,Complete network outage across the entire Girls Hostel Block C block preventing project submissions.,Internet,High
CMP_11122,The window latch in room 157 is loose and needs to be tightened.,Hostel,Low
CMP_11123,An unidentified suspicious outsider entered the hostel premises without authorization or ID check.,Security,High
CMP_11124,One of the three tube lights in room 143 has fused.,Electricity,Low
CMP_11125,The weight scale machine at the triage counter shows incorrect calibration metrics.,Medical,Low
CMP_11126,"The authentication gateway server is down, preventing any student from logging into the internet.",Internet,High
CMP_11127,"A heavy steel goalpost tip-over occurred, pinning a student player to the ground.",Sports,Critical
CMP_11128,The brakes of campus bus number B-07 failed completely while descending the hill road.,Transport,Critical
CMP_11129,Water drain in the common washroom is slow to clear.,Plumbing,Low
CMP_11130,Frequent voltage fluctuations in Girls Hostel Block C are causing laptops to restart continuously.,Electricity,Medium
CMP_11131,Frequent voltage fluctuations in Boys Hostel Block A are causing laptops to restart continuously.,Electricity,Medium
CMP_11132,"The overhead water tank is rally overflowing heavily, leaking directly into the main electric generator room.",Plumbing,Critical
CMP_11133,Rainwater is rally leaking from the roof directly onto the rare manuscript and book archive section.,Library,High
CMP_11134,WiFi keeps disconnecting every 30 minutes in the common room.,Internet,Low
CMP_11135,The plates and spoons provided in the dining hall are sticky and oily.,Mess,Low
CMP_11136,the biosafety cabinet ventilation failed while handling pathogenic bacterial samples.,Laboratory,Critical
CMP_11137,A professor is refusing to accept legitimate medical certificates for mandatory attendance criteria.,Academic,High
CMP_11138,The waiting time at the campus health center exceeded an hour for a routine checkup.,Medical,Low
CMP_11139,"A heavy steel goalpost tip-over occurred, pinning a student player to the ground.",Sports,Critical
CMP_11140,"The morning campus bus is severely overcrowded, forcing students to stand on the footboard.",Transport,Medium
CMP_11141,A bicycle locked near block Boys Hostel Block B was stolen during broad daylight.,Security,Medium
CMP_11142,Bedbugs found in the mattress provided in room 306 of Boys Hostel Block B.,Hostel,Medium
CMP_11143,The evening shuttle bus arrived 20 minutes later than the scheduled timetable.,Transport,Low
CMP_11144,"The corridor lights on the second floor are not working, making it pitch dark at night.",Electricity,Medium
CMP_11145,The waiting time at the campus health center exceeded an hour for a routine checkup.,Medical,Low
CMP_11146,"The synthetic track surface near the curve has peeled off, posing a tripping hazard.",Sports,Medium
CMP_11147,The college bus broke down in the middle of a deserted highway during an intercity trip.,Transport,High
CMP_11148,An entire batch's official physical final marksheets and degree registry files were destroyed.,Academic,Critical
CMP_11149,An armed intruder managed to scale the boundary wall and enter the girls' hostel campus.,Security,Critical
CMP_11150,The weight scale machine at the triage counter shows incorrect calibration metrics.,Medical,Low
CMP_11151,Sewage backflow coming out of the floor drains in the ground floor bathrooms.,Plumbing,Critical
CMP_11152,The WiFi network speed in Girls Hostel Block C has dropped below 1 Mbps since yesterday.,Internet,Medium
CMP_11153,One of the three tube lights in room 325 has fused.,Electricity,Low
CMP_11154,The toilet flush mechanism in bathroom 6 is broken and not working.,Plumbing,Medium
CMP_11155,WiFi keeps disconnecting every 30 minutes in the common room.,Internet,Low
CMP_11156,The driver of route Shuttle-C was driving extremely recklessly and speeding over speed bumps.,Transport,High
CMP_11157,One of the external streetlights near the parking lot is flickering.,Security,Low
CMP_11158,One of the external streetlights near the parking lot is flickering.,Security,Low
CMP_11159,The main fiber optic line to the engineering department block was cut during construction work.,Internet,Critical
CMP_11160,One of the external streetlights near the parking lot is flickering.,Security,Low
CMP_11161,"The synthetic track surface near the curve has peeled off, posing a tripping hazard.",Sports,Medium
CMP_11162,The automated book search kiosk terminal is running extremely slowly.,Library,Low
CMP_11163,The online portal failed to register the elective course preferences due to a script error.,Academic,Medium
CMP_11164,Complete lack of running water in the entire hostel building since morning.,Plumbing,High
CMP_11165,The window latch in room 101 is loose and needs to be tightened.,Hostel,Low
CMP_11166,"An emergency patient arrived, but the campus ambulance oxygen cylinder was found empty.",Medical,High
CMP_11167,The air conditioning in the long-route university bus number B-12 is completely broken.,Transport,Medium
CMP_11168,The WiFi network speed in Boys Hostel Block B has dropped below 1 Mbps since yesterday.,Internet,Medium
CMP_11169,The college bus broke down in the middle of a deserted highway during an intercity trip.,Transport,High
CMP_11170,Complete power blackout in the entire wing of Hostel 9 for over 6 hours.,Electricity,High
CMP_11171,The breakfast was served cold today at the counter.,Mess,Low
CMP_11172,"The overhead water tank is overflowing heavily, leaking directly into the main electric generator room.",Plumbing,Critical
CMP_11173,The ceiling fan in room 365 is making a slight clicking sound.,Hostel,Low
CMP_11174,WiFi keeps disconnecting every 30 minutes in the common room.,Internet,Low
CMP_11175,Complete lack of running water in the entire hostel building since morning.,Plumbing,High
CMP_11176,"The overhead water tank is rally overflowing heavily, leaking directly into the main electric generator room.",Plumbing,Critical
CMP_11177,The nylon net on the basketball hoop is torn and needs replacement.,Sports,Low
CMP_11178,The air conditioning in the long-route university bus number B-07 is completely broken.,Transport,Medium
CMP_11179,A caterpillar and dead flies were found in the vegetable curry served during dinner.,Mess,High
CMP_11180,One of the three tube lights in room 119 has fused.,Electricity,Low
CMP_11181,The main fiber optic line to the engineering department block was cut during construction work.,Internet,Critical
CMP_11182,The fume hood in the organic chemistry lab has very weak suction and ventilation.,Laboratory,Medium
CMP_11183,several pages are torn or missing from the core reference book for course code ch-111.,Library,Medium
CMP_11184,The grip tape on the badminton racquets in the inventory is completely worn out.,Sports,Low
CMP_11185,more than 15 students have reported severe stomach aches and vomiting after eating at the mess.,Mess,High
CMP_11186,Oscilloscope number 20 in the electronics lab shows a distorted calibration line.,Laboratory,Medium
CMP_11187,Firewalls are blocking access to critical academic research servers and repository sites entirely.,Internet,Critical
CMP_11188,One of the three tube lights in room 557 has fused.,Electricity,Low
CMP_11189,The weight scale machine at the triage counter shows incorrect calibration metrics.,Medical,Low
CMP_11190,A critical cardiac emergency occurred at the sports arena and the emergency response was delayed.,Medical,Critical
CMP_11191,The main fiber optic line to the engineering department block was cut during construction work.,Internet,Critical
CMP_11192,"The main water pipeline has burst, causing massive flooding in the basement of Boys Hostel Block A.",Plumbing,High
CMP_11193,A critical cardiac emergency occurred at the sports arena and the emergency response was delayed.,Medical,Critical
CMP_11194,A gas cylinder regulator valve in the chemical laboratory is jammed and leaking a distinct smell.,Laboratory,High
CMP_11195,An armed intruder managed to scale the boundary wall and enter the girls' hostel campus.,Security,Critical
CMP_11196,a bicycle locked near block boys hostel block b was stolen during broad daylight.,Security,Medium
CMP_11197,lan connection port in room 538 is physically damaged and loose.,Internet,Medium
CMP_11198,The online portal failed to register the elective course preferences due to a script error.,Academic,Medium
CMP_11199,The weight scale machine at the triage counter shows incorrect calibration metrics.,Medical,Low
CMP_11200,A dangerous chemical spill of concentrated sulfuric acid occurred on bench 25.,Laboratory,Critical
CMP_11201,The biosafety cabinet ventilation failed while handling pathogenic bacterial samples.,Laboratory,Critical
CMP_11202,The balcony railing on the first floor of PG Married Hostel is completely detached and hanging.,Hostel,Critical
CMP_11203,The barcode scanner at the return counter is rally failing to scan books quickly.,Library,Low
CMP_11204,The brakes of campus bus number Shuttle-A failed completely while descending the hill road.,Transport,Critical
CMP_11205,"The overhead water tank is overflowing heavily, leaking directly into the main electric generator room.",Plumbing,Critical
CMP_11206,"The authentication gateway server is down, preventing any student from logging into the internet.",Internet,High
CMP_11207,"The spectator stands collapsed during the annual track event, injuring several onlookers.",Sports,Critical
CMP_11208,The fume hood in the organic chemistry lab has very weak suction and ventilation.,Laboratory,Medium
CMP_11209,The whiteboard markers provided to professors are mostly dried up and unreadable.,Academic,Low
CMP_11210,lan connection port in room 426 is physically damaged and loose.,Internet,Medium
CMP_11211,The balcony railing on the third floor of Boys Hostel Block A is completely detached and hanging.,Hostel,Critical
CMP_11212,The evening shuttle bus arrived 20 minutes later than the scheduled timetable.,Transport,Low
CMP_11213,The nylon net on the basketball hoop is torn and needs replacement.,Sports,Low
CMP_11214,A major collision involving the university transport bus occurred near the main city crossing.,Transport,Critical
CMP_11215,"The synthetic track surface near the curve has peeled off, posing a tripping hazard.",Sports,Medium
CMP_11216,Severe water leakage from the ceiling in room 522 damaging personal belongings.,Hostel,High
CMP_11217,Frequent voltage fluctuations in Hostel 5 are causing laptops to restart continuously.,Electricity,Medium
CMP_11218,"A heavy steel goalpost tip-over occurred, pinning a student player to the ground.",Sports,Critical
CMP_11219,the waiting time at the campus health center exceeded an hour for a routine checkup.,Medical,Low
CMP_11220,One of the three tube lights in room 164 has fused.,Electricity,Low
CMP_11221,A dangerous chemical spill of concentrated sulfuric acid occurred on bench 13.,Laboratory,Critical
CMP_11222,Toxic chemical cleaning agent accidentally spilled into the major cooking vessel containing soup.,Mess,Critical
CMP_11223,The seat covers on campus bus number B-04 are torn and dirty.,Transport,Low
CMP_11224,The whiteboard markers provided to professors are mostly dried up and unreadable.,Academic,Low
CMP_11225,The on-duty doctor was absent during the specified night shift hours at the clinic.,Medical,High
CMP_11226,LAN connection port in room 146 is rally physically damaged and loose.,Internet,Medium
CMP_11227,The biosafety cabinet ventilation failed while handling pathogenic bacterial samples.,Laboratory,Critical
CMP_11228,A student is rally unconscious and unresponsive in room 152 following a sudden seizure.,Medical,Critical
CMP_11229,A critical cardiac emergency occurred at the sports arena and the emergency response was delayed.,Medical,Critical
CMP_11230,The grades for the semester final exams haven't been updated even after 3 weeks of submission.,Academic,Medium
CMP_11231,Oscilloscope number 29 in the electronics lab shows a distorted calibration line.,Laboratory,Medium
CMP_11232,Toxic chemical cleaning agent accidentally spilled into the major cooking vessel containing soup.,Mess,Critical
CMP_11233,"The air conditioning system in the reading room is rally turned off, making it suffocating.",Library,Medium
CMP_11234,The waiting time at the campus health center exceeded an hour for a routine checkup.,Medical,Low
CMP_11235,The main server rack hosting all student terminal virtual machines has crashed entirely.,Laboratory,High
CMP_11236,The elevator in Boys Hostel Block A is jerking badly while moving between floors.,Hostel,Medium
CMP_11237,The automated book search kiosk terminal is running extremely slowly.,Library,Low
CMP_11238,The main circuit breaker keeps tripping every time the air conditioner is turned on.,Electricity,High
CMP_11239,The toilet flush mechanism in bathroom 6 is rally broken and nt workin.,Plumbing,Medium
CMP_11240,The main entry door lock for room 539 is completely broken and cannot be locked.,Hostel,High
CMP_11241,More than 15 students have reported severe stomach aches and vomiting after eating at the mess.,Mess,High
CMP_11242,A professor is refusing to accept legitimate medical certificates for mandatory attendance criteria.,Academic,High
CMP_11243,"A heavy steel goalpost tip-over occurred, pinning a student player to the ground.",Sports,Critical
CMP_11244,The drinking water dispenser in the mess area has a strange muddy taste.,Mess,Medium
CMP_11245,"The spectator stands collapsed during the annual track event, injuring several onlookers.",Sports,Critical
CMP_11246,A violent physical brawl broke out between two large student groups in the main corridor.,Security,Critical
CMP_11247,One of the three tube lights in room 553 has fused.,Electricity,Low
CMP_11248,The indoor gym equipment cable snapped while a student was lifting heavy weights.,Sports,High
CMP_11249,The breakfast was served cold today at the counter.,Mess,Low
CMP_11250,The window latch in room 232 is loose and needs to be tightened.,Hostel,Low
CMP_11251,The brakes of campus bus number B-04 failed completely while descending the hill road.,Transport,Critical
CMP_11252,The fume hood in the organic chemistry lab has very weak suction and ventilation.,Laboratory,Medium
CMP_11253,The projector screen in classroom 288 is manually jammed and won't roll down smoothly.,Academic,Low
CMP_11254,A professor is refusing to accept legitimate medical certificates for mandatory attendance criteria.,Academic,High
CMP_11255,Complete network outage across the entire Girls Hostel Block C block preventing project submissions.,Internet,High
CMP_11256,"The floodlights on the football ground are not turning on, stopping evening practice.",Sports,Medium
CMP_11257,The biosafety cabinet ventilation failed while handling pathogenic bacterial samples.,Laboratory,Critical
CMP_11258,The driver of route B-04 was driving extremely recklessly and speeding over speed bumps.,Transport,High
CMP_11259,Oscilloscope number 29 in the electronics lab shows a distorted calibration line.,Laboratory,Medium
CMP_11260,One of the external streetlights near the parking lot is flickering.,Security,Low
CMP_11261,the weight scale machine at the triage counter shows incorrect calibration metrics.,Medical,Low
CMP_11262,The grip tape on the badminton racquets in the inventory is completely worn out.,Sports,Low
CMP_11263,An armed intruder managed to scale the boundary wall and enter the girls' hostel campus.,Security,Critical
CMP_11264,the breakfast was served cold today at the counter.,Mess,Low
CMP_11265,"The authentication gateway server is down, preventing any student from logging into the internet.",Internet,High
CMP_11266,The online portal failed to register the elective course preferences due to a script error.,Academic,Medium
CMP_11267,The main circuit breaker keeps tripping every time the air conditioner is rally turned on.,Electricity,High
CMP_11268,"The main water pipeline has burst, causing massive flooding in the basement of PG Married Hostel.",Plumbing,High
CMP_11269,A professor is refusing to accept legitimate medical certificates for mandatory attendance criteria.,Academic,High
CMP_11270,"The spectator stands collapsed during the annual track event, injuring several onlookers.",Sports,Critical
CMP_11271,The projector screen in classroom 481 is manually jammed and won't roll down smoothly.,Academic,Low
CMP_11272,"an emergency patient arrived, but the campus ambulance oxygen cylinder was found empty.",Medical,High
CMP_11273,The main fiber optic line to the engineering department block was cut during construction work.,Internet,Critical
CMP_11274,The CCTV camera covering the main entrance of Girls Hostel Block D is out of focus and blurred.,Security,Medium
CMP_11275,The brakes of campus bus number Shuttle-A failed completely while descending the hill road.,Transport,Critical
CMP_11276,The toilet flush mechanism in bathroom 2 is broken and not working.,Plumbing,Medium
CMP_11277,The on-duty doctor was absent during the specified night shift hours at the clinic.,Medical,High
CMP_11278,The online portal failed to register the elective course preferences due to a script error.,Academic,Medium
CMP_11279,"The authentication gateway server is down, preventing any student from logging into the internet.",Internet,High
CMP_11280,The automated emergency fire suppression sprinklers in the main book stack area went off falsely.,Library,Critical
CMP_11281,The exam paper leaked online an hour prior to the scheduled examination schedule.,Academic,High
CMP_11282,The drinking water dispenser in the mess area has a strange muddy taste.,Mess,Medium
CMP_11283,The grip tape on the badminton racquets in the inventory is completely worn out.,Sports,Low
CMP_11284,The main circuit breaker keeps tripping every time the air conditioner is turned on.,Electricity,High
CMP_11285,A caterpillar and dead flies were found in the vegetable curry served during dinner.,Mess,High
CMP_11286,The college bus broke down in the middle of a deserted highway during an intercity trip.,Transport,High
CMP_11287,a group of outsiders are picking fights and ragging students outside the main campus gate.,Security,High
CMP_11288,The evening shuttle bus arrived 20 minutes later than the scheduled timetable.,Transport,Low
CMP_11289,The automated book search kiosk terminal is running extremely slowly.,Library,Low
CMP_11290,the main server rack hosting all student terminal virtual machines has crashed entirely.,Laboratory,High
CMP_11291,Bedbugs found in the mattress provided in room 272 of Boys Hostel Block A.,Hostel,Medium
CMP_11292,Water drain in the common washroom is slow to clear.,Plumbing,Low
CMP_11293,The projector screen in classroom 513 is manually jammed and won't roll down smoothly.,Academic,Low
CMP_11294,The seat covers on campus bus number B-01 are torn and dirty.,Transport,Low
CMP_11295,Complete network outage across the entire Girls Hostel Block C block preventing project submissions.,Internet,High
CMP_11296,The elevator in PG Married Hostel is jerking badly while moving between floors.,Hostel,Medium
CMP_11297,an unidentified suspicious outsider entered the hostel premises without authorization or id check.,Security,High
CMP_11298,The fume hood in the organic chemistry lab has very weak suction and ventilation.,Laboratory,Medium
CMP_11299,The automated book search kiosk terminal is running extremely slowly.,Library,Low
CMP_11300,The breakfast was served cold today at the counter.,Mess,Low
CMP_11301,The main entry door lock for room 456 is completely broken and cannot be locked.,Hostel,High
CMP_11302,The CCTV camera covering the main entrance of Boys Hostel Block B is out of focus and blurred.,Security,Medium
CMP_11303,WiFi keeps disconnecting every 30 minutes in the common room.,Internet,Low
CMP_11304,several pages are torn or missing from the core reference book for course code ph-102.,Library,Medium
CMP_11305,Oscilloscope number 20 in the electronics lab shows a distorted calibration line.,Laboratory,Medium
CMP_11306,A group of outsiders are picking fights and ragging students outside the main campus gate.,Security,High
CMP_11307,"The air conditioning system in the reading room is turned off, making it suffocating.",Library,Medium
CMP_11308,"The swimming pool water is green, murky, and causing skin rashes due to lack of filtration.",Sports,High
CMP_11309,"the swimming pool water is green, murky, and causing skin rashes due to lack of filtration.",Sports,High
CMP_11310,More than 15 students have reported severe stomach aches and vomiting after eating at the mess.,Mess,High
CMP_11311,A professor is refusing to accept legitimate medical certificates for mandatory attendance criteria.,Academic,High
CMP_11312,Sparking and a burning plastic smell coming from the distribution board near room 492.,Electricity,Critical
CMP_11313,The online portal failed to register the elective course preferences due to a script error.,Academic,Medium
CMP_11314,The grip tape on the badminton racquets in the inventory is completely worn out.,Sports,Low
CMP_11315,one of the external streetlights near the parking lot is flickering.,Security,Low
CMP_11316,The seat covers on campus bus number Shuttle-C are torn and dirty.,Transport,Low
CMP_11317,"The synthetic track surface near the curve has peeled off, posing a tripping hazard.",Sports,Medium
CMP_11318,"the quality of the lunch provided today was extremely poor, the rice was half-cooked.",Mess,Medium
CMP_11319,"The main water pipeline has burst, causing massive flooding in the basement of Boys Hostel Block A.",Plumbing,High
CMP_11320,Rainwater is leaking from the roof directly onto the rare manuscript and book archive section.,Library,High
CMP_11321,The grip tape on the badminton racquets in the inventory is completely worn out.,Sports,Low
CMP_11322,Firewalls are blocking access to critical academic research servers and repository sites entirely.,Internet,Critical
CMP_11323,Mass scale technical malpractice detected during the online proctored placement exams.,Academic,Critical
CMP_11324,The ceiling fan in room 599 is rally making a slight clicking sound.,Hostel,Low
CMP_11325,The WiFi network speed in Boys Hostel Block B has dropped below 1 Mbps since yesterday.,Internet,Medium
CMP_11326,"the library structural pillars in the basement are showing deep cracks, causing panic.",Library,Critical
CMP_11327,The fume hood in the organic chemistry lab has very weak suction and ventilation.,Laboratory,Medium
CMP_11328,Complete lack of running water in the entire hostel building since morning.,Plumbing,High
CMP_11329,The plates and spoons provided in the dining hall are sticky and oily.,Mess,Low
CMP_11330,Frequent voltage fluctuations in Hostel 9 are causing laptops to restart continuously.,Electricity,Medium
CMP_11331,"The synthetic track surface near the curve has peeled off, posing a tripping hazard.",Sports,Medium
CMP_11332,A group of outsiders are picking fights and ragging students outside the main campus gate.,Security,High
CMP_11333,Toxic chemical cleaning agent accidentally spilled into the major cooking vessel containing soup.,Mess,Critical
CMP_11334,Frequent voltage fluctuations in Boys Hostel Block A are causing laptops to restart continuously.,Electricity,Medium
CMP_11335,The glass burettes in the chemistry lab have faint graduation marks that are hard to read.,Laboratory,Low
CMP_11336,"the air conditioning system in the reading room is turned off, making it suffocating.",Library,Medium
CMP_11337,"The authentication gateway server is down, preventing any student from logging into the internet.",Internet,High
CMP_11338,A professor is refusing to accept legitimate medical certificates for mandatory attendance criteria.,Academic,High
CMP_11339,"The floodlights on the football ground are not turning on, stopping evening practice.",Sports,Medium
CMP_11340,The main circuit breaker keeps tripping every time the air conditioner is rally turned on.,Electricity,High
CMP_11341,The air conditioning in the long-route university bus number B-01 is completely broken.,Transport,Medium
CMP_11342,The grades for the semester final exams haven't been updated even after 3 weeks of submission.,Academic,Medium
CMP_11343,"The main water pipeline has burst, causing massive flooding in the basement of Boys Hostel Block A.",Plumbing,High
CMP_11344,The projector screen in classroom 447 is rally manually jammed and won't roll down smoothly.,Academic,Low
CMP_11345,an entire batch's official physical final marksheets and degree registry files were destroyed.,Academic,Critical
CMP_11346,The WiFi network speed in Hostel 9 has dropped below 1 Mbps since yesterday.,Internet,Medium
CMP_11347,LAN connection port in room 463 is physically damaged and loose.,Internet,Medium
CMP_11348,a violent physical brawl broke out between two large student groups in the main corridor.,Security,Critical
CMP_11349,An unidentified suspicious outsider entered the hostel premises without authorization or ID check.,Security,High
CMP_11350,the plates and spoons provided in the dining hall are sticky and oily.,Mess,Low
CMP_11351,An entire batch's official physical final marksheets and degree registry files were destroyed.,Academic,Critical
CMP_11352,"The authentication gateway server is rally down, preventing any student from logging into the internet.",Internet,High
CMP_11353,A major collision involving the university transport bus occurred near the main city crossing.,Transport,Critical
CMP_11354,an armed intruder managed to scale the boundary wall and enter the girls' hostel campus.,Security,Critical
CMP_11355,The seat covers on campus bus number B-01 are torn and dirty.,Transport,Low
CMP_11356,An unidentified suspicious outsider entered the hostel premises without authorization or ID check.,Security,High
CMP_11357,"The quality of the lunch provided today was extremely poor, the rice was half-cooked.",Mess,Medium
CMP_11358,The on-duty doctor was absent during the specified night shift hours at the clinic.,Medical,High
CMP_11359,Rainwater is leaking from the roof directly onto the rare manuscript and book archive section.,Library,High
CMP_11360,The breakfast was served cold today at the counter.,Mess,Low
CMP_11361,A bicycle locked near block Hostel 9 was stolen during broad daylight.,Security,Medium
CMP_11362,Mass scale technical malpractice detected during the online proctored placement exams.,Academic,Critical
CMP_11363,The washbasin tap in room 215 is dripping slowly continuously.,Plumbing,Low
CMP_11364,The evening shuttle bus arrived 20 minutes later than the scheduled timetable.,Transport,Low
CMP_11365,The indoor gym equipment cable snapped while a student was lifting heavy weights.,Sports,High
CMP_11366,Severe water leakage from the ceiling in room 214 damaging personal belongings.,Hostel,High
CMP_11367,"The main water pipeline has burst, causing massive flooding in the basement of Girls Hostel Block C.",Plumbing,High
CMP_11368,A professor is refusing to accept legitimate medical certificates for mandatory attendance criteria.,Academic,High
CMP_11369,"The morning campus bus is rally severely overcrowded, forcing students to stand on the footboard.",Transport,Medium
CMP_11370,The weight scale machine at the triage counter shows incorrect calibration metrics.,Medical,Low
CMP_11371,"The corridor lights on the first floor are not working, making it pitch dark at night.",Electricity,Medium
CMP_11372,LAN connection port in room 534 is rally physically damaged and loose.,Internet,Medium
CMP_11373,"The quality of the lunch provided today was extremely poor, the rice was half-cooked.",Mess,Medium
CMP_11374,The main entry door lock for room 287 is completely broken and cannot be locked.,Hostel,High
CMP_11375,The driver of route B-01 was driving extremely recklessly and speeding over speed bumps.,Transport,High
CMP_11376,The projector screen in classroom 471 is manually jammed and won't roll down smoothly.,Academic,Low
CMP_11377,The digital library portal is completely inaccessible right before the mid-term examinations.,Library,High
CMP_11378,An entire batch's official physical final marksheets and degree registry files were destroyed.,Academic,Critical
CMP_11379,A bicycle locked near block Boys Hostel Block B was stolen during broad daylight.,Security,Medium
CMP_11380,"A large chunk of plaster fell from the ceiling in room 586, narrowly missing a student.",Hostel,Critical
CMP_11381,A violent physical brawl broke out between two large student groups in the main corridor.,Security,Critical
CMP_11382,The plates and spoons provided in the dining hall are sticky and oily.,Mess,Low
CMP_11383,Rainwater is rally leaking from the roof directly onto the rare manuscript and book archive section.,Library,High
CMP_11384,The fume hood in the organic chemistry lab has very weak suction and ventilation.,Laboratory,Medium
CMP_11385,Sewage backflow coming out of the floor drains in the ground floor bathrooms.,Plumbing,Critical
CMP_11386,"The swimming pool water is green, murky, and causing skin rashes due to lack of filtration.",Sports,High
CMP_11387,Bedbugs found in the mattress provided in room 471 of Boys Hostel Block A.,Hostel,Medium
CMP_11388,"The overhead water tank is overflowing heavily, leaking directly into the main electric generator room.",Plumbing,Critical
CMP_11389,The digital thermometer at the campus clinic is out of battery and not replaced.,Medical,Medium
CMP_11390,A professor is refusing to accept legitimate medical certificates for mandatory attendance criteria.,Academic,High
CMP_11391,The breakfast was served cold today at the counter.,Mess,Low
CMP_11392,The glass burettes in the chemistry lab have faint graduation marks that are hard to read.,Laboratory,Low
CMP_11393,The washbasin tap in room 245 is rally dripping slowly continuously.,Plumbing,Low
CMP_11394,The ceiling fan in room 171 is making a slight clicking sound.,Hostel,Low
CMP_11395,The biosafety cabinet ventilation failed while handling pathogenic bacterial samples.,Laboratory,Critical
CMP_11396,"The library structural pillars in the basement are showing deep cracks, causing panic.",Library,Critical
CMP_11397,The window latch in room 463 is loose and needs to be tightened.,Hostel,Low
CMP_11398,The automated emergency fire suppression sprinklers in the main book stack area went off falsely.,Library,Critical
CMP_11399,The plates and spoons provided in the dining hall are sticky and oily.,Mess,Low
CMP_11400,The study lamp socket on table 23 is not drawing any power.,Electricity,Low
CMP_11401,An armed intruder managed to scale the boundary wall and enter the girls' hostel campus.,Security,Critical
CMP_11402,The ceiling fan in room 235 is rally making a slight clicking sound.,Hostel,Low
CMP_11403,"The library structural pillars in the basement are showing deep cracks, causing panic.",Library,Critical
CMP_11404,"The air conditioning system in the reading room is turned off, making it suffocating.",Library,Medium
CMP_11405,"The corridor lights on the first floor are nt workin, making it pitch dark at night.",Electricity,Medium
CMP_11406,The college bus broke down in the middle of a deserted highway during an intercity trip.,Transport,High
CMP_11407,"The swimming pool water is green, murky, and causing skin rashes due to lack of filtration.",Sports,High
CMP_11408,LAN connection port in room 136 is physically damaged and loose.,Internet,Medium
CMP_11409,"the quality of the lunch provided today was extremely poor, the rice was half-cooked.",Mess,Medium
CMP_11410,Live naked electric wires are exposed in the hallway of the ground floor near the water cooler.,Electricity,Critical
CMP_11411,"The quality of the lunch provided today was extremely poor, the rice was half-cooked.",Mess,Medium
CMP_11412,One of the external streetlights near the parking lot is flickering.,Security,Low
CMP_11413,The ceiling fan in room 255 is making a slight clicking sound.,Hostel,Low
CMP_11414,An unidentified suspicious outsider entered the hostel premises without authorization or ID check.,Security,High
CMP_11415,"The air conditioning system in the reading room is turned off, making it suffocating.",Library,Medium
CMP_11416,A major collision involving the university transport bus occurred near the main city crossing.,Transport,Critical
CMP_11417,The study lamp socket on table 17 is not drawing any power.,Electricity,Low
CMP_11418,The main circuit breaker keeps tripping every time the air conditioner is turned on.,Electricity,High
CMP_11419,The fume hood in the organic chemistry lab has very weak suction and ventilation.,Laboratory,Medium
CMP_11420,The mouse attached to computer terminal 22 in the computer lab is malfunctioning.,Laboratory,Low
CMP_11421,Toxic chemical cleaning agent accidentally spilled into the major cooking vessel containing soup.,Mess,Critical
CMP_11422,The glass burettes in the chemistry lab have faint graduation marks that are hard to read.,Laboratory,Low
CMP_11423,The main entry door lock for room 452 is completely broken and cannot be locked.,Hostel,High
CMP_11424,The study lamp socket on table 39 is not drawing any power.,Electricity,Low
CMP_11425,The fume hood in the organic chemistry lab has very weak suction and ventilation.,Laboratory,Medium
CMP_11426,The automated emergency fire suppression sprinklers in the main book stack area went off falsely.,Library,Critical
CMP_11427,more than 15 students have reported severe stomach aches and vomiting after eating at the mess.,Mess,High
CMP_11428,The college bus broke down in the middle of a deserted highway during an intercity trip.,Transport,High
CMP_11429,More than 15 students have reported severe stomach aches and vomiting after eating at the mess.,Mess,High
CMP_11430,The automated book search kiosk terminal is running extremely slowly.,Library,Low
CMP_11431,The digital library portal is rally completely inaccessible right before the mid-term examinations.,Library,High
CMP_11432,No hot water supply in the showers of PG Married Hostel during early morning hours.,Plumbing,Medium
CMP_11433,The fume hood in the organic chemistry lab has very weak suction and ventilation.,Laboratory,Medium
CMP_11434,A critical cardiac emergency occurred at the sports arena and the emergency response was delayed.,Medical,Critical
CMP_11435,The barcode scanner at the return counter is failing to scan books quickly.,Library,Low
CMP_11436,The waiting time at the campus health center exceeded an hour for a routine checkup.,Medical,Low
CMP_11437,"The quality of the lunch provided today was extremely poor, the rice was half-cooked.",Mess,Medium
CMP_11438,The plates and spoons provided in the dining hall are sticky and oily.,Mess,Low
CMP_11439,The indoor gym equipment cable snapped while a student was lifting heavy weights.,Sports,High
CMP_11440,The plates and spoons provided in the dining hall are sticky and oily.,Mess,Low
CMP_11441,"The morning campus bus is severely overcrowded, forcing students to stand on the footboard.",Transport,Medium
CMP_11442,"The corridor lights on the ground floor are not working, making it pitch dark at night.",Electricity,Medium
CMP_11443,Water drain in the common washroom is slow to clear.,Plumbing,Low
CMP_11444,the study lamp socket on table 28 is not drawing any power.,Electricity,Low
CMP_11445,A student is unconscious and unresponsive in room 538 following a sudden seizure.,Medical,Critical
CMP_11446,The college bus broke down in the middle of a deserted highway during an intercity trip.,Transport,High
CMP_11447,"The spectator stands collapsed during the annual track event, injuring several onlookers.",Sports,Critical
CMP_11448,"The library structural pillars in the basement are showing deep cracks, causing panic.",Library,Critical
CMP_11449,A group of outsiders are picking fights and ragging students outside the main campus gate.,Security,High
CMP_11450,One of the three tube lights in room 541 has fused.,Electricity,Low
CMP_11451,The digital library portal is completely inaccessible right before the mid-term examinations.,Library,High
CMP_11452,No hot water supply in the showers of Hostel 5 during early morning hours.,Plumbing,Medium
CMP_11453,An armed intruder managed to scale the boundary wall and enter the girls' hostel campus.,Security,Critical
CMP_11454,WiFi keeps disconnecting every 30 minutes in the common room.,Internet,Low
CMP_11455,The barcode scanner at the return counter is failing to scan books quickly.,Library,Low
CMP_11456,The washbasin tap in room 341 is dripping slowly continuously.,Plumbing,Low
CMP_11457,no hot water supply in the showers of hostel 9 during early morning hours.,Plumbing,Medium
CMP_11458,An unidentified suspicious outsider entered the hostel premises without authorization or ID check.,Security,High
CMP_11459,The main circuit breaker keeps tripping every time the air conditioner is turned on.,Electricity,High
CMP_11460,A student is unconscious and unresponsive in room 466 following a sudden seizure.,Medical,Critical
CMP_11461,The main fiber optic line to the engineering department block was cut during construction work.,Internet,Critical
CMP_11462,Complete network outage across the entire Girls Hostel Block D block preventing project submissions.,Internet,High
CMP_11463,"the synthetic track surface near the curve has peeled off, posing a tripping hazard.",Sports,Medium
CMP_11464,Complete power blackout in the entire wing of Boys Hostel Block B for over 6 hours.,Electricity,High
CMP_11465,an armed intruder managed to scale the boundary wall and enter the girls' hostel campus.,Security,Critical
CMP_11466,The breakfast was served cold today at the counter.,Mess,Low
CMP_11467,Several pages are torn or missing from the core reference book for course code ME-204.,Library,Medium
CMP_11468,Several pages are torn or missing from the core reference book for course code CS-101.,Library,Medium
CMP_11469,Severe water leakage from the ceiling in room 163 damaging personal belongings.,Hostel,High
CMP_11470,Mass scale technical malpractice detected during the online proctored placement exams.,Academic,Critical
CMP_11471,A major collision involving the university transport bus occurred near the main city crossing.,Transport,Critical
CMP_11472,The plates and spoons provided in the dining hall are sticky and oily.,Mess,Low
CMP_11473,The grades for the semester final exams haven't been updated even after 3 weeks of submission.,Academic,Medium
CMP_11474,Live naked electric wires are exposed in the hallway of the first floor near the water cooler.,Electricity,Critical
CMP_11475,"A large chunk of plaster fell from the ceiling in room 356, narrowly missing a student.",Hostel,Critical
CMP_11476,Mass scale technical malpractice detected during the online proctored placement exams.,Academic,Critical
CMP_11477,One of the external streetlights near the parking lot is flickering.,Security,Low
CMP_11478,"The spectator stands collapsed during the annual track event, injuring several onlookers.",Sports,Critical
CMP_11479,The cooking staff are using severely expired ingredients and rotten meat in the kitchen.,Mess,Critical
CMP_11480,The fume hood in the organic chemistry lab has very weak suction and ventilation.,Laboratory,Medium
CMP_11481,The drinking water dispenser in the mess area has a strange muddy taste.,Mess,Medium
CMP_11482,Complete power blackout in the entire wing of Boys Hostel Block A for over 6 hours.,Electricity,High
CMP_11483,Sparking and a burning plastic smell coming from the distribution board near room 145.,Electricity,Critical
CMP_11484,The drinking water dispenser in the mess area has a strange muddy taste.,Mess,Medium
CMP_11485,The waiting time at the campus health center exceeded an hour for a routine checkup.,Medical,Low
CMP_11486,Several pages are torn or missing from the core reference book for course code PH-102.,Library,Medium
CMP_11487,The elevator in Boys Hostel Block A is jerking badly while moving between floors.,Hostel,Medium
CMP_11488,The whiteboard markers provided to professors are mostly dried up and unreadable.,Academic,Low
CMP_11489,The toilet flush mechanism in bathroom 2 is broken and not working.,Plumbing,Medium
CMP_11490,The balcony railing on the second floor of PG Married Hostel is rally completely detached and hanging.,Hostel,Critical
CMP_11491,The page load time for the student portal is very high on the campus network.,Internet,Low
CMP_11492,The study lamp socket on table 9 is not drawing any power.,Electricity,Low
CMP_11493,The plates and spoons provided in the dining hall are sticky and oily.,Mess,Low
CMP_11494,The driver of route B-01 was driving extremely recklessly and speeding over speed bumps.,Transport,High
CMP_11495,Rainwater is rally leaking from the roof directly onto the rare manuscript and book archive section.,Library,High
CMP_11496,bedbugs found in the mattress provided in room 501 of hostel 5.,Hostel,Medium
CMP_11497,The automated book search kiosk terminal is running extremely slowly.,Library,Low
CMP_11498,The barcode scanner at the return counter is failing to scan books quickly.,Library,Low
CMP_11499,The waiting time at the campus health center exceeded an hour for a routine checkup.,Medical,Low
CMP_11500,"The synthetic track surface near the curve has peeled off, posing a tripping hazard.",Sports,Medium
CMP_11501,Severe water leakage from the ceiling in room 296 damaging personal belongings.,Hostel,High
CMP_11502,The breakfast was served cold today at the counter.,Mess,Low
CMP_11503,an entire batch's official physical final marksheets and degree registry files were destroyed.,Academic,Critical
CMP_11504,A gas cylinder regulator valve in the chemical laboratory is jammed and leaking a distinct smell.,Laboratory,High
CMP_11505,"a heavy steel goalpost tip-over occurred, pinning a student player to the ground.",Sports,Critical
CMP_11506,"The overhead water tank is overflowing heavily, leaking directly into the main electric generator room.",Plumbing,Critical
CMP_11507,A major collision involving the university transport bus occurred near the main city crossing.,Transport,Critical
CMP_11508,Rainwater is leaking from the roof directly onto the rare manuscript and book archive section.,Library,High
CMP_11509,a professor is refusing to accept legitimate medical certificates for mandatory attendance criteria.,Academic,High
CMP_11510,The cooking staff are using severely expired ingredients and rotten meat in the kitchen.,Mess,Critical
CMP_11511,The grip tape on the badminton racquets in the inventory is rally completely worn out.,Sports,Low
CMP_11512,The barcode scanner at the return counter is failing to scan books quickly.,Library,Low
CMP_11513,The washbasin tap in room 588 is dripping slowly continuously.,Plumbing,Low
CMP_11514,The driver of route B-12 was driving extremely recklessly and speeding over speed bumps.,Transport,High
CMP_11515,the plates and spoons provided in the dining hall are sticky and oily.,Mess,Low
CMP_11516,The driver of route B-01 was driving extremely recklessly and speeding over speed bumps.,Transport,High
CMP_11517,The weight scale machine at the triage counter shows incorrect calibration metrics.,Medical,Low
CMP_11518,"The floodlights on the football ground are not turning on, stopping evening practice.",Sports,Medium
CMP_11519,The evening shuttle bus arrived 20 minutes later than the scheduled timetable.,Transport,Low
CMP_11520,The main fiber optic line to the engineering department block was cut during construction work.,Internet,Critical
CMP_11521,"An emergency patient arrived, but the campus ambulance oxygen cylinder was found empty.",Medical,High
CMP_11522,"The air conditioning system in the reading room is rally turned off, making it suffocating.",Library,Medium
CMP_11523,"The swimming pool water is green, murky, and causing skin rashes due to lack of filtration.",Sports,High
CMP_11524,"The morning campus bus is severely overcrowded, forcing students to stand on the footboard.",Transport,Medium
CMP_11525,The seat covers on campus bus number B-07 are torn and dirty.,Transport,Low
CMP_11526,"the morning campus bus is rally severely overcrowded, forcing students to stand on the footboard.",Transport,Medium
CMP_11527,Oscilloscope number 16 in the electronics lab shows a distorted calibration line.,Laboratory,Medium
CMP_11528,The on-duty doctor was absent during the specified night shift hours at the clinic.,Medical,High
CMP_11529,The evening shuttle bus arrived 20 minutes later than the scheduled timetable.,Transport,Low
CMP_11530,"An emergency patient arrived, but the campus ambulance oxygen cylinder was found empty.",Medical,High
CMP_11531,Sewage backflow coming out of the floor drains in the ground floor bathrooms.,Plumbing,Critical
CMP_11532,The evening shuttle bus arrived 20 minutes later than the scheduled timetable.,Transport,Low
CMP_11533,"the synthetic track surface near the curve has peeled off, posing a tripping hazard.",Sports,Medium
CMP_11534,The evening shuttle bus arrived 20 minutes later than the scheduled timetable.,Transport,Low
CMP_11535,essential primary medicines like paracetamol and antacids are out of stock at the pharmacy.,Medical,Medium
CMP_11536,complete network outage across the entire boys hostel block b block preventing project submissions.,Internet,High
CMP_11537,the toilet flush mechanism in bathroom 2 is broken and not working.,Plumbing,Medium
CMP_11538,Oscilloscope number 14 in the electronics lab shows a distorted calibration line.,Laboratory,Medium
CMP_11539,The glass burettes in the chemistry lab have faint graduation marks that are hard to read.,Laboratory,Low
CMP_11540,The ceiling fan in room 378 is rally making a slight clicking sound.,Hostel,Low
CMP_11541,The brakes of campus bus number B-07 failed completely while descending the hill road.,Transport,Critical
CMP_11542,Several pages are torn or missing from the core reference book for course code EE-302.,Library,Medium
CMP_11543,Rainwater is leaking from the roof directly onto the rare manuscript and book archive section.,Library,High
CMP_11544,Live naked electric wires are exposed in the hallway of the fourth floor near the water cooler.,Electricity,Critical
CMP_11545,one of the three tube lights in room 142 has fused.,Electricity,Low
CMP_11546,the breakfast was served cold today at the counter.,Mess,Low
CMP_11547,Firewalls are blocking access to critical academic research servers and repository sites entirely.,Internet,Critical
CMP_11548,A professor is refusing to accept legitimate medical certificates for mandatory attendance criteria.,Academic,High
CMP_11549,The exam paper leaked online an hour prior to the scheduled examination schedule.,Academic,High
CMP_11550,Essential primary medicines like paracetamol and antacids are out of stock at the pharmacy.,Medical,Medium
CMP_11551,The online portal failed to register the elective course preferences due to a script error.,Academic,Medium
CMP_11552,"The authentication gateway server is down, preventing any student from logging into the internet.",Internet,High
CMP_11553,the washbasin tap in room 298 is dripping slowly continuously.,Plumbing,Low
CMP_11554,"A large chunk of plaster fell from the ceiling in room 171, narrowly missing a student.",Hostel,Critical
CMP_11555,The main circuit breaker keeps tripping every time the air conditioner is turned on.,Electricity,High
CMP_11556,A bicycle locked near block Hostel 5 was stolen during broad daylight.,Security,Medium
CMP_11557,The WiFi network speed in Hostel 5 has dropped below 1 Mbps since yesterday.,Internet,Medium
CMP_11558,The waiting time at the campus health center exceeded an hour for a routine checkup.,Medical,Low
CMP_11559,The WiFi network speed in Hostel 9 has dropped below 1 Mbps since yesterday.,Internet,Medium
CMP_11560,"The spectator stands collapsed during the annual track event, injuring several onlookers.",Sports,Critical
CMP_11561,The main entry door lock for room 296 is completely broken and cannot be locked.,Hostel,High
CMP_11562,No hot water supply in the showers of Girls Hostel Block C during early morning hours.,Plumbing,Medium
CMP_11563,The drinking water dispenser in the mess area has a strange muddy taste.,Mess,Medium
CMP_11564,the online portal failed to register the elective course preferences due to a script error.,Academic,Medium
CMP_11565,One of the external streetlights near the parking lot is flickering.,Security,Low
CMP_11566,Severe water leakage from the ceiling in room 207 damaging personal belongings.,Hostel,High
CMP_11567,"an emergency patient arrived, but the campus ambulance oxygen cylinder was found empty.",Medical,High
CMP_11568,A major collision involving the university transport bus occurred near the main city crossing.,Transport,Critical
CMP_11569,The online portal failed to register the elective course preferences due to a script error.,Academic,Medium
CMP_11570,Essential primary medicines like paracetamol and antacids are out of stock at the pharmacy.,Medical,Medium
CMP_11571,The CCTV camera covering the main entrance of Boys Hostel Block A is out of focus and blurred.,Security,Medium
CMP_11572,The on-duty doctor was absent during the specified night shift hours at the clinic.,Medical,High
CMP_11573,Essential primary medicines like paracetamol and antacids are out of stock at the pharmacy.,Medical,Medium
CMP_11574,the nylon net on the basketball hoop is torn and needs replacement.,Sports,Low
CMP_11575,The on-duty doctor was absent during the specified night shift hours at the clinic.,Medical,High
CMP_11576,The study lamp socket on table 13 is not drawing any power.,Electricity,Low
CMP_11577,an armed intruder managed to scale the boundary wall and enter the girls' hostel campus.,Security,Critical
CMP_11578,The digital thermometer at the campus clinic is out of battery and not replaced.,Medical,Medium
CMP_11579,"The air conditioning system in the reading room is turned off, making it suffocating.",Library,Medium
CMP_11580,The online portal failed to register the elective course preferences due to a script error.,Academic,Medium
CMP_11581,A major collision involving the university transport bus occurred near the main city crossing.,Transport,Critical
CMP_11582,the indoor gym equipment cable snapped while a student was lifting heavy weights.,Sports,High
CMP_11583,The plates and spoons provided in the dining hall are sticky and oily.,Mess,Low
CMP_11584,more than 15 students have reported severe stomach aches and vomiting after eating at the mess.,Mess,High
CMP_11585,"the swimming pool water is green, murky, and causing skin rashes due to lack of filtration.",Sports,High
CMP_11586,The main circuit breaker keeps tripping every time the air conditioner is turned on.,Electricity,High
CMP_11587,WiFi keeps disconnecting every 30 minutes in the common room.,Internet,Low
CMP_11588,A student is unconscious and unresponsive in room 201 following a sudden seizure.,Medical,Critical
CMP_11589,Oscilloscope number 35 in the electronics lab shows a distorted calibration line.,Laboratory,Medium
CMP_11590,Live naked electric wires are exposed in the hallway of the third floor near the water cooler.,Electricity,Critical
CMP_11591,The seat covers on campus bus number B-07 are torn and dirty.,Transport,Low
CMP_11592,WiFi keeps disconnecting every 30 minutes in the common room.,Internet,Low
CMP_11593,Essential primary medicines like paracetamol and antacids are out of stock at the pharmacy.,Medical,Medium
CMP_11594,Sewage backflow coming out of the floor drains in the ground floor bathrooms.,Plumbing,Critical
CMP_11595,The mouse attached to computer terminal 30 in the computer lab is rally malfunctioning.,Laboratory,Low
CMP_11596,The elevator in Hostel 5 is jerking badly while moving between floors.,Hostel,Medium
CMP_11597,An entire batch's official physical final marksheets and degree registry files were destroyed.,Academic,Critical
CMP_11598,the indoor gym equipment cable snapped while a student was lifting heavy weights.,Sports,High
CMP_11599,The balcony railing on the third floor of Hostel 9 is completely detached and hanging.,Hostel,Critical
CMP_11600,The driver of route B-01 was driving extremely recklessly and speeding over speed bumps.,Transport,High
CMP_11601,the main entry door lock for room 313 is completely broken and cannot be locked.,Hostel,High
CMP_11602,The projector screen in classroom 231 is manually jammed and won't roll down smoothly.,Academic,Low
CMP_11603,"A large chunk of plaster fell from the ceiling in room 517, narrowly missing a student.",Hostel,Critical
CMP_11604,"The authentication gateway server is down, preventing any student from logging into the internet.",Internet,High
CMP_11605,The visitor logbook at the entrance gate is not being filled out properly by guards.,Security,Low
CMP_11606,"An emergency patient arrived, but the campus ambulance oxygen cylinder was found empty.",Medical,High
CMP_11607,The main circuit breaker keeps tripping every time the air conditioner is turned on.,Electricity,High
CMP_11608,One of the three tube lights in room 192 has fused.,Electricity,Low
CMP_11609,The CCTV camera covering the main entrance of Girls Hostel Block C is out of focus and blurred.,Security,Medium
CMP_11610,Toxic chemical cleaning agent accidentally spilled into the major cooking vessel containing soup.,Mess,Critical
CMP_11611,"the overhead water tank is overflowing heavily, leaking directly into the main electric generator room.",Plumbing,Critical
CMP_11612,The drinking water dispenser in the mess area has a strange muddy taste.,Mess,Medium
CMP_11613,The main circuit breaker keeps tripping every time the air conditioner is turned on.,Electricity,High
CMP_11614,The barcode scanner at the return counter is failing to scan books quickly.,Library,Low
CMP_11615,Toxic chemical cleaning agent accidentally spilled into the major cooking vessel containing soup.,Mess,Critical
CMP_11616,several pages are torn or missing from the core reference book for course code ma-201.,Library,Medium
CMP_11617,Complete power blackout in the entire wing of Hostel 9 for over 6 hours.,Electricity,High
CMP_11618,A major collision involving the university transport bus occurred near the main city crossing.,Transport,Critical
CMP_11619,Firewalls are blocking access to critical academic research servers and repository sites entirely.,Internet,Critical
CMP_11620,The page load time for the student portal is very high on the campus network.,Internet,Low
CMP_11621,Several pages are torn or missing from the core reference book for course code EE-302.,Library,Medium
CMP_11622,The grip tape on the badminton racquets in the inventory is completely worn out.,Sports,Low
CMP_11623,The page load time for the student portal is very high on the campus network.,Internet,Low
CMP_11624,The air conditioning in the long-route university bus number B-04 is completely broken.,Transport,Medium
CMP_11625,The weight scale machine at the triage counter shows incorrect calibration metrics.,Medical,Low
CMP_11626,the drinking water dispenser in the mess area has a strange muddy taste.,Mess,Medium
CMP_11627,More than 15 students have reported severe stomach aches and vomiting after eating at the mess.,Mess,High
CMP_11628,The balcony railing on the ground floor of Boys Hostel Block A is rally completely detached and hanging.,Hostel,Critical
CMP_11629,the whiteboard markers provided to professors are mostly dried up and unreadable.,Academic,Low
CMP_11630,The main circuit breaker keeps tripping every time the air conditioner is turned on.,Electricity,High
CMP_11631,Complete lack of running water in the entire hostel building since morning.,Plumbing,High
CMP_11632,The online portal failed to register the elective course preferences due to a script error.,Academic,Medium
CMP_11633,the elevator in hostel 9 is jerking badly while moving between floors.,Hostel,Medium
CMP_11634,"The floodlights on the football ground are not turning on, stopping evening practice.",Sports,Medium
CMP_11635,Bedbugs found in the mattress provided in room 428 of Hostel 9.,Hostel,Medium
CMP_11636,the mouse attached to computer terminal 20 in the computer lab is malfunctioning.,Laboratory,Low
CMP_11637,The biosafety cabinet ventilation failed while handling pathogenic bacterial samples.,Laboratory,Critical
CMP_11638,The visitor logbook at the entrance gate is rally nt being filled out properly by guards.,Security,Low
CMP_11639,A violent physical brawl broke out between two large student groups in the main corridor.,Security,Critical
CMP_11640,Sparking and a burning plastic smell coming from the distribution board near room 467.,Electricity,Critical
CMP_11641,An unidentified suspicious outsider entered the hostel premises without authorization or ID check.,Security,High
CMP_11642,An armed intruder managed to scale the boundary wall and enter the girls' hostel campus.,Security,Critical
CMP_11643,A major collision involving the university transport bus occurred near the main city crossing.,Transport,Critical
CMP_11644,Live naked electric wires are exposed in the hallway of the second floor near the water cooler.,Electricity,Critical
CMP_11645,More than 15 students have reported severe stomach aches and vomiting after eating at the mess.,Mess,High
CMP_11646,The toilet flush mechanism in bathroom 5 is broken and not working.,Plumbing,Medium
CMP_11647,The page load time for the student portal is very high on the campus network.,Internet,Low
CMP_11648,bedbugs found in the mattress provided in room 312 of boys hostel block a.,Hostel,Medium
CMP_11649,Live naked electric wires are exposed in the hallway of the first floor near the water cooler.,Electricity,Critical
CMP_11650,"The air conditioning system in the reading room is turned off, making it suffocating.",Library,Medium
CMP_11651,"the quality of the lunch provided today was extremely poor, the rice was half-cooked.",Mess,Medium
CMP_11652,A student is unconscious and unresponsive in room 538 following a sudden seizure.,Medical,Critical
CMP_11653,Water drain in the common washroom is rally slow to clear.,Plumbing,Low
CMP_11654,The glass burettes in the chemistry lab have faint graduation marks that are hard to read.,Laboratory,Low
CMP_11655,the seat covers on campus bus number b-01 are torn and dirty.,Transport,Low
CMP_11656,the fume hood in the organic chemistry lab has very weak suction and ventilation.,Laboratory,Medium
CMP_11657,"The corridor lights on the third floor are nt workin, making it pitch dark at night.",Electricity,Medium
CMP_11658,The brakes of campus bus number B-12 failed completely while descending the hill road.,Transport,Critical
CMP_11659,The elevator in Hostel 9 is jerking badly while moving between floors.,Hostel,Medium
CMP_11660,A major collision involving the university transport bus occurred near the main city crossing.,Transport,Critical
CMP_11661,"The spectator stands collapsed during the annual track event, injuring several onlookers.",Sports,Critical
CMP_11662,Several pages are torn or missing from the core reference book for course code CH-111.,Library,Medium
CMP_11663,The visitor logbook at the entrance gate is not being filled out properly by guards.,Security,Low
CMP_11664,The indoor gym equipment cable snapped while a student was lifting heavy weights.,Sports,High
CMP_11665,"The floodlights on the football ground are not turning on, stopping evening practice.",Sports,Medium
CMP_11666,Frequent voltage fluctuations in Boys Hostel Block B are causing laptops to restart continuously.,Electricity,Medium
CMP_11667,The toilet flush mechanism in bathroom 6 is broken and not working.,Plumbing,Medium
CMP_11668,the grip tape on the badminton racquets in the inventory is completely worn out.,Sports,Low
CMP_11669,Sewage backflow coming out of the floor drains in the ground floor bathrooms.,Plumbing,Critical
CMP_11670,A major collision involving the university transport bus occurred near the main city crossing.,Transport,Critical
CMP_11671,The seat covers on campus bus number Shuttle-A are torn and dirty.,Transport,Low
CMP_11672,"The corridor lights on the second floor are not working, making it pitch dark at night.",Electricity,Medium
CMP_11673,The weight scale machine at the triage counter shows incorrect calibration metrics.,Medical,Low
CMP_11674,A professor is refusing to accept legitimate medical certificates for mandatory attendance criteria.,Academic,High
CMP_11675,The grip tape on the badminton racquets in the inventory is completely worn out.,Sports,Low
CMP_11676,The automated book search kiosk terminal is running extremely slowly.,Library,Low
CMP_11677,The barcode scanner at the return counter is failing to scan books quickly.,Library,Low
CMP_11678,The automated emergency fire suppression sprinklers in the main book stack area went off falsely.,Library,Critical
CMP_11679,A dangerous chemical spill of concentrated sulfuric acid occurred on bench 11.,Laboratory,Critical
CMP_11680,A bicycle locked near block PG Married Hostel was stolen during broad daylight.,Security,Medium
CMP_11681,The elevator in Boys Hostel Block A is jerking badly while moving between floors.,Hostel,Medium
CMP_11682,"The morning campus bus is severely overcrowded, forcing students to stand on the footboard.",Transport,Medium
CMP_11683,The online portal failed to register the elective course preferences due to a script error.,Academic,Medium
CMP_11684,wifi keeps disconnecting every 30 minutes in the common room.,Internet,Low
CMP_11685,The weight scale machine at the triage counter shows incorrect calibration metrics.,Medical,Low
CMP_11686,"The corridor lights on the first floor are not working, making it pitch dark at night.",Electricity,Medium
CMP_11687,The study lamp socket on table 33 is not drawing any power.,Electricity,Low
CMP_11688,Rainwater is rally leaking from the roof directly onto the rare manuscript and book archive section.,Library,High
CMP_11689,the main fiber optic line to the engineering department block was cut during construction work.,Internet,Critical
CMP_11690,the plates and spoons provided in the dining hall are sticky and oily.,Mess,Low
CMP_11691,The on-duty doctor was absent during the specified night shift hours at the clinic.,Medical,High
CMP_11692,One of the external streetlights near the parking lot is flickering.,Security,Low
CMP_11693,The window latch in room 463 is loose and needs to be tightened.,Hostel,Low
CMP_11694,The barcode scanner at the return counter is failing to scan books quickly.,Library,Low
CMP_11695,The barcode scanner at the return counter is failing to scan books quickly.,Library,Low
CMP_11696,A violent physical brawl broke out between two large student groups in the main corridor.,Security,Critical
CMP_11697,The exam paper leaked online an hour prior to the scheduled examination schedule.,Academic,High
CMP_11698,The WiFi network speed in PG Married Hostel has dropped below 1 Mbps since yesterday.,Internet,Medium
CMP_11699,Mass scale technical malpractice detected during the online proctored placement exams.,Academic,Critical
CMP_11700,The mouse attached to computer terminal 21 in the computer lab is malfunctioning.,Laboratory,Low
CMP_11701,"The quality of the lunch provided today was extremely poor, the rice was half-cooked.",Mess,Medium
CMP_11702,the driver of route b-07 was driving extremely recklessly and speeding over speed bumps.,Transport,High
CMP_11703,The toilet flush mechanism in bathroom 2 is broken and not working.,Plumbing,Medium
CMP_11704,wifi keeps disconnecting every 30 minutes in the common room.,Internet,Low
CMP_11705,"The quality of the lunch provided today was extremely poor, the rice was half-cooked.",Mess,Medium
CMP_11706,The evening shuttle bus arrived 20 minutes later than the scheduled timetable.,Transport,Low
CMP_11707,Sewage backflow coming out of the floor drains in the ground floor bathrooms.,Plumbing,Critical
CMP_11708,The whiteboard markers provided to professors are mostly dried up and unreadable.,Academic,Low
CMP_11709,A bicycle locked near block PG Married Hostel was stolen during broad daylight.,Security,Medium
CMP_11710,"The library structural pillars in the basement are showing deep cracks, causing panic.",Library,Critical
CMP_11711,The visitor logbook at the entrance gate is not being filled out properly by guards.,Security,Low
CMP_11712,the digital thermometer at the campus clinic is out of battery and not replaced.,Medical,Medium
CMP_11713,The window latch in room 246 is loose and needs to be tightened.,Hostel,Low
CMP_11714,The washbasin tap in room 122 is dripping slowly continuously.,Plumbing,Low
CMP_11715,A gas cylinder regulator valve in the chemical laboratory is jammed and leaking a distinct smell.,Laboratory,High
CMP_11716,Complete network outage across the entire Hostel 5 block preventing project submissions.,Internet,High
CMP_11717,The breakfast was served cold today at the counter.,Mess,Low
CMP_11718,The digital thermometer at the campus clinic is out of battery and not replaced.,Medical,Medium
CMP_11719,Water drain in the common washroom is slow to clear.,Plumbing,Low
CMP_11720,the on-duty doctor was absent during the specified night shift hours at the clinic.,Medical,High
CMP_11721,Toxic chemical cleaning agent accidentally spilled into the major cooking vessel containing soup.,Mess,Critical
CMP_11722,The college bus broke down in the middle of a deserted highway during an intercity trip.,Transport,High
CMP_11723,"An emergency patient arrived, but the campus ambulance oxygen cylinder was found empty.",Medical,High
CMP_11724,The page load time for the student portal is very high on the campus network.,Internet,Low
CMP_11725,Sewage backflow coming out of the floor drains in the ground floor bathrooms.,Plumbing,Critical
CMP_11726,The balcony railing on the ground floor of Girls Hostel Block C is completely detached and hanging.,Hostel,Critical
CMP_11727,The WiFi network speed in PG Married Hostel has dropped below 1 Mbps since yesterday.,Internet,Medium
CMP_11728,the air conditioning in the long-route university bus number shuttle-c is completely broken.,Transport,Medium
CMP_11729,"the overhead water tank is overflowing heavily, leaking directly into the main electric generator room.",Plumbing,Critical
CMP_11730,The visitor logbook at the entrance gate is not being filled out properly by guards.,Security,Low
CMP_11731,The mouse attached to computer terminal 19 in the computer lab is malfunctioning.,Laboratory,Low
CMP_11732,One of the three tube lights in room 539 has fused.,Electricity,Low
CMP_11733,the nylon net on the basketball hoop is torn and needs replacement.,Sports,Low
CMP_11734,The WiFi network speed in PG Married Hostel has dropped below 1 Mbps since yesterday.,Internet,Medium
CMP_11735,Frequent voltage fluctuations in Hostel 5 are causing laptops to restart continuously.,Electricity,Medium
CMP_11736,"The spectator stands collapsed during the annual track event, injuring several onlookers.",Sports,Critical
CMP_11737,"The morning campus bus is severely overcrowded, forcing students to stand on the footboard.",Transport,Medium
CMP_11738,A gas cylinder regulator valve in the chemical laboratory is jammed and leaking a distinct smell.,Laboratory,High
CMP_11739,water drain in the common washroom is slow to clear.,Plumbing,Low
CMP_11740,"A heavy steel goalpost tip-over occurred, pinning a student player to the ground.",Sports,Critical
CMP_11741,the mouse attached to computer terminal 17 in the computer lab is malfunctioning.,Laboratory,Low
CMP_11742,"The spectator stands collapsed during the annual track event, injuring several onlookers.",Sports,Critical
CMP_11743,The driver of route B-04 was driving extremely recklessly and speeding over speed bumps.,Transport,High
CMP_11744,The page load time for the student portal is very high on the campus network.,Internet,Low
CMP_11745,The study lamp socket on table 22 is not drawing any power.,Electricity,Low
CMP_11746,The visitor logbook at the entrance gate is not being filled out properly by guards.,Security,Low
CMP_11747,Oscilloscope number 27 in the electronics lab shows a distorted calibration line.,Laboratory,Medium
CMP_11748,"the morning campus bus is severely overcrowded, forcing students to stand on the footboard.",Transport,Medium
CMP_11749,A caterpillar and dead flies were found in the vegetable curry served during dinner.,Mess,High
CMP_11750,The weight scale machine at the triage counter shows incorrect calibration metrics.,Medical,Low
CMP_11751,Water drain in the common washroom is rally slow to clear.,Plumbing,Low
CMP_11752,The digital thermometer at the campus clinic is out of battery and not replaced.,Medical,Medium
CMP_11753,A major collision involving the university transport bus occurred near the main city crossing.,Transport,Critical
CMP_11754,"The swimming pool water is green, murky, and causing skin rashes due to lack of filtration.",Sports,High
CMP_11755,A gas cylinder regulator valve in the chemical laboratory is jammed and leaking a distinct smell.,Laboratory,High
CMP_11756,The elevator in Boys Hostel Block A is jerking badly while moving between floors.,Hostel,Medium
CMP_11757,A violent physical brawl broke out between two large student groups in the main corridor.,Security,Critical
CMP_11758,rainwater is rally leaking from the roof directly onto the rare manuscript and book archive section.,Library,High
CMP_11759,"The corridor lights on the first floor are not working, making it pitch dark at night.",Electricity,Medium
CMP_11760,The mouse attached to computer terminal 32 in the computer lab is malfunctioning.,Laboratory,Low
CMP_11761,the washbasin tap in room 203 is dripping slowly continuously.,Plumbing,Low
CMP_11762,The weight scale machine at the triage counter shows incorrect calibration metrics.,Medical,Low
CMP_11763,The weight scale machine at the triage counter shows incorrect calibration metrics.,Medical,Low
CMP_11764,Firewalls are blocking access to critical academic research servers and repository sites entirely.,Internet,Critical
CMP_11765,the projector screen in classroom 246 is manually jammed and won't roll down smoothly.,Academic,Low
CMP_11766,"An emergency patient arrived, but the campus ambulance oxygen cylinder was found empty.",Medical,High
CMP_11767,The ceiling fan in room 411 is making a slight clicking sound.,Hostel,Low
CMP_11768,"The swimming pool water is green, murky, and causing skin rashes due to lack of filtration.",Sports,High
CMP_11769,Water drain in the common washroom is slow to clear.,Plumbing,Low
CMP_11770,The air conditioning in the long-route university bus number B-12 is completely broken.,Transport,Medium
CMP_11771,The exam paper leaked online an hour prior to the scheduled examination schedule.,Academic,High
CMP_11772,The digital thermometer at the campus clinic is out of battery and not replaced.,Medical,Medium
CMP_11773,The indoor gym equipment cable snapped while a student was lifting heavy weights.,Sports,High
CMP_11774,"The library structural pillars in the basement are showing deep cracks, causing panic.",Library,Critical
CMP_11775,"The overhead water tank is overflowing heavily, leaking directly into the main electric generator room.",Plumbing,Critical
CMP_11776,A violent physical brawl broke out between two large student groups in the main corridor.,Security,Critical
CMP_11777,LAN connection port in room 258 is physically damaged and loose.,Internet,Medium
CMP_11778,One of the three tube lights in room 449 has fused.,Electricity,Low
CMP_11779,"The morning campus bus is severely overcrowded, forcing students to stand on the footboard.",Transport,Medium
CMP_11780,Essential primary medicines like paracetamol and antacids are out of stock at the pharmacy.,Medical,Medium
CMP_11781,The breakfast was served cold today at the counter.,Mess,Low
CMP_11782,The page load time for the student portal is very high on the campus network.,Internet,Low
CMP_11783,An unidentified suspicious outsider entered the hostel premises without authorization or ID check.,Security,High
CMP_11784,"The library structural pillars in the basement are showing deep cracks, causing panic.",Library,Critical
CMP_11785,Several pages are torn or missing from the core reference book for course code PH-102.,Library,Medium
CMP_11786,The grades for the semester final exams haven't been updated even after 3 weeks of submission.,Academic,Medium
CMP_11787,A student is unconscious and unresponsive in room 379 following a sudden seizure.,Medical,Critical
CMP_11788,A major collision involving the university transport bus occurred near the main city crossing.,Transport,Critical
CMP_11789,the college bus broke down in the middle of a deserted highway during an intercity trip.,Transport,High
CMP_11790,The biosafety cabinet ventilation failed while handling pathogenic bacterial samples.,Laboratory,Critical
CMP_11791,A major collision involving the university transport bus occurred near the main city crossing.,Transport,Critical
CMP_11792,the study lamp socket on table 12 is not drawing any power.,Electricity,Low
CMP_11793,One of the three tube lights in room 144 has fused.,Electricity,Low
CMP_11794,sewage backflow coming out of the floor drains in the ground floor bathrooms.,Plumbing,Critical
CMP_11795,the indoor gym equipment cable snapped while a student was lifting heavy weights.,Sports,High
CMP_11796,The weight scale machine at the triage counter shows incorrect calibration metrics.,Medical,Low
CMP_11797,The CCTV camera covering the main entrance of Hostel 9 is out of focus and blurred.,Security,Medium
CMP_11798,The main fiber optic line to the engineering department block was cut during construction work.,Internet,Critical
CMP_11799,"the library structural pillars in the basement are showing deep cracks, causing panic.",Library,Critical
CMP_11800,Sparking and a burning plastic smell coming from the distribution board near room 542.,Electricity,Critical
CMP_11801,The washbasin tap in room 207 is dripping slowly continuously.,Plumbing,Low
CMP_11802,A critical cardiac emergency occurred at the sports arena and the emergency response was delayed.,Medical,Critical
CMP_11803,"An emergency patient arrived, but the campus ambulance oxygen cylinder was found empty.",Medical,High
CMP_11804,"The main water pipeline has burst, causing massive flooding in the basement of PG Married Hostel.",Plumbing,High
CMP_11805,The projector screen in classroom 275 is manually jammed and won't roll down smoothly.,Academic,Low
CMP_11806,The waiting time at the campus health center exceeded an hour for a routine checkup.,Medical,Low
CMP_11807,The digital thermometer at the campus clinic is out of battery and not replaced.,Medical,Medium
CMP_11808,The driver of route Shuttle-A was driving extremely recklessly and speeding over speed bumps.,Transport,High
CMP_11809,The biosafety cabinet ventilation failed while handling pathogenic bacterial samples.,Laboratory,Critical
CMP_11810,Mass scale technical malpractice detected during the online proctored placement exams.,Academic,Critical
CMP_11811,The on-duty doctor was absent during the specified night shift hours at the clinic.,Medical,High
CMP_11812,The whiteboard markers provided to professors are mostly dried up and unreadable.,Academic,Low
CMP_11813,The main server rack hosting all student terminal virtual machines has crashed entirely.,Laboratory,High
CMP_11814,The brakes of campus bus number B-01 failed completely while descending the hill road.,Transport,Critical
CMP_11815,A caterpillar and dead flies were found in the vegetable curry served during dinner.,Mess,High
CMP_11816,A major collision involving the university transport bus occurred near the main city crossing.,Transport,Critical
CMP_11817,The automated book search kiosk terminal is running extremely slowly.,Library,Low
CMP_11818,The waiting time at the campus health center exceeded an hour for a routine checkup.,Medical,Low
CMP_11819,The ceiling fan in room 543 is making a slight clicking sound.,Hostel,Low
CMP_11820,Water drain in the common washroom is slow to clear.,Plumbing,Low
CMP_11821,The mouse attached to computer terminal 36 in the computer lab is malfunctioning.,Laboratory,Low
CMP_11822,the main server rack hosting all student terminal virtual machines has crashed entirely.,Laboratory,High
CMP_11823,"The synthetic track surface near the curve has peeled off, posing a tripping hazard.",Sports,Medium
CMP_11824,The glass burettes in the chemistry lab have faint graduation marks that are hard to read.,Laboratory,Low
CMP_11825,A gas cylinder regulator valve in the chemical laboratory is jammed and leaking a distinct smell.,Laboratory,High
CMP_11826,Water drain in the common washroom is slow to clear.,Plumbing,Low
CMP_11827,The breakfast was served cold today at the counter.,Mess,Low
CMP_11828,The projector screen in classroom 102 is manually jammed and won't roll down smoothly.,Academic,Low
CMP_11829,A dangerous chemical spill of concentrated sulfuric acid occurred on bench 11.,Laboratory,Critical
CMP_11830,"The spectator stands collapsed during the annual track event, injuring several onlookers.",Sports,Critical
CMP_11831,Sparking and a burning plastic smell coming from the distribution board near room 401.,Electricity,Critical
CMP_11832,Frequent voltage fluctuations in Girls Hostel Block C are causing laptops to restart continuously.,Electricity,Medium
CMP_11833,The exam paper leaked online an hour prior to the scheduled examination schedule.,Academic,High
CMP_11834,The balcony railing on the ground floor of Girls Hostel Block C is completely detached and hanging.,Hostel,Critical
CMP_11835,LAN connection port in room 456 is physically damaged and loose.,Internet,Medium
CMP_11836,A professor is refusing to accept legitimate medical certificates for mandatory attendance criteria.,Academic,High
CMP_11837,The automated book search kiosk terminal is running extremely slowly.,Library,Low
CMP_11838,Several pages are torn or missing from the core reference book for course code CS-101.,Library,Medium
CMP_11839,Sewage backflow coming out of the floor drains in the ground floor bathrooms.,Plumbing,Critical
CMP_11840,The ceiling fan in room 427 is making a slight clicking sound.,Hostel,Low
CMP_11841,The air conditioning in the long-route university bus number B-12 is completely broken.,Transport,Medium
CMP_11842,The CCTV camera covering the main entrance of Boys Hostel Block A is out of focus and blurred.,Security,Medium
CMP_11843,the air conditioning in the long-route university bus number shuttle-c is completely broken.,Transport,Medium
CMP_11844,A professor is rally refusing to accept legitimate medical certificates for mandatory attendance criteria.,Academic,High
CMP_11845,The glass burettes in the chemistry lab have faint graduation marks that are hard to read.,Laboratory,Low
CMP_11846,An armed intruder managed to scale the boundary wall and enter the girls' hostel campus.,Security,Critical
CMP_11847,Water drain in the common washroom is slow to clear.,Plumbing,Low
CMP_11848,one of the three tube lights in room 229 has fused.,Electricity,Low
CMP_11849,The driver of route B-01 was driving extremely recklessly and speeding over speed bumps.,Transport,High
CMP_11850,The ceiling fan in room 309 is making a slight clicking sound.,Hostel,Low
CMP_11851,The on-duty doctor was absent during the specified night shift hours at the clinic.,Medical,High
CMP_11852,"The authentication gateway server is rally down, preventing any student from logging into the internet.",Internet,High
CMP_11853,The weight scale machine at the triage counter shows incorrect calibration metrics.,Medical,Low
CMP_11854,The glass burettes in the chemistry lab have faint graduation marks that are hard to read.,Laboratory,Low
CMP_11855,"the swimming pool water is green, murky, and causing skin rashes due to lack of filtration.",Sports,High
CMP_11856,The toilet flush mechanism in bathroom 2 is rally broken and nt workin.,Plumbing,Medium
CMP_11857,an entire batch's official physical final marksheets and degree registry files were destroyed.,Academic,Critical
CMP_11858,The study lamp socket on table 36 is not drawing any power.,Electricity,Low
CMP_11859,A critical cardiac emergency occurred at the sports arena and the emergency response was delayed.,Medical,Critical
CMP_11860,One of the three tube lights in room 194 has fused.,Electricity,Low
CMP_11861,"The synthetic track surface near the curve has peeled off, posing a tripping hazard.",Sports,Medium
CMP_11862,The main entry door lock for room 515 is rally completely broken and cannt be locked.,Hostel,High
CMP_11863,The visitor logbook at the entrance gate is not being filled out properly by guards.,Security,Low
CMP_11864,A dangerous chemical spill of concentrated sulfuric acid occurred on bench 15.,Laboratory,Critical
CMP_11865,The driver of route Shuttle-A was driving extremely recklessly and speeding over speed bumps.,Transport,High
CMP_11866,The window latch in room 187 is rally loose and needs to be tightened.,Hostel,Low
CMP_11867,A student is unconscious and unresponsive in room 255 following a sudden seizure.,Medical,Critical
CMP_11868,Complete network outage across the entire Boys Hostel Block B block preventing project submissions.,Internet,High
CMP_11869,The exam paper leaked online an hour prior to the scheduled examination schedule.,Academic,High
CMP_11870,A group of outsiders are picking fights and ragging students outside the main campus gate.,Security,High
CMP_11871,One of the external streetlights near the parking lot is flickering.,Security,Low
CMP_11872,Several pages are torn or missing from the core reference book for course code EE-302.,Library,Medium
CMP_11873,The driver of route B-12 was driving extremely recklessly and speeding over speed bumps.,Transport,High
CMP_11874,"The air conditioning system in the reading room is turned off, making it suffocating.",Library,Medium
CMP_11875,Rainwater is rally leaking from the roof directly onto the rare manuscript and book archive section.,Library,High
CMP_11876,The air conditioning in the long-route university bus number Shuttle-C is completely broken.,Transport,Medium
CMP_11877,"The library structural pillars in the basement are showing deep cracks, causing panic.",Library,Critical
CMP_11878,"The floodlights on the football ground are not turning on, stopping evening practice.",Sports,Medium
CMP_11879,The breakfast was served cold today at the counter.,Mess,Low
CMP_11880,The waiting time at the campus health center exceeded an hour for a routine checkup.,Medical,Low
CMP_11881,the biosafety cabinet ventilation failed while handling pathogenic bacterial samples.,Laboratory,Critical
CMP_11882,The evening shuttle bus arrived 20 minutes later than the scheduled timetable.,Transport,Low
CMP_11883,A critical cardiac emergency occurred at the sports arena and the emergency response was delayed.,Medical,Critical
CMP_11884,A dangerous chemical spill of concentrated sulfuric acid occurred on bench 14.,Laboratory,Critical
CMP_11885,the projector screen in classroom 512 is manually jammed and won't roll down smoothly.,Academic,Low
CMP_11886,the grades for the semester final exams haven't been updated even after 3 weeks of submission.,Academic,Medium
CMP_11887,"The air conditioning system in the reading room is turned off, making it suffocating.",Library,Medium
CMP_11888,The exam paper leaked online an hour prior to the scheduled examination schedule.,Academic,High
CMP_11889,The study lamp socket on table 33 is not drawing any power.,Electricity,Low
CMP_11890,The driver of route Shuttle-A was driving extremely recklessly and speeding over speed bumps.,Transport,High
CMP_11891,A bicycle locked near block Boys Hostel Block A was stolen during broad daylight.,Security,Medium
CMP_11892,"The authentication gateway server is rally down, preventing any student from logging into the internet.",Internet,High
CMP_11893,An entire batch's official physical final marksheets and degree registry files were destroyed.,Academic,Critical
CMP_11894,Mass scale technical malpractice detected during the online proctored placement exams.,Academic,Critical
CMP_11895,The college bus broke down in the middle of a deserted highway during an intercity trip.,Transport,High
CMP_11896,"The swimming pool water is green, murky, and causing skin rashes due to lack of filtration.",Sports,High
CMP_11897,Complete lack of running water in the entire hostel building since morning.,Plumbing,High
CMP_11898,One of the external streetlights near the parking lot is flickering.,Security,Low
CMP_11899,A group of outsiders are picking fights and ragging students outside the main campus gate.,Security,High
CMP_11900,An unidentified suspicious outsider entered the hostel premises without authorization or ID check.,Security,High
CMP_11901,A dangerous chemical spill of concentrated sulfuric acid occurred on bench 5.,Laboratory,Critical
CMP_11902,An unidentified suspicious outsider entered the hostel premises without authorization or ID check.,Security,High
CMP_11903,The fume hood in the organic chemistry lab has very weak suction and ventilation.,Laboratory,Medium
CMP_11904,The mouse attached to computer terminal 21 in the computer lab is malfunctioning.,Laboratory,Low
CMP_11905,The exam paper leaked online an hour prior to the scheduled examination schedule.,Academic,High
CMP_11906,"The corridor lights on the first floor are not working, making it pitch dark at night.",Electricity,Medium
CMP_11907,The main server rack hosting all student terminal virtual machines has crashed entirely.,Laboratory,High
CMP_11908,A professor is refusing to accept legitimate medical certificates for mandatory attendance criteria.,Academic,High
CMP_11909,The online portal failed to register the elective course preferences due to a script error.,Academic,Medium
CMP_11910,Rainwater is leaking from the roof directly onto the rare manuscript and book archive section.,Library,High
CMP_11911,Live naked electric wires are exposed in the hallway of the first floor near the water cooler.,Electricity,Critical
CMP_11912,"The authentication gateway server is down, preventing any student from logging into the internet.",Internet,High
CMP_11913,One of the external streetlights near the parking lot is flickering.,Security,Low
CMP_11914,The visitor logbook at the entrance gate is rally nt being filled out properly by guards.,Security,Low
CMP_11915,Firewalls are blocking access to critical academic research servers and repository sites entirely.,Internet,Critical
CMP_11916,The driver of route Shuttle-A was driving extremely recklessly and speeding over speed bumps.,Transport,High
CMP_11917,The biosafety cabinet ventilation failed while handling pathogenic bacterial samples.,Laboratory,Critical
CMP_11918,The seat covers on campus bus number B-01 are torn and dirty.,Transport,Low
CMP_11919,Complete power blackout in the entire wing of Girls Hostel Block C for over 6 hours.,Electricity,High
CMP_11920,A major collision involving the university transport bus occurred near the main city crossing.,Transport,Critical
CMP_11921,More than 15 students have reported severe stomach aches and vomiting after eating at the mess.,Mess,High
CMP_11922,the seat covers on campus bus number shuttle-a are torn and dirty.,Transport,Low
CMP_11923,The page load time for the student portal is very high on the campus network.,Internet,Low
CMP_11924,"The main water pipeline has burst, causing massive flooding in the basement of Boys Hostel Block B.",Plumbing,High
CMP_11925,The cooking staff are using severely expired ingredients and rotten meat in the kitchen.,Mess,Critical
CMP_11926,The balcony railing on the fourth floor of Girls Hostel Block D is completely detached and hanging.,Hostel,Critical
CMP_11927,An entire batch's official physical final marksheets and degree registry files were destroyed.,Academic,Critical
CMP_11928,The exam paper leaked online an hour prior to the scheduled examination schedule.,Academic,High
CMP_11929,The on-duty doctor was absent during the specified night shift hours at the clinic.,Medical,High
CMP_11930,The visitor logbook at the entrance gate is not being filled out properly by guards.,Security,Low
CMP_11931,An armed intruder managed to scale the boundary wall and enter the girls' hostel campus.,Security,Critical
CMP_11932,Complete power blackout in the entire wing of Girls Hostel Block C for over 6 hours.,Electricity,High
CMP_11933,Essential primary medicines like paracetamol and antacids are out of stock at the pharmacy.,Medical,Medium
CMP_11934,"A heavy steel goalpost tip-over occurred, pinning a student player to the ground.",Sports,Critical
CMP_11935,"The library structural pillars in the basement are showing deep cracks, causing panic.",Library,Critical
CMP_11936,Oscilloscope number 35 in the electronics lab shows a distorted calibration line.,Laboratory,Medium
CMP_11937,An armed intruder managed to scale the boundary wall and enter the girls' hostel campus.,Security,Critical
CMP_11938,A violent physical brawl broke out between two large student groups in the main corridor.,Security,Critical
CMP_11939,Water drain in the common washroom is slow to clear.,Plumbing,Low
CMP_11940,The plates and spoons provided in the dining hall are sticky and oily.,Mess,Low
CMP_11941,the nylon net on the basketball hoop is torn and needs replacement.,Sports,Low
CMP_11942,An entire batch's official physical final marksheets and degree registry files were destroyed.,Academic,Critical
CMP_11943,Sewage backflow coming out of the floor drains in the ground floor bathrooms.,Plumbing,Critical
CMP_11944,A caterpillar and dead flies were found in the vegetable curry served during dinner.,Mess,High
CMP_11945,Sparking and a burning plastic smell coming from the distribution board near room 518.,Electricity,Critical
CMP_11946,the ceiling fan in room 414 is rally making a slight clicking sound.,Hostel,Low
CMP_11947,"The main water pipeline has burst, causing massive flooding in the basement of Girls Hostel Block D.",Plumbing,High
CMP_11948,The window latch in room 518 is loose and needs to be tightened.,Hostel,Low
CMP_11949,The CCTV camera covering the main entrance of Girls Hostel Block C is out of focus and blurred.,Security,Medium
CMP_11950,The automated emergency fire suppression sprinklers in the main book stack area went off falsely.,Library,Critical
CMP_11951,The biosafety cabinet ventilation failed while handling pathogenic bacterial samples.,Laboratory,Critical
CMP_11952,The cooking staff are using severely expired ingredients and rotten meat in the kitchen.,Mess,Critical
CMP_11953,"The swimming pool water is green, murky, and causing skin rashes due to lack of filtration.",Sports,High
CMP_11954,A major collision involving the university transport bus occurred near the main city crossing.,Transport,Critical
CMP_11955,More than 15 students have reported severe stomach aches and vomiting after eating at the mess.,Mess,High
CMP_11956,The barcode scanner at the return counter is failing to scan books quickly.,Library,Low
CMP_11957,Frequent voltage fluctuations in Hostel 9 are causing laptops to restart continuously.,Electricity,Medium
CMP_11958,A critical cardiac emergency occurred at the sports arena and the emergency response was delayed.,Medical,Critical
CMP_11959,One of the external streetlights near the parking lot is flickering.,Security,Low
CMP_11960,An armed intruder managed to scale the boundary wall and enter the girls' hostel campus.,Security,Critical
CMP_11961,A critical cardiac emergency occurred at the sports arena and the emergency response was delayed.,Medical,Critical
CMP_11962,rainwater is leaking from the roof directly onto the rare manuscript and book archive section.,Library,High
CMP_11963,The glass burettes in the chemistry lab have faint graduation marks that are hard to read.,Laboratory,Low
CMP_11964,sewage backflow coming out of the floor drains in the ground floor bathrooms.,Plumbing,Critical
CMP_11965,One of the external streetlights near the parking lot is flickering.,Security,Low
CMP_11966,"the authentication gateway server is down, preventing any student from logging into the internet.",Internet,High
CMP_11967,Toxic chemical cleaning agent accidentally spilled into the major cooking vessel containing soup.,Mess,Critical
CMP_11968,The window latch in room 371 is loose and needs to be tightened.,Hostel,Low
CMP_11969,the washbasin tap in room 497 is dripping slowly continuously.,Plumbing,Low
CMP_11970,The nylon net on the basketball hoop is rally torn and needs replacement.,Sports,Low
CMP_11971,The air conditioning in the long-route university bus number Shuttle-A is completely broken.,Transport,Medium
CMP_11972,An unidentified suspicious outsider entered the hostel premises without authorization or ID check.,Security,High
CMP_11973,More than 15 students have reported severe stomach aches and vomiting after eating at the mess.,Mess,High
CMP_11974,One of the three tube lights in room 106 has fused.,Electricity,Low
CMP_11975,The digital thermometer at the campus clinic is out of battery and not replaced.,Medical,Medium
CMP_11976,a dangerous chemical spill of concentrated sulfuric acid occurred on bench 32.,Laboratory,Critical
CMP_11977,"The floodlights on the football ground are not turning on, stopping evening practice.",Sports,Medium
CMP_11978,a critical cardiac emergency occurred at the sports arena and the emergency response was delayed.,Medical,Critical
CMP_11979,"A heavy steel goalpost tip-over occurred, pinning a student player to the ground.",Sports,Critical
CMP_11980,More than 15 students have reported severe stomach aches and vomiting after eating at the mess.,Mess,High
CMP_11981,Essential primary medicines like paracetamol and antacids are out of stock at the pharmacy.,Medical,Medium
CMP_11982,One of the external streetlights near the parking lot is flickering.,Security,Low
CMP_11983,The page load time for the student portal is very high on the campus network.,Internet,Low
CMP_11984,The CCTV camera covering the main entrance of Girls Hostel Block D is out of focus and blurred.,Security,Medium
CMP_11985,The visitor logbook at the entrance gate is not being filled out properly by guards.,Security,Low
CMP_11986,A student is unconscious and unresponsive in room 462 following a sudden seizure.,Medical,Critical
CMP_11987,No hot water supply in the showers of Boys Hostel Block B during early morning hours.,Plumbing,Medium
CMP_11988,Sewage backflow coming out of the floor drains in the ground floor bathrooms.,Plumbing,Critical
CMP_11989,The breakfast was served cold today at the counter.,Mess,Low
CMP_11990,The barcode scanner at the return counter is rally failing to scan books quickly.,Library,Low
CMP_11991,The washbasin tap in room 244 is dripping slowly continuously.,Plumbing,Low
CMP_11992,The page load time for the student portal is very high on the campus network.,Internet,Low
CMP_11993,A student is unconscious and unresponsive in room 465 following a sudden seizure.,Medical,Critical
CMP_11994,The washbasin tap in room 154 is dripping slowly continuously.,Plumbing,Low
CMP_11995,"A large chunk of plaster fell from the ceiling in room 505, narrowly missing a student.",Hostel,Critical
CMP_11996,A professor is refusing to accept legitimate medical certificates for mandatory attendance criteria.,Academic,High
CMP_11997,Frequent voltage fluctuations in Boys Hostel Block A are causing laptops to restart continuously.,Electricity,Medium
CMP_11998,Rainwater is leaking from the roof directly onto the rare manuscript and book archive section.,Library,High
CMP_11999,"An emergency patient arrived, but the campus ambulance oxygen cylinder was found empty.",Medical,High
CMP_12000,The indoor gym equipment cable snapped while a student was lifting heavy weights.,Sports,High
CMP_12001,The fume hood in the organic chemistry lab has very weak suction and ventilation.,Laboratory,Medium
CMP_12002,The main fiber optic line to the engineering department block was cut during construction work.,Internet,Critical
CMP_12003,The mouse attached to computer terminal 35 in the computer lab is malfunctioning.,Laboratory,Low
CMP_12004,The mouse attached to computer terminal 11 in the computer lab is malfunctioning.,Laboratory,Low
CMP_12005,The breakfast was served cold today at the counter.,Mess,Low
CMP_12006,The WiFi network speed in Boys Hostel Block B has dropped below 1 Mbps since yesterday.,Internet,Medium
CMP_12007,"The synthetic track surface near the curve has peeled off, posing a tripping hazard.",Sports,Medium
CMP_12008,Sewage backflow coming out of the floor drains in the ground floor bathrooms.,Plumbing,Critical
CMP_12009,A violent physical brawl broke out between two large student groups in the main corridor.,Security,Critical
CMP_12010,The digital thermometer at the campus clinic is rally out of battery and nt replaced.,Medical,Medium
CMP_12011,"The overhead water tank is overflowing heavily, leaking directly into the main electric generator room.",Plumbing,Critical
CMP_12012,The whiteboard markers provided to professors are mostly dried up and unreadable.,Academic,Low
CMP_12013,The air conditioning in the long-route university bus number B-07 is completely broken.,Transport,Medium
CMP_12014,Sparking and a burning plastic smell coming from the distribution board near room 166.,Electricity,Critical
CMP_12015,The online portal failed to register the elective course preferences due to a script error.,Academic,Medium
CMP_12016,"The main water pipeline has burst, causing massive flooding in the basement of Girls Hostel Block D.",Plumbing,High
CMP_12017,The college bus broke down in the middle of a deserted highway during an intercity trip.,Transport,High
CMP_12018,The main circuit breaker keeps tripping every time the air conditioner is turned on.,Electricity,High
CMP_12019,"An emergency patient arrived, but the campus ambulance oxygen cylinder was found empty.",Medical,High
CMP_12020,An entire batch's official physical final marksheets and degree registry files were destroyed.,Academic,Critical
CMP_12021,The cooking staff are using severely expired ingredients and rotten meat in the kitchen.,Mess,Critical
CMP_12022,The automated book search kiosk terminal is running extremely slowly.,Library,Low
CMP_12023,mass scale technical malpractice detected during the online proctored placement exams.,Academic,Critical
CMP_12024,The grades for the semester final exams haven't been updated even after 3 weeks of submission.,Academic,Medium
CMP_12025,The online portal failed to register the elective course preferences due to a script error.,Academic,Medium
CMP_12026,The biosafety cabinet ventilation failed while handling pathogenic bacterial samples.,Laboratory,Critical
CMP_12027,WiFi keeps disconnecting every 30 minutes in the common room.,Internet,Low
CMP_12028,"A large chunk of plaster fell from the ceiling in room 426, narrowly missing a student.",Hostel,Critical
CMP_12029,the cooking staff are using severely expired ingredients and rotten meat in the kitchen.,Mess,Critical
CMP_12030,The digital library portal is completely inaccessible right before the mid-term examinations.,Library,High
CMP_12031,The glass burettes in the chemistry lab have faint graduation marks that are hard to read.,Laboratory,Low
CMP_12032,A group of outsiders are picking fights and ragging students outside the main campus gate.,Security,High
CMP_12033,More than 15 students have reported severe stomach aches and vomiting after eating at the mess.,Mess,High
CMP_12034,Bedbugs found in the mattress provided in room 157 of Hostel 5.,Hostel,Medium
CMP_12035,Severe water leakage from the ceiling in room 446 damaging personal belongings.,Hostel,High
CMP_12036,a bicycle locked near block girls hostel block c was stolen during broad daylight.,Security,Medium
CMP_12037,The digital library portal is rally completely inaccessible right before the mid-term examinations.,Library,High
CMP_12038,A gas cylinder regulator valve in the chemical laboratory is jammed and leaking a distinct smell.,Laboratory,High
CMP_12039,The visitor logbook at the entrance gate is not being filled out properly by guards.,Security,Low
CMP_12040,"The quality of the lunch provided today was extremely poor, the rice was half-cooked.",Mess,Medium
CMP_12041,the grades for the semester final exams haven't been updated even after 3 weeks of submission.,Academic,Medium
CMP_12042,One of the three tube lights in room 217 has fused.,Electricity,Low
CMP_12043,The breakfast was served cold today at the counter.,Mess,Low
CMP_12044,A dangerous chemical spill of concentrated sulfuric acid occurred on bench 19.,Laboratory,Critical
CMP_12045,The drinking water dispenser in the mess area has a strange muddy taste.,Mess,Medium
CMP_12046,"The spectator stands collapsed during the annual track event, injuring several onlookers.",Sports,Critical
CMP_12047,The CCTV camera covering the main entrance of Girls Hostel Block C is out of focus and blurred.,Security,Medium
CMP_12048,The waiting time at the campus health center exceeded an hour for a routine checkup.,Medical,Low
CMP_12049,The WiFi network speed in PG Married Hostel has dropped below 1 Mbps since yesterday.,Internet,Medium
CMP_12050,WiFi keeps disconnecting every 30 minutes in the common room.,Internet,Low
CMP_12051,The window latch in room 566 is loose and needs to be tightened.,Hostel,Low
CMP_12052,An unidentified suspicious outsider entered the hostel premises without authorization or ID check.,Security,High
CMP_12053,The main server rack hosting all student terminal virtual machines has crashed entirely.,Laboratory,High
CMP_12054,The elevator in PG Married Hostel is jerking badly while moving between floors.,Hostel,Medium
CMP_12055,"A large chunk of plaster fell from the ceiling in room 105, narrowly missing a student.",Hostel,Critical
CMP_12056,The plates and spoons provided in the dining hall are sticky and oily.,Mess,Low
CMP_12057,The barcode scanner at the return counter is rally failing to scan books quickly.,Library,Low
CMP_12058,The digital library portal is completely inaccessible right before the mid-term examinations.,Library,High
CMP_12059,"The authentication gateway server is down, preventing any student from logging into the internet.",Internet,High
CMP_12060,The grades for the semester final exams haven't been updated even after 3 weeks of submission.,Academic,Medium
CMP_12061,The seat covers on campus bus number B-07 are torn and dirty.,Transport,Low
CMP_12062,The glass burettes in the chemistry lab have faint graduation marks that are hard to read.,Laboratory,Low
CMP_12063,No hot water supply in the showers of Hostel 9 during early morning hours.,Plumbing,Medium
CMP_12064,One of the external streetlights near the parking lot is flickering.,Security,Low
CMP_12065,The main circuit breaker keeps tripping every time the air conditioner is turned on.,Electricity,High
CMP_12066,The automated book search kiosk terminal is running extremely slowly.,Library,Low
CMP_12067,Live naked electric wires are exposed in the hallway of the fourth floor near the water cooler.,Electricity,Critical
CMP_12068,Complete network outage across the entire Boys Hostel Block A block preventing project submissions.,Internet,High
CMP_12069,The ceiling fan in room 457 is rally making a slight clicking sound.,Hostel,Low
CMP_12070,The main fiber optic line to the engineering department block was cut during construction work.,Internet,Critical
CMP_12071,A student is unconscious and unresponsive in room 541 following a sudden seizure.,Medical,Critical
CMP_12072,Water drain in the common washroom is slow to clear.,Plumbing,Low
CMP_12073,A group of outsiders are picking fights and ragging students outside the main campus gate.,Security,High
CMP_12074,The on-duty doctor was absent during the specified night shift hours at the clinic.,Medical,High
CMP_12075,Essential primary medicines like paracetamol and antacids are out of stock at the pharmacy.,Medical,Medium
CMP_12076,"The air conditioning system in the reading room is turned off, making it suffocating.",Library,Medium
CMP_12077,The evening shuttle bus arrived 20 minutes later than the scheduled timetable.,Transport,Low
CMP_12078,The breakfast was served cold today at the counter.,Mess,Low
CMP_12079,More than 15 students have reported severe stomach aches and vomiting after eating at the mess.,Mess,High
CMP_12080,"The spectator stands collapsed during the annual track event, injuring several onlookers.",Sports,Critical
CMP_12081,The WiFi network speed in Hostel 9 has dropped below 1 Mbps since yesterday.,Internet,Medium
CMP_12082,The WiFi network speed in Girls Hostel Block D has dropped below 1 Mbps since yesterday.,Internet,Medium
CMP_12083,Severe water leakage from the ceiling in room 442 damaging personal belongings.,Hostel,High
CMP_12084,Live naked electric wires are exposed in the hallway of the first floor near the water cooler.,Electricity,Critical
CMP_12085,The grip tape on the badminton racquets in the inventory is rally completely worn out.,Sports,Low
CMP_12086,the breakfast was served cold today at the counter.,Mess,Low
CMP_12087,An entire batch's official physical final marksheets and degree registry files were destroyed.,Academic,Critical
CMP_12088,Bedbugs found in the mattress provided in room 322 of Boys Hostel Block B.,Hostel,Medium
CMP_12089,The study lamp socket on table 19 is not drawing any power.,Electricity,Low
CMP_12090,The exam paper leaked online an hour prior to the scheduled examination schedule.,Academic,High
CMP_12091,"The swimming pool water is green, murky, and causing skin rashes due to lack of filtration.",Sports,High
CMP_12092,The main entry door lock for room 264 is completely broken and cannot be locked.,Hostel,High
CMP_12093,The automated book search kiosk terminal is running extremely slowly.,Library,Low
CMP_12094,"The main water pipeline has burst, causing massive flooding in the basement of Hostel 9.",Plumbing,High
CMP_12095,Oscilloscope number 13 in the electronics lab shows a distorted calibration line.,Laboratory,Medium
CMP_12096,A group of outsiders are picking fights and ragging students outside the main campus gate.,Security,High
CMP_12097,The toilet flush mechanism in bathroom 4 is broken and not working.,Plumbing,Medium
CMP_12098,The balcony railing on the third floor of Boys Hostel Block B is rally completely detached and hanging.,Hostel,Critical
CMP_12099,A gas cylinder regulator valve in the chemical laboratory is jammed and leaking a distinct smell.,Laboratory,High
CMP_12100,an unidentified suspicious outsider entered the hostel premises without authorization or id check.,Security,High
CMP_12101,the driver of route shuttle-a was driving extremely recklessly and speeding over speed bumps.,Transport,High
CMP_12102,A major collision involving the university transport bus occurred near the main city crossing.,Transport,Critical
CMP_12103,wifi keeps disconnecting every 30 minutes in the common room.,Internet,Low
CMP_12104,A critical cardiac emergency occurred at the sports arena and the emergency response was delayed.,Medical,Critical
CMP_12105,The nylon net on the basketball hoop is torn and needs replacement.,Sports,Low
CMP_12106,the study lamp socket on table 39 is not drawing any power.,Electricity,Low
CMP_12107,LAN connection port in room 151 is physically damaged and loose.,Internet,Medium
CMP_12108,A gas cylinder regulator valve in the chemical laboratory is rally jammed and leaking a distinct smell.,Laboratory,High
CMP_12109,The whiteboard markers provided to professors are mostly dried up and unreadable.,Academic,Low
CMP_12110,the glass burettes in the chemistry lab have faint graduation marks that are hard to read.,Laboratory,Low
CMP_12111,A bicycle locked near block PG Married Hostel was stolen during broad daylight.,Security,Medium
CMP_12112,A student is unconscious and unresponsive in room 388 following a sudden seizure.,Medical,Critical
CMP_12113,"The spectator stands collapsed during the annual track event, injuring several onlookers.",Sports,Critical
CMP_12114,The brakes of campus bus number B-04 failed completely while descending the hill road.,Transport,Critical
CMP_12115,"The quality of the lunch provided today was extremely poor, the rice was half-cooked.",Mess,Medium
CMP_12116,The plates and spoons provided in the dining hall are sticky and oily.,Mess,Low
CMP_12117,Rainwater is leaking from the roof directly onto the rare manuscript and book archive section.,Library,High
CMP_12118,Firewalls are blocking access to critical academic research servers and repository sites entirely.,Internet,Critical
CMP_12119,The biosafety cabinet ventilation failed while handling pathogenic bacterial samples.,Laboratory,Critical
CMP_12120,The drinking water dispenser in the mess area has a strange muddy taste.,Mess,Medium
CMP_12121,The cooking staff are using severely expired ingredients and rotten meat in the kitchen.,Mess,Critical
CMP_12122,Rainwater is leaking from the roof directly onto the rare manuscript and book archive section.,Library,High
CMP_12123,LAN connection port in room 547 is physically damaged and loose.,Internet,Medium
CMP_12124,The CCTV camera covering the main entrance of Girls Hostel Block D is out of focus and blurred.,Security,Medium
CMP_12125,The on-duty doctor was absent during the specified night shift hours at the clinic.,Medical,High
CMP_12126,The window latch in room 485 is loose and needs to be tightened.,Hostel,Low
CMP_12127,an armed intruder managed to scale the boundary wall and enter the girls' hostel campus.,Security,Critical
CMP_12128,"The spectator stands collapsed during the annual track event, injuring several onlookers.",Sports,Critical
CMP_12129,essential primary medicines like paracetamol and antacids are out of stock at the pharmacy.,Medical,Medium
CMP_12130,"The synthetic track surface near the curve has peeled off, posing a tripping hazard.",Sports,Medium
CMP_12131,No hot water supply in the showers of Girls Hostel Block D during early morning hours.,Plumbing,Medium
CMP_12132,the evening shuttle bus arrived 20 minutes later than the scheduled timetable.,Transport,Low
CMP_12133,"The library structural pillars in the basement are showing deep cracks, causing panic.",Library,Critical
CMP_12134,"The floodlights on the football ground are not turning on, stopping evening practice.",Sports,Medium
CMP_12135,"The spectator stands collapsed during the annual track event, injuring several onlookers.",Sports,Critical
CMP_12136,The page load time for the student portal is very high on the campus network.,Internet,Low
CMP_12137,The automated emergency fire suppression sprinklers in the main book stack area went off falsely.,Library,Critical
CMP_12138,A caterpillar and dead flies were found in the vegetable curry served during dinner.,Mess,High
CMP_12139,One of the external streetlights near the parking lot is flickering.,Security,Low
CMP_12140,Complete lack of running water in the entire hostel building since morning.,Plumbing,High
CMP_12141,"A heavy steel goalpost tip-over occurred, pinning a student player to the ground.",Sports,Critical
CMP_12142,The toilet flush mechanism in bathroom 8 is rally broken and nt workin.,Plumbing,Medium
CMP_12143,Frequent voltage fluctuations in Boys Hostel Block A are causing laptops to restart continuously.,Electricity,Medium
CMP_12144,WiFi keeps disconnecting every 30 minutes in the common room.,Internet,Low
CMP_12145,"The quality of the lunch provided today was extremely poor, the rice was half-cooked.",Mess,Medium
CMP_12146,One of the external streetlights near the parking lot is flickering.,Security,Low
CMP_12147,The brakes of campus bus number B-04 failed completely while descending the hill road.,Transport,Critical
CMP_12148,Sparking and a burning plastic smell coming from the distribution board near room 394.,Electricity,Critical
CMP_12149,The evening shuttle bus arrived 20 minutes later than the scheduled timetable.,Transport,Low
CMP_12150,A critical cardiac emergency occurred at the sports arena and the emergency response was delayed.,Medical,Critical
CMP_12151,the washbasin tap in room 169 is dripping slowly continuously.,Plumbing,Low
CMP_12152,The main circuit breaker keeps tripping every time the air conditioner is rally turned on.,Electricity,High
CMP_12153,The mouse attached to computer terminal 15 in the computer lab is malfunctioning.,Laboratory,Low
CMP_12154,The main server rack hosting all student terminal virtual machines has crashed entirely.,Laboratory,High
CMP_12155,The automated emergency fire suppression sprinklers in the main book stack area went off falsely.,Library,Critical
CMP_12156,the cooking staff are using severely expired ingredients and rotten meat in the kitchen.,Mess,Critical
CMP_12157,"The morning campus bus is severely overcrowded, forcing students to stand on the footboard.",Transport,Medium
CMP_12158,The digital library portal is completely inaccessible right before the mid-term examinations.,Library,High
CMP_12159,The exam paper leaked online an hour prior to the scheduled examination schedule.,Academic,High
CMP_12160,The window latch in room 498 is loose and needs to be tightened.,Hostel,Low
CMP_12161,The main fiber optic line to the engineering department block was cut during construction work.,Internet,Critical
CMP_12162,The plates and spoons provided in the dining hall are sticky and oily.,Mess,Low
CMP_12163,The seat covers on campus bus number B-04 are torn and dirty.,Transport,Low
CMP_12164,A major collision involving the university transport bus occurred near the main city crossing.,Transport,Critical
CMP_12165,The ceiling fan in room 356 is rally making a slight clicking sound.,Hostel,Low
CMP_12166,The whiteboard markers provided to professors are mostly dried up and unreadable.,Academic,Low
CMP_12167,The balcony railing on the fourth floor of Hostel 9 is completely detached and hanging.,Hostel,Critical
CMP_12168,The main fiber optic line to the engineering department block was cut during construction work.,Internet,Critical
CMP_12169,A critical cardiac emergency occurred at the sports arena and the emergency response was delayed.,Medical,Critical
CMP_12170,The automated emergency fire suppression sprinklers in the main book stack area went off falsely.,Library,Critical
CMP_12171,The college bus broke down in the middle of a deserted highway during an intercity trip.,Transport,High
CMP_12172,Oscilloscope number 5 in the electronics lab shows a distorted calibration line.,Laboratory,Medium
CMP_12173,Complete lack of running water in the entire hostel building since morning.,Plumbing,High
CMP_12174,The washbasin tap in room 546 is dripping slowly continuously.,Plumbing,Low
CMP_12175,The main server rack hosting all student terminal virtual machines has crashed entirely.,Laboratory,High
CMP_12176,The washbasin tap in room 309 is dripping slowly continuously.,Plumbing,Low
CMP_12177,A group of outsiders are picking fights and ragging students outside the main campus gate.,Security,High
CMP_12178,The window latch in room 492 is loose and needs to be tightened.,Hostel,Low
CMP_12179,the mouse attached to computer terminal 37 in the computer lab is rally malfunctioning.,Laboratory,Low
CMP_12180,"The air conditioning system in the reading room is turned off, making it suffocating.",Library,Medium
CMP_12181,The cooking staff are using severely expired ingredients and rotten meat in the kitchen.,Mess,Critical
CMP_12182,"A heavy steel goalpost tip-over occurred, pinning a student player to the ground.",Sports,Critical
CMP_12183,The on-duty doctor was absent during the specified night shift hours at the clinic.,Medical,High
CMP_12184,More than 15 students have reported severe stomach aches and vomiting after eating at the mess.,Mess,High
CMP_12185,The balcony railing on the second floor of PG Married Hostel is completely detached and hanging.,Hostel,Critical
CMP_12186,LAN connection port in room 515 is physically damaged and loose.,Internet,Medium
CMP_12187,"The floodlights on the football ground are not turning on, stopping evening practice.",Sports,Medium
CMP_12188,The plates and spoons provided in the dining hall are sticky and oily.,Mess,Low
CMP_12189,The main fiber optic line to the engineering department block was cut during construction work.,Internet,Critical
CMP_12190,mass scale technical malpractice detected during the online proctored placement exams.,Academic,Critical
CMP_12191,A student is unconscious and unresponsive in room 137 following a sudden seizure.,Medical,Critical
CMP_12192,A professor is refusing to accept legitimate medical certificates for mandatory attendance criteria.,Academic,High
CMP_12193,The weight scale machine at the triage counter shows incorrect calibration metrics.,Medical,Low
CMP_12194,The visitor logbook at the entrance gate is not being filled out properly by guards.,Security,Low
CMP_12195,One of the external streetlights near the parking lot is flickering.,Security,Low
CMP_12196,"The main water pipeline has burst, causing massive flooding in the basement of Boys Hostel Block A.",Plumbing,High
CMP_12197,"The authentication gateway server is down, preventing any student from logging into the internet.",Internet,High
CMP_12198,A bicycle locked near block Boys Hostel Block A was stolen during broad daylight.,Security,Medium
CMP_12199,Severe water leakage from the ceiling in room 131 damaging personal belongings.,Hostel,High
CMP_12200,One of the three tube lights in room 466 has fused.,Electricity,Low
CMP_12201,The driver of route B-04 was driving extremely recklessly and speeding over speed bumps.,Transport,High
CMP_12202,Rainwater is leaking from the roof directly onto the rare manuscript and book archive section.,Library,High
CMP_12203,the weight scale machine at the triage counter shows incorrect calibration metrics.,Medical,Low
CMP_12204,the seat covers on campus bus number b-12 are torn and dirty.,Transport,Low
CMP_12205,Toxic chemical cleaning agent accidentally spilled into the major cooking vessel containing soup.,Mess,Critical
CMP_12206,"A large chunk of plaster fell from the ceiling in room 237, narrowly missing a student.",Hostel,Critical
CMP_12207,Water drain in the common washroom is slow to clear.,Plumbing,Low
CMP_12208,The plates and spoons provided in the dining hall are sticky and oily.,Mess,Low
CMP_12209,One of the three tube lights in room 352 has fused.,Electricity,Low
CMP_12210,"the main water pipeline has burst, causing massive flooding in the basement of boys hostel block a.",Plumbing,High
CMP_12211,A bicycle locked near block Boys Hostel Block A was stolen during broad daylight.,Security,Medium
CMP_12212,The grades for the semester final exams haven't been updated even after 3 weeks of submission.,Academic,Medium
CMP_12213,Essential primary medicines like paracetamol and antacids are out of stock at the pharmacy.,Medical,Medium
CMP_12214,The exam paper leaked online an hour prior to the scheduled examination schedule.,Academic,High
CMP_12215,A violent physical brawl broke out between two large student groups in the main corridor.,Security,Critical
CMP_12216,The page load time for the student portal is very high on the campus network.,Internet,Low
CMP_12217,The toilet flush mechanism in bathroom 4 is rally broken and nt workin.,Plumbing,Medium
CMP_12218,The digital library portal is rally completely inaccessible right before the mid-term examinations.,Library,High
CMP_12219,The driver of route Shuttle-A was driving extremely recklessly and speeding over speed bumps.,Transport,High
CMP_12220,"The library structural pillars in the basement are showing deep cracks, causing panic.",Library,Critical
CMP_12221,A major collision involving the university transport bus occurred near the main city crossing.,Transport,Critical
CMP_12222,"the floodlights on the football ground are nt turning on, stopping evening practice.",Sports,Medium
CMP_12223,"The synthetic track surface near the curve has peeled off, posing a tripping hazard.",Sports,Medium
CMP_12224,The grades for the semester final exams haven't been updated even after 3 weeks of submission.,Academic,Medium
CMP_12225,The fume hood in the organic chemistry lab has very weak suction and ventilation.,Laboratory,Medium
CMP_12226,Severe water leakage from the ceiling in room 106 damaging personal belongings.,Hostel,High
CMP_12227,Live naked electric wires are exposed in the hallway of the second floor near the water cooler.,Electricity,Critical
CMP_12228,The barcode scanner at the return counter is rally failing to scan books quickly.,Library,Low
CMP_12229,Complete lack of running water in the entire hostel building since morning.,Plumbing,High
CMP_12230,The indoor gym equipment cable snapped while a student was lifting heavy weights.,Sports,High
CMP_12231,Firewalls are blocking access to critical academic research servers and repository sites entirely.,Internet,Critical
CMP_12232,The college bus broke down in the middle of a deserted highway during an intercity trip.,Transport,High
CMP_12233,The driver of route Shuttle-C was driving extremely recklessly and speeding over speed bumps.,Transport,High
CMP_12234,The seat covers on campus bus number B-04 are torn and dirty.,Transport,Low
CMP_12235,Complete lack of running water in the entire hostel building since morning.,Plumbing,High
CMP_12236,The washbasin tap in room 502 is dripping slowly continuously.,Plumbing,Low
CMP_12237,A major collision involving the university transport bus occurred near the main city crossing.,Transport,Critical
CMP_12238,One of the external streetlights near the parking lot is flickering.,Security,Low
CMP_12239,Mass scale technical malpractice detected during the online proctored placement exams.,Academic,Critical
CMP_12240,The indoor gym equipment cable snapped while a student was lifting heavy weights.,Sports,High
CMP_12241,The plates and spoons provided in the dining hall are sticky and oily.,Mess,Low
CMP_12242,A group of outsiders are picking fights and ragging students outside the main campus gate.,Security,High
CMP_12243,the air conditioning in the long-route university bus number b-01 is completely broken.,Transport,Medium
CMP_12244,"A large chunk of plaster fell from the ceiling in room 143, narrowly missing a student.",Hostel,Critical
CMP_12245,The breakfast was served cold today at the counter.,Mess,Low
CMP_12246,Essential primary medicines like paracetamol and antacids are out of stock at the pharmacy.,Medical,Medium
CMP_12247,The barcode scanner at the return counter is failing to scan books quickly.,Library,Low
CMP_12248,"the spectator stands collapsed during the annual track event, injuring several onlookers.",Sports,Critical
CMP_12249,The grades for the semester final exams haven't been updated even after 3 weeks of submission.,Academic,Medium
CMP_12250,Severe water leakage from the ceiling in room 135 damaging personal belongings.,Hostel,High
CMP_12251,the glass burettes in the chemistry lab have faint graduation marks that are hard to read.,Laboratory,Low
CMP_12252,"The morning campus bus is rally severely overcrowded, forcing students to stand on the footboard.",Transport,Medium
CMP_12253,The main circuit breaker keeps tripping every time the air conditioner is turned on.,Electricity,High
CMP_12254,The washbasin tap in room 167 is rally dripping slowly continuously.,Plumbing,Low
CMP_12255,"The quality of the lunch provided today was extremely poor, the rice was half-cooked.",Mess,Medium
CMP_12256,An unidentified suspicious outsider entered the hostel premises without authorization or ID check.,Security,High
CMP_12257,The college bus broke down in the middle of a deserted highway during an intercity trip.,Transport,High
CMP_12258,LAN connection port in room 253 is physically damaged and loose.,Internet,Medium
CMP_12259,Rainwater is rally leaking from the roof directly onto the rare manuscript and book archive section.,Library,High
CMP_12260,firewalls are blocking access to critical academic research servers and repository sites entirely.,Internet,Critical
CMP_12261,Bedbugs found in the mattress provided in room 331 of Girls Hostel Block D.,Hostel,Medium
CMP_12262,The elevator in Boys Hostel Block B is jerking badly while moving between floors.,Hostel,Medium
CMP_12263,The page load time for the student portal is very high on the campus network.,Internet,Low
CMP_12264,A bicycle locked near block Hostel 5 was stolen during broad daylight.,Security,Medium
CMP_12265,Complete network outage across the entire Girls Hostel Block C block preventing project submissions.,Internet,High
CMP_12266,Frequent voltage fluctuations in Hostel 9 are causing laptops to restart continuously.,Electricity,Medium
CMP_12267,The indoor gym equipment cable snapped while a student was lifting heavy weights.,Sports,High
CMP_12268,One of the external streetlights near the parking lot is rally flickering.,Security,Low
CMP_12269,The plates and spoons provided in the dining hall are sticky and oily.,Mess,Low
CMP_12270,The main circuit breaker keeps tripping every time the air conditioner is turned on.,Electricity,High
CMP_12271,Sparking and a burning plastic smell coming from the distribution board near room 312.,Electricity,Critical
CMP_12272,"The swimming pool water is rally green, murky, and causing skin rashes due to lack of filtration.",Sports,High
CMP_12273,The ceiling fan in room 136 is making a slight clicking sound.,Hostel,Low
CMP_12274,"The corridor lights on the ground floor are not working, making it pitch dark at night.",Electricity,Medium
CMP_12275,The exam paper leaked online an hour prior to the scheduled examination schedule.,Academic,High
CMP_12276,The nylon net on the basketball hoop is torn and needs replacement.,Sports,Low
CMP_12277,The weight scale machine at the triage counter shows incorrect calibration metrics.,Medical,Low
CMP_12278,The main server rack hosting all student terminal virtual machines has crashed entirely.,Laboratory,High
CMP_12279,The plates and spoons provided in the dining hall are sticky and oily.,Mess,Low
CMP_12280,Severe water leakage from the ceiling in room 483 damaging personal belongings.,Hostel,High
CMP_12281,More than 15 students have reported severe stomach aches and vomiting after eating at the mess.,Mess,High
CMP_12282,The ceiling fan in room 405 is making a slight clicking sound.,Hostel,Low
CMP_12283,"The authentication gateway server is down, preventing any student from logging into the internet.",Internet,High
CMP_12284,Mass scale technical malpractice detected during the online proctored placement exams.,Academic,Critical
CMP_12285,The cooking staff are using severely expired ingredients and rotten meat in the kitchen.,Mess,Critical
CMP_12286,The ceiling fan in room 273 is making a slight clicking sound.,Hostel,Low
CMP_12287,"the floodlights on the football ground are nt turning on, stopping evening practice.",Sports,Medium
CMP_12288,Water drain in the common washroom is slow to clear.,Plumbing,Low
CMP_12289,The digital library portal is completely inaccessible right before the mid-term examinations.,Library,High
CMP_12290,A major collision involving the university transport bus occurred near the main city crossing.,Transport,Critical
CMP_12291,Several pages are torn or missing from the core reference book for course code CS-101.,Library,Medium
CMP_12292,Oscilloscope number 28 in the electronics lab shows a distorted calibration line.,Laboratory,Medium
CMP_12293,The projector screen in classroom 114 is manually jammed and won't roll down smoothly.,Academic,Low
CMP_12294,the waiting time at the campus health center exceeded an hour for a routine checkup.,Medical,Low
CMP_12295,the automated book search kiosk terminal is running extremely slowly.,Library,Low
CMP_12296,Sparking and a burning plastic smell coming from the distribution board near room 227.,Electricity,Critical
CMP_12297,The nylon net on the basketball hoop is torn and needs replacement.,Sports,Low
CMP_12298,"The corridor lights on the first floor are not working, making it pitch dark at night.",Electricity,Medium
CMP_12299,The visitor logbook at the entrance gate is rally nt being filled out properly by guards.,Security,Low
CMP_12300,Toxic chemical cleaning agent accidentally spilled into the major cooking vessel containing soup.,Mess,Critical
CMP_12301,The glass burettes in the chemistry lab have faint graduation marks that are hard to read.,Laboratory,Low
CMP_12302,A group of outsiders are picking fights and ragging students outside the main campus gate.,Security,High
CMP_12303,The driver of route B-04 was driving extremely recklessly and speeding over speed bumps.,Transport,High
CMP_12304,"The morning campus bus is severely overcrowded, forcing students to stand on the footboard.",Transport,Medium
CMP_12305,the cctv camera covering the main entrance of girls hostel block c is rally out of focus and blurred.,Security,Medium
CMP_12306,The driver of route Shuttle-A was driving extremely recklessly and speeding over speed bumps.,Transport,High
CMP_12307,Severe water leakage from the ceiling in room 566 damaging personal belongings.,Hostel,High
CMP_12308,Bedbugs found in the mattress provided in room 525 of Hostel 9.,Hostel,Medium
CMP_12309,"The spectator stands collapsed during the annual track event, injuring several onlookers.",Sports,Critical
CMP_12310,the visitor logbook at the entrance gate is rally nt being filled out properly by guards.,Security,Low
CMP_12311,"The authentication gateway server is down, preventing any student from logging into the internet.",Internet,High
CMP_12312,LAN connection port in room 352 is physically damaged and loose.,Internet,Medium
CMP_12313,A group of outsiders are picking fights and ragging students outside the main campus gate.,Security,High
CMP_12314,The main server rack hosting all student terminal virtual machines has crashed entirely.,Laboratory,High
CMP_12315,The study lamp socket on table 4 is not drawing any power.,Electricity,Low
CMP_12316,A bicycle locked near block Hostel 9 was stolen during broad daylight.,Security,Medium
CMP_12317,"The authentication gateway server is rally down, preventing any student from logging into the internet.",Internet,High
CMP_12318,The projector screen in classroom 174 is manually jammed and won't roll down smoothly.,Academic,Low
CMP_12319,"The authentication gateway server is rally down, preventing any student from logging into the internet.",Internet,High
CMP_12320,"The overhead water tank is overflowing heavily, leaking directly into the main electric generator room.",Plumbing,Critical
CMP_12321,"The swimming pool water is green, murky, and causing skin rashes due to lack of filtration.",Sports,High
CMP_12322,the drinking water dispenser in the mess area has a strange muddy taste.,Mess,Medium
CMP_12323,The main circuit breaker keeps tripping every time the air conditioner is turned on.,Electricity,High
CMP_12324,One of the three tube lights in room 526 has fused.,Electricity,Low
CMP_12325,Sparking and a burning plastic smell coming from the distribution board near room 505.,Electricity,Critical
CMP_12326,Complete lack of running water in the entire hostel building since morning.,Plumbing,High
CMP_12327,"The main water pipeline has burst, causing massive flooding in the basement of Hostel 9.",Plumbing,High
CMP_12328,"the authentication gateway server is down, preventing any student from logging into the internet.",Internet,High
CMP_12329,"The authentication gateway server is rally down, preventing any student from logging into the internet.",Internet,High
CMP_12330,Complete network outage across the entire Hostel 9 block preventing project submissions.,Internet,High
CMP_12331,The CCTV camera covering the main entrance of PG Married Hostel is out of focus and blurred.,Security,Medium
CMP_12332,"The swimming pool water is green, murky, and causing skin rashes due to lack of filtration.",Sports,High
CMP_12333,Sparking and a burning plastic smell coming from the distribution board near room 381.,Electricity,Critical
CMP_12334,The digital library portal is completely inaccessible right before the mid-term examinations.,Library,High
CMP_12335,the automated emergency fire suppression sprinklers in the main book stack area went off falsely.,Library,Critical
CMP_12336,A gas cylinder regulator valve in the chemical laboratory is rally jammed and leaking a distinct smell.,Laboratory,High
CMP_12337,The digital thermometer at the campus clinic is out of battery and not replaced.,Medical,Medium
CMP_12338,The main server rack hosting all student terminal virtual machines has crashed entirely.,Laboratory,High
CMP_12339,"The air conditioning system in the reading room is turned off, making it suffocating.",Library,Medium
CMP_12340,The page load time for the student portal is very high on the campus network.,Internet,Low
CMP_12341,"the air conditioning system in the reading room is turned off, making it suffocating.",Library,Medium
CMP_12342,A professor is refusing to accept legitimate medical certificates for mandatory attendance criteria.,Academic,High
CMP_12343,The washbasin tap in room 227 is dripping slowly continuously.,Plumbing,Low
CMP_12344,The online portal failed to register the elective course preferences due to a script error.,Academic,Medium
CMP_12345,"An emergency patient arrived, but the campus ambulance oxygen cylinder was found empty.",Medical,High
CMP_12346,"The authentication gateway server is down, preventing any student from logging into the internet.",Internet,High
CMP_12347,The weight scale machine at the triage counter shows incorrect calibration metrics.,Medical,Low
CMP_12348,The page load time for the student portal is very high on the campus network.,Internet,Low
CMP_12349,"The overhead water tank is overflowing heavily, leaking directly into the main electric generator room.",Plumbing,Critical
CMP_12350,essential primary medicines like paracetamol and antacids are out of stock at the pharmacy.,Medical,Medium
CMP_12351,The mouse attached to computer terminal 18 in the computer lab is malfunctioning.,Laboratory,Low
CMP_12352,the college bus broke down in the middle of a deserted highway during an intercity trip.,Transport,High
CMP_12353,the college bus broke down in the middle of a deserted highway during an intercity trip.,Transport,High
CMP_12354,Mass scale technical malpractice detected during the online proctored placement exams.,Academic,Critical
CMP_12355,One of the external streetlights near the parking lot is rally flickering.,Security,Low
CMP_12356,Complete power blackout in the entire wing of PG Married Hostel for over 6 hours.,Electricity,High
CMP_12357,The CCTV camera covering the main entrance of Girls Hostel Block C is out of focus and blurred.,Security,Medium
CMP_12358,The glass burettes in the chemistry lab have faint graduation marks that are hard to read.,Laboratory,Low
CMP_12359,The indoor gym equipment cable snapped while a student was lifting heavy weights.,Sports,High
CMP_12360,"The main water pipeline has burst, causing massive flooding in the basement of Boys Hostel Block A.",Plumbing,High
CMP_12361,Toxic chemical cleaning agent accidentally spilled into the major cooking vessel containing soup.,Mess,Critical
CMP_12362,The whiteboard markers provided to professors are mostly dried up and unreadable.,Academic,Low
CMP_12363,The glass burettes in the chemistry lab have faint graduation marks that are hard to read.,Laboratory,Low
CMP_12364,The toilet flush mechanism in bathroom 1 is broken and not working.,Plumbing,Medium
CMP_12365,the weight scale machine at the triage counter shows incorrect calibration metrics.,Medical,Low
CMP_12366,The page load time for the student portal is rally very high on the campus network.,Internet,Low
CMP_12367,The on-duty doctor was absent during the specified night shift hours at the clinic.,Medical,High
CMP_12368,several pages are torn or missing from the core reference book for course code ee-302.,Library,Medium
CMP_12369,The grip tape on the badminton racquets in the inventory is completely worn out.,Sports,Low
CMP_12370,The evening shuttle bus arrived 20 minutes later than the scheduled timetable.,Transport,Low
CMP_12371,The digital library portal is completely inaccessible right before the mid-term examinations.,Library,High
CMP_12372,The exam paper leaked online an hour prior to the scheduled examination schedule.,Academic,High
CMP_12373,Live naked electric wires are exposed in the hallway of the fourth floor near the water cooler.,Electricity,Critical
CMP_12374,"The morning campus bus is severely overcrowded, forcing students to stand on the footboard.",Transport,Medium
CMP_12375,Bedbugs found in the mattress provided in room 256 of Hostel 9.,Hostel,Medium
CMP_12376,water drain in the common washroom is rally slow to clear.,Plumbing,Low
CMP_12377,"A large chunk of plaster fell from the ceiling in room 474, narrowly missing a student.",Hostel,Critical
CMP_12378,The main fiber optic line to the engineering department block was cut during construction work.,Internet,Critical
CMP_12379,The brakes of campus bus number B-12 failed completely while descending the hill road.,Transport,Critical
CMP_12380,One of the external streetlights near the parking lot is flickering.,Security,Low
CMP_12381,"The main water pipeline has burst, causing massive flooding in the basement of Hostel 5.",Plumbing,High
CMP_12382,The main fiber optic line to the engineering department block was cut during construction work.,Internet,Critical
CMP_12383,The college bus broke down in the middle of a deserted highway during an intercity trip.,Transport,High
CMP_12384,the digital library portal is completely inaccessible right before the mid-term examinations.,Library,High
CMP_12385,The exam paper leaked online an hour prior to the scheduled examination schedule.,Academic,High
CMP_12386,"A large chunk of plaster fell from the ceiling in room 122, narrowly missing a student.",Hostel,Critical
CMP_12387,One of the external streetlights near the parking lot is flickering.,Security,Low
CMP_12388,More than 15 students have reported severe stomach aches and vomiting after eating at the mess.,Mess,High
CMP_12389,the college bus broke down in the middle of a deserted highway during an intercity trip.,Transport,High
CMP_12390,The ceiling fan in room 394 is rally making a slight clicking sound.,Hostel,Low
CMP_12391,The plates and spoons provided in the dining hall are sticky and oily.,Mess,Low
CMP_12392,"The authentication gateway server is down, preventing any student from logging into the internet.",Internet,High
CMP_12393,The ceiling fan in room 162 is making a slight clicking sound.,Hostel,Low
CMP_12394,the exam paper leaked online an hour prior to the scheduled examination schedule.,Academic,High
CMP_12395,"The authentication gateway server is down, preventing any student from logging into the internet.",Internet,High
CMP_12396,"an emergency patient arrived, but the campus ambulance oxygen cylinder was found empty.",Medical,High
CMP_12397,A dangerous chemical spill of concentrated sulfuric acid occurred on bench 12.,Laboratory,Critical
CMP_12398,The biosafety cabinet ventilation failed while handling pathogenic bacterial samples.,Laboratory,Critical
CMP_12399,The glass burettes in the chemistry lab have faint graduation marks that are hard to read.,Laboratory,Low
CMP_12400,"The floodlights on the football ground are not turning on, stopping evening practice.",Sports,Medium
CMP_12401,Complete lack of running water in the entire hostel building since morning.,Plumbing,High
CMP_12402,The WiFi network speed in Hostel 9 has dropped below 1 Mbps since yesterday.,Internet,Medium
CMP_12403,No hot water supply in the showers of Girls Hostel Block D during early morning hours.,Plumbing,Medium
CMP_12404,The drinking water dispenser in the mess area has a strange muddy taste.,Mess,Medium
CMP_12405,No hot water supply in the showers of Hostel 9 during early morning hours.,Plumbing,Medium
CMP_12406,The driver of route B-12 was driving extremely recklessly and speeding over speed bumps.,Transport,High
CMP_12407,"A large chunk of plaster fell from the ceiling in room 429, narrowly missing a student.",Hostel,Critical
CMP_12408,oscilloscope number 39 in the electronics lab shows a distorted calibration line.,Laboratory,Medium
CMP_12409,"The library structural pillars in the basement are showing deep cracks, causing panic.",Library,Critical
CMP_12410,The study lamp socket on table 40 is not drawing any power.,Electricity,Low
CMP_12411,Toxic chemical cleaning agent accidentally spilled into the major cooking vessel containing soup.,Mess,Critical
CMP_12412,The college bus broke down in the middle of a deserted highway during an intercity trip.,Transport,High
CMP_12413,Essential primary medicines like paracetamol and antacids are out of stock at the pharmacy.,Medical,Medium
CMP_12414,Mass scale technical malpractice detected during the online proctored placement exams.,Academic,Critical
CMP_12415,"The quality of the lunch provided today was extremely poor, the rice was half-cooked.",Mess,Medium
CMP_12416,The digital thermometer at the campus clinic is out of battery and not replaced.,Medical,Medium
CMP_12417,A violent physical brawl broke out between two large student groups in the main corridor.,Security,Critical
CMP_12418,Firewalls are blocking access to critical academic research servers and repository sites entirely.,Internet,Critical
CMP_12419,Water drain in the common washroom is slow to clear.,Plumbing,Low
CMP_12420,Sewage backflow coming out of the floor drains in the ground floor bathrooms.,Plumbing,Critical
CMP_12421,"The air conditioning system in the reading room is turned off, making it suffocating.",Library,Medium
CMP_12422,The whiteboard markers provided to professors are mostly dried up and unreadable.,Academic,Low
CMP_12423,"The overhead water tank is overflowing heavily, leaking directly into the main electric generator room.",Plumbing,Critical
CMP_12424,Oscilloscope number 33 in the electronics lab shows a distorted calibration line.,Laboratory,Medium
CMP_12425,"The air conditioning system in the reading room is turned off, making it suffocating.",Library,Medium
CMP_12426,"The air conditioning system in the reading room is turned off, making it suffocating.",Library,Medium
CMP_12427,"the synthetic track surface near the curve has peeled off, posing a tripping hazard.",Sports,Medium
CMP_12428,Toxic chemical cleaning agent accidentally spilled into the major cooking vessel containing soup.,Mess,Critical
CMP_12429,An entire batch's official physical final marksheets and degree registry files were destroyed.,Academic,Critical
CMP_12430,"The library structural pillars in the basement are showing deep cracks, causing panic.",Library,Critical
CMP_12431,Several pages are torn or missing from the core reference book for course code CS-101.,Library,Medium
CMP_12432,"The spectator stands collapsed during the annual track event, injuring several onlookers.",Sports,Critical
CMP_12433,The main entry door lock for room 193 is completely broken and cannot be locked.,Hostel,High
CMP_12434,The main server rack hosting all student terminal virtual machines has crashed entirely.,Laboratory,High
CMP_12435,"The swimming pool water is green, murky, and causing skin rashes due to lack of filtration.",Sports,High
CMP_12436,Sparking and a burning plastic smell coming from the distribution board near room 185.,Electricity,Critical
CMP_12437,The indoor gym equipment cable snapped while a student was lifting heavy weights.,Sports,High
CMP_12438,A violent physical brawl broke out between two large student groups in the main corridor.,Security,Critical
CMP_12439,"The main water pipeline has burst, causing massive flooding in the basement of Boys Hostel Block A.",Plumbing,High
CMP_12440,"The swimming pool water is green, murky, and causing skin rashes due to lack of filtration.",Sports,High
CMP_12441,"The main water pipeline has burst, causing massive flooding in the basement of Boys Hostel Block A.",Plumbing,High
CMP_12442,The washbasin tap in room 393 is dripping slowly continuously.,Plumbing,Low
CMP_12443,The main circuit breaker keeps tripping every time the air conditioner is turned on.,Electricity,High
CMP_12444,One of the three tube lights in room 397 has fused.,Electricity,Low
CMP_12445,The washbasin tap in room 465 is dripping slowly continuously.,Plumbing,Low
CMP_12446,The grades for the semester final exams haven't been updated even after 3 weeks of submission.,Academic,Medium
CMP_12447,The window latch in room 352 is loose and needs to be tightened.,Hostel,Low
CMP_12448,"The floodlights on the football ground are nt turning on, stopping evening practice.",Sports,Medium
CMP_12449,Complete network outage across the entire Girls Hostel Block C block preventing project submissions.,Internet,High
CMP_12450,The toilet flush mechanism in bathroom 8 is broken and not working.,Plumbing,Medium
CMP_12451,Several pages are torn or missing from the core reference book for course code ME-204.,Library,Medium
CMP_12452,The barcode scanner at the return counter is failing to scan books quickly.,Library,Low
CMP_12453,An armed intruder managed to scale the boundary wall and enter the girls' hostel campus.,Security,Critical
CMP_12454,The barcode scanner at the return counter is rally failing to scan books quickly.,Library,Low
CMP_12455,One of the external streetlights near the parking lot is flickering.,Security,Low
CMP_12456,The WiFi network speed in Boys Hostel Block B has dropped below 1 Mbps since yesterday.,Internet,Medium
CMP_12457,The toilet flush mechanism in bathroom 2 is broken and not working.,Plumbing,Medium
CMP_12458,The study lamp socket on table 26 is not drawing any power.,Electricity,Low
CMP_12459,The page load time for the student portal is very high on the campus network.,Internet,Low
CMP_12460,The glass burettes in the chemistry lab have faint graduation marks that are hard to read.,Laboratory,Low
CMP_12461,"the air conditioning system in the reading room is rally turned off, making it suffocating.",Library,Medium
CMP_12462,the elevator in boys hostel block b is jerking badly while moving between floors.,Hostel,Medium
CMP_12463,Bedbugs found in the mattress provided in room 132 of PG Married Hostel.,Hostel,Medium
CMP_12464,Frequent voltage fluctuations in Hostel 5 are causing laptops to restart continuously.,Electricity,Medium
CMP_12465,"An emergency patient arrived, but the campus ambulance oxygen cylinder was found empty.",Medical,High
CMP_12466,Firewalls are blocking access to critical academic research servers and repository sites entirely.,Internet,Critical
CMP_12467,Mass scale technical malpractice detected during the online proctored placement exams.,Academic,Critical
CMP_12468,The whiteboard markers provided to professors are mostly dried up and unreadable.,Academic,Low
CMP_12469,The projector screen in classroom 406 is manually jammed and won't roll down smoothly.,Academic,Low
CMP_12470,The main entry door lock for room 347 is completely broken and cannot be locked.,Hostel,High
CMP_12471,a critical cardiac emergency occurred at the sports arena and the emergency response was delayed.,Medical,Critical
CMP_12472,a group of outsiders are picking fights and ragging students outside the main campus gate.,Security,High
CMP_12473,One of the external streetlights near the parking lot is flickering.,Security,Low
CMP_12474,mass scale technical malpractice detected during the online proctored placement exams.,Academic,Critical
CMP_12475,Severe water leakage from the ceiling in room 186 damaging personal belongings.,Hostel,High
CMP_12476,The study lamp socket on table 25 is not drawing any power.,Electricity,Low
CMP_12477,One of the three tube lights in room 264 has fused.,Electricity,Low
CMP_12478,No hot water supply in the showers of Girls Hostel Block C during early morning hours.,Plumbing,Medium
CMP_12479,frequent voltage fluctuations in boys hostel block b are causing laptops to restart continuously.,Electricity,Medium
CMP_12480,The drinking water dispenser in the mess area has a strange muddy taste.,Mess,Medium
CMP_12481,Complete network outage across the entire Girls Hostel Block C block preventing project submissions.,Internet,High
CMP_12482,The WiFi network speed in Hostel 5 has dropped below 1 Mbps since yesterday.,Internet,Medium
CMP_12483,The nylon net on the basketball hoop is torn and needs replacement.,Sports,Low
CMP_12484,The college bus broke down in the middle of a deserted highway during an intercity trip.,Transport,High
CMP_12485,the on-duty doctor was absent during the specified night shift hours at the clinic.,Medical,High
CMP_12486,Sewage backflow coming out of the floor drains in the ground floor bathrooms.,Plumbing,Critical
CMP_12487,One of the external streetlights near the parking lot is flickering.,Security,Low
CMP_12488,The ceiling fan in room 452 is rally making a slight clicking sound.,Hostel,Low
CMP_12489,The automated emergency fire suppression sprinklers in the main book stack area went off falsely.,Library,Critical
CMP_12490,The main entry door lock for room 296 is completely broken and cannot be locked.,Hostel,High
CMP_12491,Several pages are torn or missing from the core reference book for course code CS-101.,Library,Medium
CMP_12492,Sparking and a burning plastic smell coming from the distribution board near room 358.,Electricity,Critical
CMP_12493,The digital thermometer at the campus clinic is out of battery and not replaced.,Medical,Medium
CMP_12494,The study lamp socket on table 5 is not drawing any power.,Electricity,Low
CMP_12495,Sewage backflow coming out of the floor drains in the ground floor bathrooms.,Plumbing,Critical
CMP_12496,The window latch in room 111 is loose and needs to be tightened.,Hostel,Low
CMP_12497,the college bus broke down in the middle of a deserted highway during an intercity trip.,Transport,High
CMP_12498,"the overhead water tank is overflowing heavily, leaking directly into the main electric generator room.",Plumbing,Critical
CMP_12499,One of the external streetlights near the parking lot is flickering.,Security,Low
CMP_12500,More than 15 students have reported severe stomach aches and vomiting after eating at the mess.,Mess,High
CMP_12501,lan connection port in room 127 is rally physically damaged and loose.,Internet,Medium
CMP_12502,A major collision involving the university transport bus occurred near the main city crossing.,Transport,Critical
CMP_12503,"The authentication gateway server is down, preventing any student from logging into the internet.",Internet,High
CMP_12504,The window latch in room 404 is loose and needs to be tightened.,Hostel,Low
CMP_12505,A dangerous chemical spill of concentrated sulfuric acid occurred on bench 37.,Laboratory,Critical
CMP_12506,"An emergency patient arrived, but the campus ambulance oxygen cylinder was found empty.",Medical,High
CMP_12507,No hot water supply in the showers of Girls Hostel Block D during early morning hours.,Plumbing,Medium
CMP_12508,The page load time for the student portal is very high on the campus network.,Internet,Low
CMP_12509,"The overhead water tank is overflowing heavily, leaking directly into the main electric generator room.",Plumbing,Critical
CMP_12510,The plates and spoons provided in the dining hall are sticky and oily.,Mess,Low
CMP_12511,"the spectator stands collapsed during the annual track event, injuring several onlookers.",Sports,Critical
CMP_12512,More than 15 students have reported severe stomach aches and vomiting after eating at the mess.,Mess,High
CMP_12513,An unidentified suspicious outsider entered the hostel premises without authorization or ID check.,Security,High
CMP_12514,The weight scale machine at the triage counter shows incorrect calibration metrics.,Medical,Low
CMP_12515,An entire batch's official physical final marksheets and degree registry files were destroyed.,Academic,Critical
CMP_12516,"the main water pipeline has burst, causing massive flooding in the basement of girls hostel block c.",Plumbing,High
CMP_12517,One of the external streetlights near the parking lot is flickering.,Security,Low
CMP_12518,Complete power blackout in the entire wing of Boys Hostel Block B for over 6 hours.,Electricity,High
CMP_12519,The visitor logbook at the entrance gate is not being filled out properly by guards.,Security,Low
CMP_12520,The mouse attached to computer terminal 30 in the computer lab is malfunctioning.,Laboratory,Low
CMP_12521,A group of outsiders are picking fights and ragging students outside the main campus gate.,Security,High
CMP_12522,"The library structural pillars in the basement are showing deep cracks, causing panic.",Library,Critical
CMP_12523,Complete network outage across the entire Boys Hostel Block A block preventing project submissions.,Internet,High
CMP_12524,The grades for the semester final exams haven't been updated even after 3 weeks of submission.,Academic,Medium
CMP_12525,The waiting time at the campus health center exceeded an hour for a routine checkup.,Medical,Low
CMP_12526,The plates and spoons provided in the dining hall are sticky and oily.,Mess,Low
CMP_12527,An unidentified suspicious outsider entered the hostel premises without authorization or ID check.,Security,High
CMP_12528,The barcode scanner at the return counter is failing to scan books quickly.,Library,Low
CMP_12529,An entire batch's official physical final marksheets and degree registry files were destroyed.,Academic,Critical
CMP_12530,"The main water pipeline has burst, causing massive flooding in the basement of Hostel 9.",Plumbing,High
CMP_12531,the washbasin tap in room 395 is dripping slowly continuously.,Plumbing,Low
CMP_12532,The page load time for the student portal is rally very high on the campus network.,Internet,Low
CMP_12533,One of the external streetlights near the parking lot is flickering.,Security,Low
CMP_12534,The WiFi network speed in Hostel 9 has dropped below 1 Mbps since yesterday.,Internet,Medium
CMP_12535,The digital thermometer at the campus clinic is out of battery and not replaced.,Medical,Medium
CMP_12536,The ceiling fan in room 287 is making a slight clicking sound.,Hostel,Low
CMP_12537,The on-duty doctor was absent during the specified night shift hours at the clinic.,Medical,High
CMP_12538,"The quality of the lunch provided today was extremely poor, the rice was half-cooked.",Mess,Medium
CMP_12539,the automated emergency fire suppression sprinklers in the main book stack area went off falsely.,Library,Critical
CMP_12540,The fume hood in the organic chemistry lab has very weak suction and ventilation.,Laboratory,Medium
CMP_12541,A bicycle locked near block Boys Hostel Block B was stolen during broad daylight.,Security,Medium
CMP_12542,The page load time for the student portal is very high on the campus network.,Internet,Low
CMP_12543,"The main water pipeline has burst, causing massive flooding in the basement of PG Married Hostel.",Plumbing,High
CMP_12544,The whiteboard markers provided to professors are mostly dried up and unreadable.,Academic,Low
CMP_12545,The drinking water dispenser in the mess area has a strange muddy taste.,Mess,Medium
CMP_12546,The balcony railing on the ground floor of Girls Hostel Block C is completely detached and hanging.,Hostel,Critical
CMP_12547,The evening shuttle bus arrived 20 minutes later than the scheduled timetable.,Transport,Low
CMP_12548,One of the external streetlights near the parking lot is flickering.,Security,Low
CMP_12549,The breakfast was served cold today at the counter.,Mess,Low
CMP_12550,severe water leakage from the ceiling in room 548 damaging personal belongings.,Hostel,High
CMP_12551,The balcony railing on the third floor of Girls Hostel Block D is completely detached and hanging.,Hostel,Critical
CMP_12552,The ceiling fan in room 378 is making a slight clicking sound.,Hostel,Low
CMP_12553,the page load time for the student portal is rally very high on the campus network.,Internet,Low
CMP_12554,An entire batch's official physical final marksheets and degree registry files were destroyed.,Academic,Critical
CMP_12555,The mouse attached to computer terminal 38 in the computer lab is malfunctioning.,Laboratory,Low
CMP_12556,the plates and spoons provided in the dining hall are sticky and oily.,Mess,Low
CMP_12557,The grades for the semester final exams haven't been updated even after 3 weeks of submission.,Academic,Medium
CMP_12558,Sparking and a burning plastic smell coming from the distribution board near room 141.,Electricity,Critical
CMP_12559,The CCTV camera covering the main entrance of Girls Hostel Block C is out of focus and blurred.,Security,Medium
CMP_12560,The digital thermometer at the campus clinic is out of battery and not replaced.,Medical,Medium
CMP_12561,Mass scale technical malpractice detected during the online proctored placement exams.,Academic,Critical
CMP_12562,The elevator in Hostel 9 is jerking badly while moving between floors.,Hostel,Medium
CMP_12563,The WiFi network speed in Hostel 5 has dropped below 1 Mbps since yesterday.,Internet,Medium
CMP_12564,Bedbugs found in the mattress provided in room 181 of Girls Hostel Block C.,Hostel,Medium
CMP_12565,A group of outsiders are picking fights and ragging students outside the main campus gate.,Security,High
CMP_12566,Firewalls are blocking access to critical academic research servers and repository sites entirely.,Internet,Critical
CMP_12567,An entire batch's official physical final marksheets and degree registry files were destroyed.,Academic,Critical
CMP_12568,The on-duty doctor was absent during the specified night shift hours at the clinic.,Medical,High
CMP_12569,"An emergency patient arrived, but the campus ambulance oxygen cylinder was found empty.",Medical,High
CMP_12570,one of the external streetlights near the parking lot is flickering.,Security,Low
CMP_12571,Complete network outage across the entire Boys Hostel Block A block preventing project submissions.,Internet,High
CMP_12572,LAN connection port in room 101 is physically damaged and loose.,Internet,Medium
CMP_12573,The projector screen in classroom 592 is manually jammed and won't roll down smoothly.,Academic,Low
CMP_12574,The indoor gym equipment cable snapped while a student was lifting heavy weights.,Sports,High
CMP_12575,"The library structural pillars in the basement are showing deep cracks, causing panic.",Library,Critical
CMP_12576,The drinking water dispenser in the mess area has a strange muddy taste.,Mess,Medium
CMP_12577,"The overhead water tank is overflowing heavily, leaking directly into the main electric generator room.",Plumbing,Critical
CMP_12578,A gas cylinder regulator valve in the chemical laboratory is jammed and leaking a distinct smell.,Laboratory,High
CMP_12579,"the swimming pool water is green, murky, and causing skin rashes due to lack of filtration.",Sports,High
CMP_12580,The main fiber optic line to the engineering department block was cut during construction work.,Internet,Critical
CMP_12581,One of the three tube lights in room 192 has fused.,Electricity,Low
CMP_12582,"The corridor lights on the fourth floor are not working, making it pitch dark at night.",Electricity,Medium
CMP_12583,The seat covers on campus bus number B-07 are torn and dirty.,Transport,Low
CMP_12584,an armed intruder managed to scale the boundary wall and enter the girls' hostel campus.,Security,Critical
CMP_12585,The main circuit breaker keeps tripping every time the air conditioner is turned on.,Electricity,High
CMP_12586,The fume hood in the organic chemistry lab has very weak suction and ventilation.,Laboratory,Medium
CMP_12587,The CCTV camera covering the main entrance of Girls Hostel Block C is rally out of focus and blurred.,Security,Medium
CMP_12588,The breakfast was served cold today at the counter.,Mess,Low
CMP_12589,The indoor gym equipment cable snapped while a student was lifting heavy weights.,Sports,High
CMP_12590,The automated emergency fire suppression sprinklers in the main book stack area went off falsely.,Library,Critical
CMP_12591,One of the external streetlights near the parking lot is flickering.,Security,Low
CMP_12592,The page load time for the student portal is very high on the campus network.,Internet,Low
CMP_12593,The automated book search kiosk terminal is rally running extremely slowly.,Library,Low
CMP_12594,The exam paper leaked online an hour prior to the scheduled examination schedule.,Academic,High
CMP_12595,An unidentified suspicious outsider entered the hostel premises without authorization or ID check.,Security,High
CMP_12596,The air conditioning in the long-route university bus number Shuttle-C is completely broken.,Transport,Medium
CMP_12597,Oscilloscope number 6 in the electronics lab shows a distorted calibration line.,Laboratory,Medium
CMP_12598,A bicycle locked near block Girls Hostel Block D was stolen during broad daylight.,Security,Medium
CMP_12599,The whiteboard markers provided to professors are mostly dried up and unreadable.,Academic,Low
CMP_12600,A caterpillar and dead flies were found in the vegetable curry served during dinner.,Mess,High
CMP_12601,The visitor logbook at the entrance gate is not being filled out properly by guards.,Security,Low
CMP_12602,The elevator in Boys Hostel Block A is jerking badly while moving between floors.,Hostel,Medium
CMP_12603,"A heavy steel goalpost tip-over occurred, pinning a student player to the ground.",Sports,Critical
CMP_12604,"The quality of the lunch provided today was extremely poor, the rice was half-cooked.",Mess,Medium
CMP_12605,Several pages are torn or missing from the core reference book for course code ME-204.,Library,Medium
CMP_12606,LAN connection port in room 318 is physically damaged and loose.,Internet,Medium
CMP_12607,The main server rack hosting all student terminal virtual machines has crashed entirely.,Laboratory,High
CMP_12608,Several pages are torn or missing from the core reference book for course code EE-302.,Library,Medium
CMP_12609,The fume hood in the organic chemistry lab has very weak suction and ventilation.,Laboratory,Medium
CMP_12610,The nylon net on the basketball hoop is torn and needs replacement.,Sports,Low
CMP_12611,"The overhead water tank is overflowing heavily, leaking directly into the main electric generator room.",Plumbing,Critical
CMP_12612,The grades for the semester final exams haven't been updated even after 3 weeks of submission.,Academic,Medium
CMP_12613,The weight scale machine at the triage counter shows incorrect calibration metrics.,Medical,Low
CMP_12614,Several pages are torn or missing from the core reference book for course code MA-201.,Library,Medium
CMP_12615,Live naked electric wires are exposed in the hallway of the ground floor near the water cooler.,Electricity,Critical
CMP_12616,No hot water supply in the showers of Boys Hostel Block A during early morning hours.,Plumbing,Medium
CMP_12617,A critical cardiac emergency occurred at the sports arena and the emergency response was delayed.,Medical,Critical
CMP_12618,The evening shuttle bus arrived 20 minutes later than the scheduled timetable.,Transport,Low
CMP_12619,A bicycle locked near block Hostel 5 was stolen during broad daylight.,Security,Medium
CMP_12620,The automated emergency fire suppression sprinklers in the main book stack area went off falsely.,Library,Critical
CMP_12621,The automated emergency fire suppression sprinklers in the main book stack area went off falsely.,Library,Critical
CMP_12622,"The authentication gateway server is down, preventing any student from logging into the internet.",Internet,High
CMP_12623,The window latch in room 147 is rally loose and needs to be tightened.,Hostel,Low
CMP_12624,Several pages are torn or missing from the core reference book for course code CH-111.,Library,Medium
CMP_12625,LAN connection port in room 417 is physically damaged and loose.,Internet,Medium
CMP_12626,"The synthetic track surface near the curve has peeled off, posing a tripping hazard.",Sports,Medium
CMP_12627,The biosafety cabinet ventilation failed while handling pathogenic bacterial samples.,Laboratory,Critical
CMP_12628,The digital library portal is completely inaccessible right before the mid-term examinations.,Library,High
CMP_12629,The digital thermometer at the campus clinic is out of battery and not replaced.,Medical,Medium
CMP_12630,Rainwater is leaking from the roof directly onto the rare manuscript and book archive section.,Library,High
CMP_12631,Complete network outage across the entire Girls Hostel Block D block preventing project submissions.,Internet,High
CMP_12632,Toxic chemical cleaning agent accidentally spilled into the major cooking vessel containing soup.,Mess,Critical
CMP_12633,A caterpillar and dead flies were found in the vegetable curry served during dinner.,Mess,High
CMP_12634,The grades for the semester final exams haven't been updated even after 3 weeks of submission.,Academic,Medium
CMP_12635,A bicycle locked near block Hostel 9 was stolen during broad daylight.,Security,Medium
CMP_12636,A caterpillar and dead flies were found in the vegetable curry served during dinner.,Mess,High
CMP_12637,Complete lack of running water in the entire hostel building since morning.,Plumbing,High
CMP_12638,Bedbugs found in the mattress provided in room 551 of Girls Hostel Block C.,Hostel,Medium
CMP_12639,A gas cylinder regulator valve in the chemical laboratory is jammed and leaking a distinct smell.,Laboratory,High
CMP_12640,The nylon net on the basketball hoop is torn and needs replacement.,Sports,Low
CMP_12641,The study lamp socket on table 30 is rally nt drawing any power.,Electricity,Low
CMP_12642,The online portal failed to register the elective course preferences due to a script error.,Academic,Medium
CMP_12643,"The library structural pillars in the basement are showing deep cracks, causing panic.",Library,Critical
CMP_12644,The study lamp socket on table 26 is rally nt drawing any power.,Electricity,Low
CMP_12645,"The authentication gateway server is down, preventing any student from logging into the internet.",Internet,High
CMP_12646,The main fiber optic line to the engineering department block was cut during construction work.,Internet,Critical
CMP_12647,A student is unconscious and unresponsive in room 418 following a sudden seizure.,Medical,Critical
CMP_12648,The projector screen in classroom 184 is manually jammed and won't roll down smoothly.,Academic,Low
CMP_12649,The air conditioning in the long-route university bus number B-12 is completely broken.,Transport,Medium
CMP_12650,A critical cardiac emergency occurred at the sports arena and the emergency response was delayed.,Medical,Critical
CMP_12651,The WiFi network speed in Girls Hostel Block C has dropped below 1 Mbps since yesterday.,Internet,Medium
CMP_12652,Essential primary medicines like paracetamol and antacids are out of stock at the pharmacy.,Medical,Medium
CMP_12653,One of the three tube lights in room 599 has fused.,Electricity,Low
CMP_12654,A professor is refusing to accept legitimate medical certificates for mandatory attendance criteria.,Academic,High
CMP_12655,The mouse attached to computer terminal 1 in the computer lab is malfunctioning.,Laboratory,Low
CMP_12656,Complete network outage across the entire Girls Hostel Block D block preventing project submissions.,Internet,High
CMP_12657,A group of outsiders are picking fights and ragging students outside the main campus gate.,Security,High
CMP_12658,The automated book search kiosk terminal is rally running extremely slowly.,Library,Low
CMP_12659,the exam paper leaked online an hour prior to the scheduled examination schedule.,Academic,High
CMP_12660,Firewalls are blocking access to critical academic research servers and repository sites entirely.,Internet,Critical
CMP_12661,"The corridor lights on the ground floor are not working, making it pitch dark at night.",Electricity,Medium
CMP_12662,One of the three tube lights in room 137 has fused.,Electricity,Low
CMP_12663,The barcode scanner at the return counter is failing to scan books quickly.,Library,Low
CMP_12664,Oscilloscope number 25 in the electronics lab shows a distorted calibration line.,Laboratory,Medium
CMP_12665,The balcony railing on the ground floor of PG Married Hostel is completely detached and hanging.,Hostel,Critical
CMP_12666,Live naked electric wires are exposed in the hallway of the ground floor near the water cooler.,Electricity,Critical
CMP_12667,The grades for the semester final exams haven't been updated even after 3 weeks of submission.,Academic,Medium
CMP_12668,The digital library portal is completely inaccessible right before the mid-term examinations.,Library,High
CMP_12669,The brakes of campus bus number B-07 failed completely while descending the hill road.,Transport,Critical
CMP_12670,Rainwater is leaking from the roof directly onto the rare manuscript and book archive section.,Library,High
CMP_12671,The grades for the semester final exams haven't been updated even after 3 weeks of submission.,Academic,Medium
CMP_12672,The breakfast was served cold today at the counter.,Mess,Low
CMP_12673,the grades for the semester final exams haven't been updated even after 3 weeks of submission.,Academic,Medium
CMP_12674,Complete lack of running water in the entire hostel building since morning.,Plumbing,High
CMP_12675,"The morning campus bus is severely overcrowded, forcing students to stand on the footboard.",Transport,Medium
CMP_12676,One of the three tube lights in room 198 has fused.,Electricity,Low
CMP_12677,The fume hood in the organic chemistry lab has very weak suction and ventilation.,Laboratory,Medium
CMP_12678,The visitor logbook at the entrance gate is rally nt being filled out properly by guards.,Security,Low
CMP_12679,The mouse attached to computer terminal 23 in the computer lab is malfunctioning.,Laboratory,Low
CMP_12680,"The authentication gateway server is down, preventing any student from logging into the internet.",Internet,High
CMP_12681,The weight scale machine at the triage counter shows incorrect calibration metrics.,Medical,Low
CMP_12682,The waiting time at the campus health center exceeded an hour for a routine checkup.,Medical,Low
CMP_12683,The projector screen in classroom 157 is manually jammed and won't roll down smoothly.,Academic,Low
CMP_12684,Rainwater is leaking from the roof directly onto the rare manuscript and book archive section.,Library,High
CMP_12685,The college bus broke down in the middle of a deserted highway during an intercity trip.,Transport,High
CMP_12686,A critical cardiac emergency occurred at the sports arena and the emergency response was delayed.,Medical,Critical
CMP_12687,"The spectator stands collapsed during the annual track event, injuring several onlookers.",Sports,Critical
CMP_12688,The washbasin tap in room 135 is dripping slowly continuously.,Plumbing,Low
CMP_12689,a critical cardiac emergency occurred at the sports arena and the emergency response was delayed.,Medical,Critical
CMP_12690,More than 15 students have reported severe stomach aches and vomiting after eating at the mess.,Mess,High
CMP_12691,A major collision involving the university transport bus occurred near the main city crossing.,Transport,Critical
CMP_12692,The mouse attached to computer terminal 24 in the computer lab is rally malfunctioning.,Laboratory,Low
CMP_12693,Sewage backflow coming out of the floor drains in the ground floor bathrooms.,Plumbing,Critical
CMP_12694,The waiting time at the campus health center exceeded an hour for a routine checkup.,Medical,Low
CMP_12695,Sewage backflow coming out of the floor drains in the ground floor bathrooms.,Plumbing,Critical
CMP_12696,The indoor gym equipment cable snapped while a student was lifting heavy weights.,Sports,High
CMP_12697,The glass burettes in the chemistry lab have faint graduation marks that are hard to read.,Laboratory,Low
CMP_12698,"The spectator stands collapsed during the annual track event, injuring several onlookers.",Sports,Critical
CMP_12699,A professor is refusing to accept legitimate medical certificates for mandatory attendance criteria.,Academic,High
CMP_12700,"an emergency patient arrived, but the campus ambulance oxygen cylinder was found empty.",Medical,High
CMP_12701,Complete power blackout in the entire wing of Hostel 5 for over 6 hours.,Electricity,High
CMP_12702,Complete lack of running water in the entire hostel building since morning.,Plumbing,High
CMP_12703,"The morning campus bus is severely overcrowded, forcing students to stand on the footboard.",Transport,Medium
CMP_12704,The digital library portal is completely inaccessible right before the mid-term examinations.,Library,High
CMP_12705,The grip tape on the badminton racquets in the inventory is completely worn out.,Sports,Low
CMP_12706,Complete power blackout in the entire wing of Hostel 9 for over 6 hours.,Electricity,High
CMP_12707,The WiFi network speed in Hostel 5 has dropped below 1 Mbps since yesterday.,Internet,Medium
CMP_12708,The barcode scanner at the return counter is failing to scan books quickly.,Library,Low
CMP_12709,An unidentified suspicious outsider entered the hostel premises without authorization or ID check.,Security,High
CMP_12710,"The library structural pillars in the basement are showing deep cracks, causing panic.",Library,Critical
CMP_12711,A professor is refusing to accept legitimate medical certificates for mandatory attendance criteria.,Academic,High
CMP_12712,A professor is rally refusing to accept legitimate medical certificates for mandatory attendance criteria.,Academic,High
CMP_12713,Live naked electric wires are exposed in the hallway of the third floor near the water cooler.,Electricity,Critical
CMP_12714,The air conditioning in the long-route university bus number B-12 is completely broken.,Transport,Medium
CMP_12715,The barcode scanner at the return counter is failing to scan books quickly.,Library,Low
CMP_12716,The balcony railing on the second floor of Boys Hostel Block B is completely detached and hanging.,Hostel,Critical
CMP_12717,several pages are torn or missing from the core reference book for course code ma-201.,Library,Medium
CMP_12718,The cooking staff are using severely expired ingredients and rotten meat in the kitchen.,Mess,Critical
CMP_12719,The biosafety cabinet ventilation failed while handling pathogenic bacterial samples.,Laboratory,Critical
CMP_12720,The on-duty doctor was absent during the specified night shift hours at the clinic.,Medical,High
CMP_12721,the nylon net on the basketball hoop is torn and needs replacement.,Sports,Low
CMP_12722,An entire batch's official physical final marksheets and degree registry files were destroyed.,Academic,Critical
CMP_12723,The balcony railing on the first floor of PG Married Hostel is completely detached and hanging.,Hostel,Critical
CMP_12724,The balcony railing on the fourth floor of Hostel 5 is completely detached and hanging.,Hostel,Critical
CMP_12725,a group of outsiders are picking fights and ragging students outside the main campus gate.,Security,High
CMP_12726,The drinking water dispenser in the mess area has a strange muddy taste.,Mess,Medium
CMP_12727,"The morning campus bus is severely overcrowded, forcing students to stand on the footboard.",Transport,Medium
CMP_12728,The main circuit breaker keeps tripping every time the air conditioner is turned on.,Electricity,High
CMP_12729,The plates and spoons provided in the dining hall are sticky and oily.,Mess,Low
CMP_12730,Complete network outage across the entire Boys Hostel Block B block preventing project submissions.,Internet,High
CMP_12731,An unidentified suspicious outsider entered the hostel premises without authorization or ID check.,Security,High
CMP_12732,Firewalls are blocking access to critical academic research servers and repository sites entirely.,Internet,Critical
CMP_12733,The main entry door lock for room 375 is completely broken and cannot be locked.,Hostel,High
CMP_12734,The grip tape on the badminton racquets in the inventory is rally completely worn out.,Sports,Low
CMP_12735,The mouse attached to computer terminal 24 in the computer lab is malfunctioning.,Laboratory,Low
CMP_12736,Frequent voltage fluctuations in PG Married Hostel are causing laptops to restart continuously.,Electricity,Medium
CMP_12737,Bedbugs found in the mattress provided in room 274 of Hostel 9.,Hostel,Medium
CMP_12738,Complete power blackout in the entire wing of Girls Hostel Block C for over 6 hours.,Electricity,High
CMP_12739,The main entry door lock for room 445 is completely broken and cannot be locked.,Hostel,High
CMP_12740,Rainwater is rally leaking from the roof directly onto the rare manuscript and book archive section.,Library,High
CMP_12741,A gas cylinder regulator valve in the chemical laboratory is jammed and leaking a distinct smell.,Laboratory,High
CMP_12742,The indoor gym equipment cable snapped while a student was lifting heavy weights.,Sports,High
CMP_12743,LAN connection port in room 266 is physically damaged and loose.,Internet,Medium
CMP_12744,A caterpillar and dead flies were found in the vegetable curry served during dinner.,Mess,High
CMP_12745,"The air conditioning system in the reading room is turned off, making it suffocating.",Library,Medium
CMP_12746,"The authentication gateway server is down, preventing any student from logging into the internet.",Internet,High
CMP_12747,Frequent voltage fluctuations in Girls Hostel Block C are causing laptops to restart continuously.,Electricity,Medium
CMP_12748,"The air conditioning system in the reading room is turned off, making it suffocating.",Library,Medium
CMP_12749,the grades for the semester final exams haven't been updated even after 3 weeks of submission.,Academic,Medium
CMP_12750,Oscilloscope number 24 in the electronics lab shows a distorted calibration line.,Laboratory,Medium
CMP_12751,A student is unconscious and unresponsive in room 512 following a sudden seizure.,Medical,Critical
CMP_12752,The ceiling fan in room 587 is making a slight clicking sound.,Hostel,Low
CMP_12753,"The swimming pool water is green, murky, and causing skin rashes due to lack of filtration.",Sports,High
CMP_12754,A dangerous chemical spill of concentrated sulfuric acid occurred on bench 18.,Laboratory,Critical
CMP_12755,the projector screen in classroom 447 is manually jammed and won't roll down smoothly.,Academic,Low
CMP_12756,Bedbugs found in the mattress provided in room 437 of Hostel 5.,Hostel,Medium
CMP_12757,The air conditioning in the long-route university bus number Shuttle-C is completely broken.,Transport,Medium
CMP_12758,A gas cylinder regulator valve in the chemical laboratory is jammed and leaking a distinct smell.,Laboratory,High
CMP_12759,Sewage backflow coming out of the floor drains in the ground floor bathrooms.,Plumbing,Critical
CMP_12760,The fume hood in the organic chemistry lab has very weak suction and ventilation.,Laboratory,Medium
CMP_12761,The weight scale machine at the triage counter shows incorrect calibration metrics.,Medical,Low
CMP_12762,The cooking staff are using severely expired ingredients and rotten meat in the kitchen.,Mess,Critical
CMP_12763,One of the external streetlights near the parking lot is flickering.,Security,Low
CMP_12764,The automated emergency fire suppression sprinklers in the main book stack area went off falsely.,Library,Critical
CMP_12765,Rainwater is leaking from the roof directly onto the rare manuscript and book archive section.,Library,High
CMP_12766,The WiFi network speed in PG Married Hostel has dropped below 1 Mbps since yesterday.,Internet,Medium
CMP_12767,The plates and spoons provided in the dining hall are sticky and oily.,Mess,Low
CMP_12768,The main circuit breaker keeps tripping every time the air conditioner is turned on.,Electricity,High
CMP_12769,The washbasin tap in room 166 is rally dripping slowly continuously.,Plumbing,Low
CMP_12770,Bedbugs found in the mattress provided in room 123 of Boys Hostel Block B.,Hostel,Medium
CMP_12771,The main fiber optic line to the engineering department block was cut during construction work.,Internet,Critical
CMP_12772,The projector screen in classroom 271 is manually jammed and won't roll down smoothly.,Academic,Low
CMP_12773,the cctv camera covering the main entrance of boys hostel block b is out of focus and blurred.,Security,Medium
CMP_12774,The digital thermometer at the campus clinic is out of battery and not replaced.,Medical,Medium
CMP_12775,"The synthetic track surface near the curve has peeled off, posing a tripping hazard.",Sports,Medium
CMP_12776,The window latch in room 277 is loose and needs to be tightened.,Hostel,Low
CMP_12777,The mouse attached to computer terminal 37 in the computer lab is rally malfunctioning.,Laboratory,Low
CMP_12778,Bedbugs found in the mattress provided in room 414 of Hostel 5.,Hostel,Medium
CMP_12779,Firewalls are blocking access to critical academic research servers and repository sites entirely.,Internet,Critical
CMP_12780,The toilet flush mechanism in bathroom 7 is broken and not working.,Plumbing,Medium
CMP_12781,The automated book search kiosk terminal is running extremely slowly.,Library,Low
CMP_12782,The whiteboard markers provided to professors are mostly dried up and unreadable.,Academic,Low
CMP_12783,The main server rack hosting all student terminal virtual machines has crashed entirely.,Laboratory,High
CMP_12784,The automated emergency fire suppression sprinklers in the main book stack area went off falsely.,Library,Critical
CMP_12785,A major collision involving the university transport bus occurred near the main city crossing.,Transport,Critical
CMP_12786,A violent physical brawl broke out between two large student groups in the main corridor.,Security,Critical
CMP_12787,An entire batch's official physical final marksheets and degree registry files were destroyed.,Academic,Critical
CMP_12788,"A large chunk of plaster fell from the ceiling in room 389, narrowly missing a student.",Hostel,Critical
CMP_12789,One of the three tube lights in room 244 has fused.,Electricity,Low
CMP_12790,the main entry door lock for room 474 is rally completely broken and cannt be locked.,Hostel,High
CMP_12791,The page load time for the student portal is very high on the campus network.,Internet,Low
CMP_12792,The elevator in Hostel 5 is jerking badly while moving between floors.,Hostel,Medium
CMP_12793,A group of outsiders are picking fights and ragging students outside the main campus gate.,Security,High
CMP_12794,Firewalls are blocking access to critical academic research servers and repository sites entirely.,Internet,Critical
CMP_12795,The visitor logbook at the entrance gate is rally nt being filled out properly by guards.,Security,Low
CMP_12796,complete power blackout in the entire wing of girls hostel block d for over 6 hours.,Electricity,High
CMP_12797,The WiFi network speed in Boys Hostel Block A has dropped below 1 Mbps since yesterday.,Internet,Medium
CMP_12798,Complete power blackout in the entire wing of Boys Hostel Block A for over 6 hours.,Electricity,High
CMP_12799,"the floodlights on the football ground are not turning on, stopping evening practice.",Sports,Medium
CMP_12800,Water drain in the common washroom is slow to clear.,Plumbing,Low
CMP_12801,A dangerous chemical spill of concentrated sulfuric acid occurred on bench 32.,Laboratory,Critical
CMP_12802,The biosafety cabinet ventilation failed while handling pathogenic bacterial samples.,Laboratory,Critical
CMP_12803,the seat covers on campus bus number b-07 are torn and dirty.,Transport,Low
CMP_12804,The elevator in Girls Hostel Block D is jerking badly while moving between floors.,Hostel,Medium
CMP_12805,the whiteboard markers provided to professors are mostly dried up and unreadable.,Academic,Low
CMP_12806,Essential primary medicines like paracetamol and antacids are out of stock at the pharmacy.,Medical,Medium
CMP_12807,The weight scale machine at the triage counter shows incorrect calibration metrics.,Medical,Low
CMP_12808,A major collision involving the university transport bus occurred near the main city crossing.,Transport,Critical
CMP_12809,The main circuit breaker keeps tripping every time the air conditioner is rally turned on.,Electricity,High
CMP_12810,One of the external streetlights near the parking lot is flickering.,Security,Low
CMP_12811,One of the external streetlights near the parking lot is flickering.,Security,Low
CMP_12812,A major collision involving the university transport bus occurred near the main city crossing.,Transport,Critical
CMP_12813,"The library structural pillars in the basement are showing deep cracks, causing panic.",Library,Critical
CMP_12814,"The main water pipeline has burst, causing massive flooding in the basement of Boys Hostel Block A.",Plumbing,High
CMP_12815,The toilet flush mechanism in bathroom 6 is rally broken and nt workin.,Plumbing,Medium
CMP_12816,The evening shuttle bus arrived 20 minutes later than the scheduled timetable.,Transport,Low
CMP_12817,The digital thermometer at the campus clinic is out of battery and not replaced.,Medical,Medium
CMP_12818,The study lamp socket on table 23 is not drawing any power.,Electricity,Low
CMP_12819,The WiFi network speed in PG Married Hostel has dropped below 1 Mbps since yesterday.,Internet,Medium
CMP_12820,A critical cardiac emergency occurred at the sports arena and the emergency response was delayed.,Medical,Critical
CMP_12821,The grades for the semester final exams haven't been updated even after 3 weeks of submission.,Academic,Medium
CMP_12822,The evening shuttle bus arrived 20 minutes later than the scheduled timetable.,Transport,Low
CMP_12823,A violent physical brawl broke out between two large student groups in the main corridor.,Security,Critical
CMP_12824,A gas cylinder regulator valve in the chemical laboratory is jammed and leaking a distinct smell.,Laboratory,High
CMP_12825,An unidentified suspicious outsider entered the hostel premises without authorization or ID check.,Security,High
CMP_12826,The plates and spoons provided in the dining hall are sticky and oily.,Mess,Low
CMP_12827,WiFi keeps disconnecting every 30 minutes in the common room.,Internet,Low
CMP_12828,A bicycle locked near block Boys Hostel Block A was stolen during broad daylight.,Security,Medium
CMP_12829,Live naked electric wires are exposed in the hallway of the third floor near the water cooler.,Electricity,Critical
CMP_12830,The projector screen in classroom 487 is manually jammed and won't roll down smoothly.,Academic,Low
CMP_12831,frequent voltage fluctuations in boys hostel block b are causing laptops to restart continuously.,Electricity,Medium
CMP_12832,A gas cylinder regulator valve in the chemical laboratory is jammed and leaking a distinct smell.,Laboratory,High
CMP_12833,The online portal failed to register the elective course preferences due to a script error.,Academic,Medium
CMP_12834,No hot water supply in the showers of Girls Hostel Block D during early morning hours.,Plumbing,Medium
CMP_12835,The CCTV camera covering the main entrance of Girls Hostel Block C is out of focus and blurred.,Security,Medium
CMP_12836,The window latch in room 219 is loose and needs to be tightened.,Hostel,Low
CMP_12837,Complete network outage across the entire Hostel 5 block preventing project submissions.,Internet,High
CMP_12838,"The authentication gateway server is down, preventing any student from logging into the internet.",Internet,High
CMP_12839,One of the external streetlights near the parking lot is flickering.,Security,Low
CMP_12840,"an emergency patient arrived, but the campus ambulance oxygen cylinder was found empty.",Medical,High
CMP_12841,A caterpillar and dead flies were found in the vegetable curry served during dinner.,Mess,High
CMP_12842,"An emergency patient arrived, but the campus ambulance oxygen cylinder was found empty.",Medical,High
CMP_12843,WiFi keeps disconnecting every 30 minutes in the common room.,Internet,Low
CMP_12844,Water drain in the common washroom is slow to clear.,Plumbing,Low
CMP_12845,"The synthetic track surface near the curve has peeled off, posing a tripping hazard.",Sports,Medium
CMP_12846,The window latch in room 114 is rally loose and needs to be tightened.,Hostel,Low
CMP_12847,The fume hood in the organic chemistry lab has very weak suction and ventilation.,Laboratory,Medium
CMP_12848,"an emergency patient arrived, but the campus ambulance oxygen cylinder was found empty.",Medical,High
CMP_12849,A critical cardiac emergency occurred at the sports arena and the emergency response was delayed.,Medical,Critical
CMP_12850,The seat covers on campus bus number Shuttle-C are torn and dirty.,Transport,Low
CMP_12851,The college bus broke down in the middle of a deserted highway during an intercity trip.,Transport,High
CMP_12852,"The corridor lights on the ground floor are not working, making it pitch dark at night.",Electricity,Medium
CMP_12853,The mouse attached to computer terminal 17 in the computer lab is malfunctioning.,Laboratory,Low
CMP_12854,An entire batch's official physical final marksheets and degree registry files were destroyed.,Academic,Critical
CMP_12855,A dangerous chemical spill of concentrated sulfuric acid occurred on bench 12.,Laboratory,Critical
CMP_12856,The toilet flush mechanism in bathroom 2 is broken and not working.,Plumbing,Medium
CMP_12857,"The floodlights on the football ground are not turning on, stopping evening practice.",Sports,Medium
CMP_12858,Rainwater is leaking from the roof directly onto the rare manuscript and book archive section.,Library,High
CMP_12859,The grip tape on the badminton racquets in the inventory is completely worn out.,Sports,Low
CMP_12860,An entire batch's official physical final marksheets and degree registry files were destroyed.,Academic,Critical
CMP_12861,The seat covers on campus bus number Shuttle-C are torn and dirty.,Transport,Low
CMP_12862,The ceiling fan in room 236 is making a slight clicking sound.,Hostel,Low
CMP_12863,"The library structural pillars in the basement are showing deep cracks, causing panic.",Library,Critical
CMP_12864,The weight scale machine at the triage counter shows incorrect calibration metrics.,Medical,Low
CMP_12865,"The swimming pool water is green, murky, and causing skin rashes due to lack of filtration.",Sports,High
CMP_12866,The seat covers on campus bus number B-12 are torn and dirty.,Transport,Low
CMP_12867,Complete lack of running water in the entire hostel building since morning.,Plumbing,High
CMP_12868,the study lamp socket on table 17 is not drawing any power.,Electricity,Low
CMP_12869,"A heavy steel goalpost tip-over occurred, pinning a student player to the ground.",Sports,Critical
CMP_12870,A professor is refusing to accept legitimate medical certificates for mandatory attendance criteria.,Academic,High
CMP_12871,Complete power blackout in the entire wing of Girls Hostel Block C for over 6 hours.,Electricity,High
CMP_12872,The driver of route B-01 was driving extremely recklessly and speeding over speed bumps.,Transport,High
CMP_12873,The air conditioning in the long-route university bus number B-04 is completely broken.,Transport,Medium
CMP_12874,The washbasin tap in room 599 is rally dripping slowly continuously.,Plumbing,Low
CMP_12875,Live naked electric wires are exposed in the hallway of the ground floor near the water cooler.,Electricity,Critical
CMP_12876,Firewalls are blocking access to critical academic research servers and repository sites entirely.,Internet,Critical
CMP_12877,the waiting time at the campus health center exceeded an hour for a routine checkup.,Medical,Low
CMP_12878,the fume hood in the organic chemistry lab has very weak suction and ventilation.,Laboratory,Medium
CMP_12879,Oscilloscope number 8 in the electronics lab shows a distorted calibration line.,Laboratory,Medium
CMP_12880,"The floodlights on the football ground are nt turning on, stopping evening practice.",Sports,Medium
CMP_12881,"The corridor lights on the fourth floor are not working, making it pitch dark at night.",Electricity,Medium
CMP_12882,Live naked electric wires are exposed in the hallway of the third floor near the water cooler.,Electricity,Critical
CMP_12883,One of the three tube lights in room 468 has fused.,Electricity,Low
CMP_12884,"The quality of the lunch provided today was extremely poor, the rice was half-cooked.",Mess,Medium
CMP_12885,A student is unconscious and unresponsive in room 253 following a sudden seizure.,Medical,Critical
CMP_12886,The seat covers on campus bus number Shuttle-C are torn and dirty.,Transport,Low
CMP_12887,The waiting time at the campus health center exceeded an hour for a routine checkup.,Medical,Low
CMP_12888,The main fiber optic line to the engineering department block was cut during construction work.,Internet,Critical
CMP_12889,"The quality of the lunch provided today was extremely poor, the rice was half-cooked.",Mess,Medium
CMP_12890,"The floodlights on the football ground are not turning on, stopping evening practice.",Sports,Medium
CMP_12891,"The swimming pool water is green, murky, and causing skin rashes due to lack of filtration.",Sports,High
CMP_12892,"The corridor lights on the fourth floor are not working, making it pitch dark at night.",Electricity,Medium
CMP_12893,Sparking and a burning plastic smell coming from the distribution board near room 245.,Electricity,Critical
CMP_12894,An unidentified suspicious outsider entered the hostel premises without authorization or ID check.,Security,High
CMP_12895,rainwater is leaking from the roof directly onto the rare manuscript and book archive section.,Library,High
CMP_12896,No hot water supply in the showers of Boys Hostel Block B during early morning hours.,Plumbing,Medium
CMP_12897,The digital library portal is completely inaccessible right before the mid-term examinations.,Library,High
CMP_12898,The indoor gym equipment cable snapped while a student was lifting heavy weights.,Sports,High
CMP_12899,The projector screen in classroom 325 is manually jammed and won't roll down smoothly.,Academic,Low
CMP_12900,The breakfast was served cold today at the counter.,Mess,Low
CMP_12901,essential primary medicines like paracetamol and antacids are out of stock at the pharmacy.,Medical,Medium
CMP_12902,the on-duty doctor was absent during the specified night shift hours at the clinic.,Medical,High
CMP_12903,A professor is refusing to accept legitimate medical certificates for mandatory attendance criteria.,Academic,High
CMP_12904,Oscilloscope number 37 in the electronics lab shows a distorted calibration line.,Laboratory,Medium
CMP_12905,The window latch in room 352 is loose and needs to be tightened.,Hostel,Low
CMP_12906,The mouse attached to computer terminal 27 in the computer lab is rally malfunctioning.,Laboratory,Low
CMP_12907,Essential primary medicines like paracetamol and antacids are out of stock at the pharmacy.,Medical,Medium
CMP_12908,The glass burettes in the chemistry lab have faint graduation marks that are hard to read.,Laboratory,Low
CMP_12909,A major collision involving the university transport bus occurred near the main city crossing.,Transport,Critical
CMP_12910,wifi keeps disconnecting every 30 minutes in the common room.,Internet,Low
CMP_12911,"The morning campus bus is severely overcrowded, forcing students to stand on the footboard.",Transport,Medium
CMP_12912,"the corridor lights on the second floor are not working, making it pitch dark at night.",Electricity,Medium
CMP_12913,The drinking water dispenser in the mess area has a strange muddy taste.,Mess,Medium
CMP_12914,The balcony railing on the ground floor of Girls Hostel Block D is completely detached and hanging.,Hostel,Critical
CMP_12915,The nylon net on the basketball hoop is torn and needs replacement.,Sports,Low
CMP_12916,Toxic chemical cleaning agent accidentally spilled into the major cooking vessel containing soup.,Mess,Critical
CMP_12917,The main server rack hosting all student terminal virtual machines has crashed entirely.,Laboratory,High
CMP_12918,The driver of route B-12 was driving extremely recklessly and speeding over speed bumps.,Transport,High
CMP_12919,The brakes of campus bus number B-01 failed completely while descending the hill road.,Transport,Critical
CMP_12920,The WiFi network speed in Boys Hostel Block B has dropped below 1 Mbps since yesterday.,Internet,Medium
CMP_12921,Mass scale technical malpractice detected during the online proctored placement exams.,Academic,Critical
CMP_12922,WiFi keeps disconnecting every 30 minutes in the common room.,Internet,Low
CMP_12923,The digital library portal is rally completely inaccessible right before the mid-term examinations.,Library,High
CMP_12924,Toxic chemical cleaning agent accidentally spilled into the major cooking vessel containing soup.,Mess,Critical
CMP_12925,Essential primary medicines like paracetamol and antacids are out of stock at the pharmacy.,Medical,Medium
CMP_12926,"The morning campus bus is severely overcrowded, forcing students to stand on the footboard.",Transport,Medium
CMP_12927,The main circuit breaker keeps tripping every time the air conditioner is turned on.,Electricity,High
CMP_12928,Sewage backflow coming out of the floor drains in the ground floor bathrooms.,Plumbing,Critical
CMP_12929,A gas cylinder regulator valve in the chemical laboratory is jammed and leaking a distinct smell.,Laboratory,High
CMP_12930,A major collision involving the university transport bus occurred near the main city crossing.,Transport,Critical
CMP_12931,The window latch in room 509 is loose and needs to be tightened.,Hostel,Low
CMP_12932,The plates and spoons provided in the dining hall are sticky and oily.,Mess,Low
CMP_12933,The waiting time at the campus health center exceeded an hour for a routine checkup.,Medical,Low
CMP_12934,The visitor logbook at the entrance gate is not being filled out properly by guards.,Security,Low
CMP_12935,Live naked electric wires are exposed in the hallway of the fourth floor near the water cooler.,Electricity,Critical
CMP_12936,An entire batch's official physical final marksheets and degree registry files were destroyed.,Academic,Critical
CMP_12937,"An emergency patient arrived, but the campus ambulance oxygen cylinder was found empty.",Medical,High
CMP_12938,One of the three tube lights in room 457 has fused.,Electricity,Low
CMP_12939,No hot water supply in the showers of Girls Hostel Block C during early morning hours.,Plumbing,Medium
CMP_12940,The main circuit breaker keeps tripping every time the air conditioner is turned on.,Electricity,High
CMP_12941,The digital library portal is completely inaccessible right before the mid-term examinations.,Library,High
CMP_12942,A gas cylinder regulator valve in the chemical laboratory is jammed and leaking a distinct smell.,Laboratory,High
CMP_12943,The main entry door lock for room 567 is rally completely broken and cannt be locked.,Hostel,High
CMP_12944,Firewalls are blocking access to critical academic research servers and repository sites entirely.,Internet,Critical
CMP_12945,The window latch in room 345 is rally loose and needs to be tightened.,Hostel,Low
CMP_12946,The main circuit breaker keeps tripping every time the air conditioner is turned on.,Electricity,High
CMP_12947,The elevator in Girls Hostel Block D is jerking badly while moving between floors.,Hostel,Medium
CMP_12948,Several pages are torn or missing from the core reference book for course code CH-111.,Library,Medium
CMP_12949,The exam paper leaked online an hour prior to the scheduled examination schedule.,Academic,High
CMP_12950,The WiFi network speed in Boys Hostel Block A has dropped below 1 Mbps since yesterday.,Internet,Medium
CMP_12951,A dangerous chemical spill of concentrated sulfuric acid occurred on bench 10.,Laboratory,Critical
CMP_12952,"The synthetic track surface near the curve has peeled off, posing a tripping hazard.",Sports,Medium
CMP_12953,Severe water leakage from the ceiling in room 476 damaging personal belongings.,Hostel,High
CMP_12954,The waiting time at the campus health center exceeded an hour for a routine checkup.,Medical,Low
CMP_12955,A gas cylinder regulator valve in the chemical laboratory is jammed and leaking a distinct smell.,Laboratory,High
CMP_12956,The on-duty doctor was absent during the specified night shift hours at the clinic.,Medical,High
CMP_12957,The visitor logbook at the entrance gate is not being filled out properly by guards.,Security,Low
CMP_12958,Several pages are torn or missing from the core reference book for course code MA-201.,Library,Medium
CMP_12959,"The floodlights on the football ground are not turning on, stopping evening practice.",Sports,Medium
CMP_12960,A group of outsiders are picking fights and ragging students outside the main campus gate.,Security,High
CMP_12961,The brakes of campus bus number B-04 failed completely while descending the hill road.,Transport,Critical
CMP_12962,"The overhead water tank is overflowing heavily, leaking directly into the main electric generator room.",Plumbing,Critical
CMP_12963,Several pages are torn or missing from the core reference book for course code PH-102.,Library,Medium
CMP_12964,The visitor logbook at the entrance gate is not being filled out properly by guards.,Security,Low
CMP_12965,The exam paper leaked online an hour prior to the scheduled examination schedule.,Academic,High
CMP_12966,The online portal failed to register the elective course preferences due to a script error.,Academic,Medium
CMP_12967,Rainwater is leaking from the roof directly onto the rare manuscript and book archive section.,Library,High
CMP_12968,The breakfast was served cold today at the counter.,Mess,Low
CMP_12969,the toilet flush mechanism in bathroom 6 is broken and not working.,Plumbing,Medium
CMP_12970,The CCTV camera covering the main entrance of Hostel 9 is out of focus and blurred.,Security,Medium
CMP_12971,The automated book search kiosk terminal is running extremely slowly.,Library,Low
CMP_12972,The digital thermometer at the campus clinic is rally out of battery and nt replaced.,Medical,Medium
CMP_12973,Firewalls are blocking access to critical academic research servers and repository sites entirely.,Internet,Critical
CMP_12974,The study lamp socket on table 8 is rally nt drawing any power.,Electricity,Low
CMP_12975,Toxic chemical cleaning agent accidentally spilled into the major cooking vessel containing soup.,Mess,Critical
CMP_12976,The nylon net on the basketball hoop is torn and needs replacement.,Sports,Low
CMP_12977,"The overhead water tank is overflowing heavily, leaking directly into the main electric generator room.",Plumbing,Critical
CMP_12978,The exam paper leaked online an hour prior to the scheduled examination schedule.,Academic,High
CMP_12979,The drinking water dispenser in the mess area has a strange muddy taste.,Mess,Medium
CMP_12980,The online portal failed to register the elective course preferences due to a script error.,Academic,Medium
CMP_12981,"The library structural pillars in the basement are showing deep cracks, causing panic.",Library,Critical
CMP_12982,The main entry door lock for room 466 is completely broken and cannot be locked.,Hostel,High
CMP_12983,WiFi keeps disconnecting every 30 minutes in the common room.,Internet,Low
CMP_12984,The washbasin tap in room 349 is dripping slowly continuously.,Plumbing,Low
CMP_12985,"The synthetic track surface near the curve has peeled off, posing a tripping hazard.",Sports,Medium
CMP_12986,A caterpillar and dead flies were found in the vegetable curry served during dinner.,Mess,High
CMP_12987,An unidentified suspicious outsider entered the hostel premises without authorization or ID check.,Security,High
CMP_12988,WiFi keeps disconnecting every 30 minutes in the common room.,Internet,Low
CMP_12989,An entire batch's official physical final marksheets and degree registry files were destroyed.,Academic,Critical
CMP_12990,WiFi keeps disconnecting every 30 minutes in the common room.,Internet,Low
CMP_12991,The elevator in Girls Hostel Block C is rally jerking badly while moving between floors.,Hostel,Medium
CMP_12992,The page load time for the student portal is very high on the campus network.,Internet,Low
CMP_12993,A caterpillar and dead flies were found in the vegetable curry served during dinner.,Mess,High
CMP_12994,"the swimming pool water is green, murky, and causing skin rashes due to lack of filtration.",Sports,High
CMP_12995,The window latch in room 423 is loose and needs to be tightened.,Hostel,Low
CMP_12996,The main server rack hosting all student terminal virtual machines has crashed entirely.,Laboratory,High
CMP_12997,Mass scale technical malpractice detected during the online proctored placement exams.,Academic,Critical
CMP_12998,"The synthetic track surface near the curve has peeled off, posing a tripping hazard.",Sports,Medium
CMP_12999,The ceiling fan in room 512 is making a slight clicking sound.,Hostel,Low
CMP_13000,Toxic chemical cleaning agent accidentally spilled into the major cooking vessel containing soup.,Mess,Critical
CMP_13001,The driver of route B-12 was driving extremely recklessly and speeding over speed bumps.,Transport,High
CMP_13002,The study lamp socket on table 4 is not drawing any power.,Electricity,Low
CMP_13003,"The synthetic track surface near the curve has peeled off, posing a tripping hazard.",Sports,Medium
CMP_13004,a critical cardiac emergency occurred at the sports arena and the emergency response was delayed.,Medical,Critical
CMP_13005,A caterpillar and dead flies were found in the vegetable curry served during dinner.,Mess,High
CMP_13006,The grades for the semester final exams haven't been updated even after 3 weeks of submission.,Academic,Medium
CMP_13007,The waiting time at the campus health center exceeded an hour for a routine checkup.,Medical,Low
CMP_13008,No hot water supply in the showers of Boys Hostel Block A during early morning hours.,Plumbing,Medium
CMP_13009,The nylon net on the basketball hoop is torn and needs replacement.,Sports,Low
CMP_13010,The window latch in room 195 is loose and needs to be tightened.,Hostel,Low
CMP_13011,"A heavy steel goalpost tip-over occurred, pinning a student player to the ground.",Sports,Critical
CMP_13012,"A heavy steel goalpost tip-over occurred, pinning a student player to the ground.",Sports,Critical
CMP_13013,One of the external streetlights near the parking lot is flickering.,Security,Low
CMP_13014,The main server rack hosting all student terminal virtual machines has crashed entirely.,Laboratory,High
CMP_13015,Mass scale technical malpractice detected during the online proctored placement exams.,Academic,Critical
CMP_13016,The main server rack hosting all student terminal virtual machines has crashed entirely.,Laboratory,High
CMP_13017,The main entry door lock for room 415 is rally completely broken and cannt be locked.,Hostel,High
CMP_13018,The brakes of campus bus number Shuttle-A failed completely while descending the hill road.,Transport,Critical
CMP_13019,Essential primary medicines like paracetamol and antacids are out of stock at the pharmacy.,Medical,Medium
CMP_13020,The main circuit breaker keeps tripping every time the air conditioner is turned on.,Electricity,High
CMP_13021,Firewalls are blocking access to critical academic research servers and repository sites entirely.,Internet,Critical
CMP_13022,"the morning campus bus is severely overcrowded, forcing students to stand on the footboard.",Transport,Medium
CMP_13023,Complete lack of running water in the entire hostel building since morning.,Plumbing,High
CMP_13024,The nylon net on the basketball hoop is torn and needs replacement.,Sports,Low
CMP_13025,"The swimming pool water is green, murky, and causing skin rashes due to lack of filtration.",Sports,High
CMP_13026,Sewage backflow coming out of the floor drains in the ground floor bathrooms.,Plumbing,Critical
CMP_13027,The evening shuttle bus arrived 20 minutes later than the scheduled timetable.,Transport,Low
CMP_13028,"The morning campus bus is severely overcrowded, forcing students to stand on the footboard.",Transport,Medium
CMP_13029,"An emergency patient arrived, but the campus ambulance oxygen cylinder was found empty.",Medical,High
CMP_13030,LAN connection port in room 311 is physically damaged and loose.,Internet,Medium
CMP_13031,"The swimming pool water is green, murky, and causing skin rashes due to lack of filtration.",Sports,High
CMP_13032,The WiFi network speed in Girls Hostel Block C has dropped below 1 Mbps since yesterday.,Internet,Medium
CMP_13033,A student is unconscious and unresponsive in room 217 following a sudden seizure.,Medical,Critical
CMP_13034,sparking and a burning plastic smell coming from the distribution board near room 372.,Electricity,Critical
CMP_13035,Toxic chemical cleaning agent accidentally spilled into the major cooking vessel containing soup.,Mess,Critical
CMP_13036,A critical cardiac emergency occurred at the sports arena and the emergency response was delayed.,Medical,Critical
CMP_13037,The WiFi network speed in Boys Hostel Block A has dropped below 1 Mbps since yesterday.,Internet,Medium
CMP_13038,The washbasin tap in room 133 is dripping slowly continuously.,Plumbing,Low
CMP_13039,The automated emergency fire suppression sprinklers in the main book stack area went off falsely.,Library,Critical
CMP_13040,"The swimming pool water is green, murky, and causing skin rashes due to lack of filtration.",Sports,High
CMP_13041,"The library structural pillars in the basement are showing deep cracks, causing panic.",Library,Critical
CMP_13042,complete lack of running water in the entire hostel building since morning.,Plumbing,High
CMP_13043,an entire batch's official physical final marksheets and degree registry files were destroyed.,Academic,Critical
CMP_13044,"The library structural pillars in the basement are showing deep cracks, causing panic.",Library,Critical
CMP_13045,An armed intruder managed to scale the boundary wall and enter the girls' hostel campus.,Security,Critical
CMP_13046,One of the three tube lights in room 559 has fused.,Electricity,Low
CMP_13047,"The morning campus bus is severely overcrowded, forcing students to stand on the footboard.",Transport,Medium
CMP_13048,an armed intruder managed to scale the boundary wall and enter the girls' hostel campus.,Security,Critical
CMP_13049,"The overhead water tank is overflowing heavily, leaking directly into the main electric generator room.",Plumbing,Critical
CMP_13050,A bicycle locked near block Hostel 5 was stolen during broad daylight.,Security,Medium
CMP_13051,The digital library portal is completely inaccessible right before the mid-term examinations.,Library,High
CMP_13052,Oscilloscope number 15 in the electronics lab shows a distorted calibration line.,Laboratory,Medium
CMP_13053,"The quality of the lunch provided today was extremely poor, the rice was half-cooked.",Mess,Medium
CMP_13054,Several pages are torn or missing from the core reference book for course code ME-204.,Library,Medium
CMP_13055,"The main water pipeline has burst, causing massive flooding in the basement of Boys Hostel Block A.",Plumbing,High
CMP_13056,The WiFi network speed in Boys Hostel Block B has dropped below 1 Mbps since yesterday.,Internet,Medium
CMP_13057,The air conditioning in the long-route university bus number B-12 is completely broken.,Transport,Medium
CMP_13058,A bicycle locked near block Girls Hostel Block D was stolen during broad daylight.,Security,Medium
CMP_13059,Mass scale technical malpractice detected during the online proctored placement exams.,Academic,Critical
CMP_13060,The driver of route B-12 was driving extremely recklessly and speeding over speed bumps.,Transport,High
CMP_13061,The fume hood in the organic chemistry lab has very weak suction and ventilation.,Laboratory,Medium
CMP_13062,Complete power blackout in the entire wing of Girls Hostel Block C for over 6 hours.,Electricity,High
CMP_13063,The ceiling fan in room 302 is making a slight clicking sound.,Hostel,Low
CMP_13064,rainwater is leaking from the roof directly onto the rare manuscript and book archive section.,Library,High
CMP_13065,Several pages are torn or missing from the core reference book for course code MA-201.,Library,Medium
CMP_13066,The visitor logbook at the entrance gate is not being filled out properly by guards.,Security,Low
CMP_13067,The projector screen in classroom 462 is manually jammed and won't roll down smoothly.,Academic,Low
CMP_13068,The grip tape on the badminton racquets in the inventory is rally completely worn out.,Sports,Low
CMP_13069,bedbugs found in the mattress provided in room 272 of pg married hostel.,Hostel,Medium
CMP_13070,One of the external streetlights near the parking lot is flickering.,Security,Low
CMP_13071,"The synthetic track surface near the curve has peeled off, posing a tripping hazard.",Sports,Medium
CMP_13072,The barcode scanner at the return counter is failing to scan books quickly.,Library,Low
CMP_13073,The driver of route B-01 was driving extremely recklessly and speeding over speed bumps.,Transport,High
CMP_13074,A professor is rally refusing to accept legitimate medical certificates for mandatory attendance criteria.,Academic,High
CMP_13075,the cctv camera covering the main entrance of hostel 9 is out of focus and blurred.,Security,Medium
CMP_13076,The elevator in Boys Hostel Block B is jerking badly while moving between floors.,Hostel,Medium
CMP_13077,Firewalls are blocking access to critical academic research servers and repository sites entirely.,Internet,Critical
CMP_13078,Essential primary medicines like paracetamol and antacids are out of stock at the pharmacy.,Medical,Medium
CMP_13079,The elevator in Girls Hostel Block C is jerking badly while moving between floors.,Hostel,Medium
CMP_13080,Sparking and a burning plastic smell coming from the distribution board near room 589.,Electricity,Critical
CMP_13081,"The overhead water tank is rally overflowing heavily, leaking directly into the main electric generator room.",Plumbing,Critical
CMP_13082,A bicycle locked near block Hostel 9 was stolen during broad daylight.,Security,Medium
CMP_13083,A caterpillar and dead flies were found in the vegetable curry served during dinner.,Mess,High
CMP_13084,Essential primary medicines like paracetamol and antacids are out of stock at the pharmacy.,Medical,Medium
CMP_13085,the automated emergency fire suppression sprinklers in the main book stack area went off falsely.,Library,Critical
CMP_13086,The elevator in Hostel 9 is rally jerking badly while moving between floors.,Hostel,Medium
CMP_13087,A caterpillar and dead flies were found in the vegetable curry served during dinner.,Mess,High
CMP_13088,A bicycle locked near block Hostel 9 was stolen during broad daylight.,Security,Medium
CMP_13089,The visitor logbook at the entrance gate is not being filled out properly by guards.,Security,Low
CMP_13090,Complete network outage across the entire Boys Hostel Block A block preventing project submissions.,Internet,High
CMP_13091,The air conditioning in the long-route university bus number Shuttle-C is completely broken.,Transport,Medium
CMP_13092,A violent physical brawl broke out between two large student groups in the main corridor.,Security,Critical
CMP_13093,The automated book search kiosk terminal is running extremely slowly.,Library,Low
CMP_13094,The projector screen in classroom 213 is manually jammed and won't roll down smoothly.,Academic,Low
CMP_13095,The exam paper leaked online an hour prior to the scheduled examination schedule.,Academic,High
CMP_13096,WiFi keeps disconnecting every 30 minutes in the common room.,Internet,Low
CMP_13097,"The corridor lights on the fourth floor are not working, making it pitch dark at night.",Electricity,Medium
CMP_13098,Complete lack of running water in the entire hostel building since morning.,Plumbing,High
CMP_13099,"The authentication gateway server is rally down, preventing any student from logging into the internet.",Internet,High
CMP_13100,Rainwater is leaking from the roof directly onto the rare manuscript and book archive section.,Library,High
CMP_13101,A gas cylinder regulator valve in the chemical laboratory is jammed and leaking a distinct smell.,Laboratory,High
CMP_13102,A student is unconscious and unresponsive in room 314 following a sudden seizure.,Medical,Critical
CMP_13103,Complete network outage across the entire Girls Hostel Block D block preventing project submissions.,Internet,High
CMP_13104,The plates and spoons provided in the dining hall are sticky and oily.,Mess,Low
CMP_13105,the seat covers on campus bus number shuttle-a are torn and dirty.,Transport,Low
CMP_13106,bedbugs found in the mattress provided in room 406 of hostel 9.,Hostel,Medium
CMP_13107,"a large chunk of plaster fell from the ceiling in room 233, narrowly missing a student.",Hostel,Critical
CMP_13108,A bicycle locked near block Hostel 9 was stolen during broad daylight.,Security,Medium
CMP_13109,the plates and spoons provided in the dining hall are sticky and oily.,Mess,Low
CMP_13110,The nylon net on the basketball hoop is torn and needs replacement.,Sports,Low
CMP_13111,"The swimming pool water is green, murky, and causing skin rashes due to lack of filtration.",Sports,High
CMP_13112,Bedbugs found in the mattress provided in room 414 of PG Married Hostel.,Hostel,Medium
CMP_13113,Live naked electric wires are exposed in the hallway of the third floor near the water cooler.,Electricity,Critical
CMP_13114,The air conditioning in the long-route university bus number B-01 is completely broken.,Transport,Medium
CMP_13115,A dangerous chemical spill of concentrated sulfuric acid occurred on bench 19.,Laboratory,Critical
CMP_13116,One of the external streetlights near the parking lot is flickering.,Security,Low
CMP_13117,The main fiber optic line to the engineering department block was cut during construction work.,Internet,Critical
CMP_13118,The college bus broke down in the middle of a deserted highway during an intercity trip.,Transport,High
CMP_13119,The barcode scanner at the return counter is failing to scan books quickly.,Library,Low
CMP_13120,The main entry door lock for room 274 is completely broken and cannot be locked.,Hostel,High
CMP_13121,A critical cardiac emergency occurred at the sports arena and the emergency response was delayed.,Medical,Critical
CMP_13122,The visitor logbook at the entrance gate is not being filled out properly by guards.,Security,Low
CMP_13123,A violent physical brawl broke out between two large student groups in the main corridor.,Security,Critical
CMP_13124,"The quality of the lunch provided today was extremely poor, the rice was half-cooked.",Mess,Medium
CMP_13125,"The overhead water tank is overflowing heavily, leaking directly into the main electric generator room.",Plumbing,Critical
CMP_13126,The waiting time at the campus health center exceeded an hour for a routine checkup.,Medical,Low
CMP_13127,The visitor logbook at the entrance gate is not being filled out properly by guards.,Security,Low
CMP_13128,the evening shuttle bus arrived 20 minutes later than the scheduled timetable.,Transport,Low
CMP_13129,The evening shuttle bus arrived 20 minutes later than the scheduled timetable.,Transport,Low
CMP_13130,The seat covers on campus bus number B-07 are torn and dirty.,Transport,Low
CMP_13131,The digital thermometer at the campus clinic is out of battery and not replaced.,Medical,Medium
CMP_13132,the washbasin tap in room 289 is dripping slowly continuously.,Plumbing,Low
CMP_13133,The evening shuttle bus arrived 20 minutes later than the scheduled timetable.,Transport,Low
CMP_13134,"The spectator stands collapsed during the annual track event, injuring several onlookers.",Sports,Critical
CMP_13135,"The morning campus bus is severely overcrowded, forcing students to stand on the footboard.",Transport,Medium
CMP_13136,WiFi keeps disconnecting every 30 minutes in the common room.,Internet,Low
CMP_13137,"The floodlights on the football ground are not turning on, stopping evening practice.",Sports,Medium
CMP_13138,The page load time for the student portal is very high on the campus network.,Internet,Low
CMP_13139,The WiFi network speed in Hostel 5 has dropped below 1 Mbps since yesterday.,Internet,Medium
CMP_13140,The driver of route B-12 was driving extremely recklessly and speeding over speed bumps.,Transport,High
CMP_13141,The washbasin tap in room 544 is dripping slowly continuously.,Plumbing,Low
CMP_13142,The fume hood in the organic chemistry lab has very weak suction and ventilation.,Laboratory,Medium
CMP_13143,Water drain in the common washroom is slow to clear.,Plumbing,Low
CMP_13144,The main fiber optic line to the engineering department block was cut during construction work.,Internet,Critical
CMP_13145,The indoor gym equipment cable snapped while a student was lifting heavy weights.,Sports,High
CMP_13146,The automated book search kiosk terminal is rally running extremely slowly.,Library,Low
CMP_13147,The cooking staff are using severely expired ingredients and rotten meat in the kitchen.,Mess,Critical
CMP_13148,More than 15 students have reported severe stomach aches and vomiting after eating at the mess.,Mess,High
CMP_13149,More than 15 students have reported severe stomach aches and vomiting after eating at the mess.,Mess,High
CMP_13150,Frequent voltage fluctuations in PG Married Hostel are causing laptops to restart continuously.,Electricity,Medium
CMP_13151,One of the three tube lights in room 499 has fused.,Electricity,Low
CMP_13152,"The corridor lights on the ground floor are not working, making it pitch dark at night.",Electricity,Medium
CMP_13153,Rainwater is leaking from the roof directly onto the rare manuscript and book archive section.,Library,High
CMP_13154,Complete power blackout in the entire wing of Girls Hostel Block D for over 6 hours.,Electricity,High
CMP_13155,the cooking staff are using severely expired ingredients and rotten meat in the kitchen.,Mess,Critical
CMP_13156,toxic chemical cleaning agent accidentally spilled into the major cooking vessel containing soup.,Mess,Critical
CMP_13157,The glass burettes in the chemistry lab have faint graduation marks that are hard to read.,Laboratory,Low
CMP_13158,The college bus broke down in the middle of a deserted highway during an intercity trip.,Transport,High
CMP_13159,An unidentified suspicious outsider entered the hostel premises without authorization or ID check.,Security,High
CMP_13160,The plates and spoons provided in the dining hall are sticky and oily.,Mess,Low
CMP_13161,Rainwater is leaking from the roof directly onto the rare manuscript and book archive section.,Library,High
CMP_13162,An armed intruder managed to scale the boundary wall and enter the girls' hostel campus.,Security,Critical
CMP_13163,"The main water pipeline has burst, causing massive flooding in the basement of Hostel 5.",Plumbing,High
CMP_13164,A gas cylinder regulator valve in the chemical laboratory is jammed and leaking a distinct smell.,Laboratory,High
CMP_13165,The page load time for the student portal is very high on the campus network.,Internet,Low
CMP_13166,The ceiling fan in room 491 is making a slight clicking sound.,Hostel,Low
CMP_13167,Bedbugs found in the mattress provided in room 458 of Hostel 9.,Hostel,Medium
CMP_13168,An armed intruder managed to scale the boundary wall and enter the girls' hostel campus.,Security,Critical
CMP_13169,The digital library portal is completely inaccessible right before the mid-term examinations.,Library,High
CMP_13170,The projector screen in classroom 267 is manually jammed and won't roll down smoothly.,Academic,Low
CMP_13171,WiFi keeps disconnecting every 30 minutes in the common room.,Internet,Low
CMP_13172,The toilet flush mechanism in bathroom 3 is rally broken and nt workin.,Plumbing,Medium
CMP_13173,The visitor logbook at the entrance gate is not being filled out properly by guards.,Security,Low
CMP_13174,The whiteboard markers provided to professors are mostly dried up and unreadable.,Academic,Low
CMP_13175,A caterpillar and dead flies were found in the vegetable curry served during dinner.,Mess,High
CMP_13176,The ceiling fan in room 248 is making a slight clicking sound.,Hostel,Low
CMP_13177,The main entry door lock for room 433 is completely broken and cannot be locked.,Hostel,High
CMP_13178,The main server rack hosting all student terminal virtual machines has crashed entirely.,Laboratory,High
CMP_13179,The air conditioning in the long-route university bus number B-12 is completely broken.,Transport,Medium
CMP_13180,A critical cardiac emergency occurred at the sports arena and the emergency response was delayed.,Medical,Critical
CMP_13181,The drinking water dispenser in the mess area has a strange muddy taste.,Mess,Medium
CMP_13182,One of the external streetlights near the parking lot is flickering.,Security,Low
CMP_13183,a gas cylinder regulator valve in the chemical laboratory is jammed and leaking a distinct smell.,Laboratory,High
CMP_13184,"An emergency patient arrived, but the campus ambulance oxygen cylinder was found empty.",Medical,High
CMP_13185,A gas cylinder regulator valve in the chemical laboratory is jammed and leaking a distinct smell.,Laboratory,High
CMP_13186,the main circuit breaker keeps tripping every time the air conditioner is turned on.,Electricity,High
CMP_13187,Frequent voltage fluctuations in Boys Hostel Block B are causing laptops to restart continuously.,Electricity,Medium
CMP_13188,the cooking staff are using severely expired ingredients and rotten meat in the kitchen.,Mess,Critical
CMP_13189,LAN connection port in room 511 is physically damaged and loose.,Internet,Medium
CMP_13190,"A large chunk of plaster fell from the ceiling in room 534, narrowly missing a student.",Hostel,Critical
CMP_13191,The on-duty doctor was absent during the specified night shift hours at the clinic.,Medical,High
CMP_13192,complete network outage across the entire pg married hostel block preventing project submissions.,Internet,High
CMP_13193,An entire batch's official physical final marksheets and degree registry files were destroyed.,Academic,Critical
CMP_13194,the elevator in boys hostel block a is jerking badly while moving between floors.,Hostel,Medium
CMP_13195,The biosafety cabinet ventilation failed while handling pathogenic bacterial samples.,Laboratory,Critical
CMP_13196,Several pages are torn or missing from the core reference book for course code PH-102.,Library,Medium
CMP_13197,The page load time for the student portal is very high on the campus network.,Internet,Low
CMP_13198,essential primary medicines like paracetamol and antacids are out of stock at the pharmacy.,Medical,Medium
CMP_13199,"A large chunk of plaster fell from the ceiling in room 228, narrowly missing a student.",Hostel,Critical
CMP_13200,No hot water supply in the showers of Girls Hostel Block D during early morning hours.,Plumbing,Medium
CMP_13201,An armed intruder managed to scale the boundary wall and enter the girls' hostel campus.,Security,Critical
CMP_13202,The cooking staff are using severely expired ingredients and rotten meat in the kitchen.,Mess,Critical
CMP_13203,Mass scale technical malpractice detected during the online proctored placement exams.,Academic,Critical
CMP_13204,"The swimming pool water is green, murky, and causing skin rashes due to lack of filtration.",Sports,High
CMP_13205,Complete lack of running water in the entire hostel building since morning.,Plumbing,High
CMP_13206,"A large chunk of plaster fell from the ceiling in room 326, narrowly missing a student.",Hostel,Critical
CMP_13207,The seat covers on campus bus number B-12 are torn and dirty.,Transport,Low
CMP_13208,The plates and spoons provided in the dining hall are sticky and oily.,Mess,Low
CMP_13209,firewalls are blocking access to critical academic research servers and repository sites entirely.,Internet,Critical
CMP_13210,A violent physical brawl broke out between two large student groups in the main corridor.,Security,Critical
CMP_13211,"the swimming pool water is green, murky, and causing skin rashes due to lack of filtration.",Sports,High
CMP_13212,The grip tape on the badminton racquets in the inventory is completely worn out.,Sports,Low
CMP_13213,The drinking water dispenser in the mess area has a strange muddy taste.,Mess,Medium
CMP_13214,The study lamp socket on table 26 is not drawing any power.,Electricity,Low
CMP_13215,The main fiber optic line to the engineering department block was cut during construction work.,Internet,Critical
CMP_13216,A professor is refusing to accept legitimate medical certificates for mandatory attendance criteria.,Academic,High
CMP_13217,A major collision involving the university transport bus occurred near the main city crossing.,Transport,Critical
CMP_13218,The mouse attached to computer terminal 8 in the computer lab is malfunctioning.,Laboratory,Low
CMP_13219,The fume hood in the organic chemistry lab has very weak suction and ventilation.,Laboratory,Medium
CMP_13220,The elevator in Girls Hostel Block D is jerking badly while moving between floors.,Hostel,Medium
CMP_13221,Sparking and a burning plastic smell coming from the distribution board near room 364.,Electricity,Critical
CMP_13222,The biosafety cabinet ventilation failed while handling pathogenic bacterial samples.,Laboratory,Critical
CMP_13223,The WiFi network speed in PG Married Hostel has dropped below 1 Mbps since yesterday.,Internet,Medium
CMP_13224,Several pages are torn or missing from the core reference book for course code EE-302.,Library,Medium
CMP_13225,The elevator in Hostel 5 is jerking badly while moving between floors.,Hostel,Medium
CMP_13226,Sparking and a burning plastic smell coming from the distribution board near room 563.,Electricity,Critical
CMP_13227,LAN connection port in room 309 is physically damaged and loose.,Internet,Medium
CMP_13228,A caterpillar and dead flies were found in the vegetable curry served during dinner.,Mess,High
CMP_13229,"the main water pipeline has burst, causing massive flooding in the basement of pg married hostel.",Plumbing,High
CMP_13230,The balcony railing on the ground floor of Hostel 5 is completely detached and hanging.,Hostel,Critical
CMP_13231,a bicycle locked near block girls hostel block d was stolen during broad daylight.,Security,Medium
CMP_13232,the digital library portal is completely inaccessible right before the mid-term examinations.,Library,High
CMP_13233,The projector screen in classroom 159 is rally manually jammed and won't roll down smoothly.,Academic,Low
CMP_13234,The nylon net on the basketball hoop is torn and needs replacement.,Sports,Low
CMP_13235,The on-duty doctor was absent during the specified night shift hours at the clinic.,Medical,High
CMP_13236,The glass burettes in the chemistry lab have faint graduation marks that are hard to read.,Laboratory,Low
CMP_13237,"The spectator stands collapsed during the annual track event, injuring several onlookers.",Sports,Critical
CMP_13238,the elevator in boys hostel block b is jerking badly while moving between floors.,Hostel,Medium
CMP_13239,A student is unconscious and unresponsive in room 538 following a sudden seizure.,Medical,Critical
CMP_13240,"The morning campus bus is severely overcrowded, forcing students to stand on the footboard.",Transport,Medium
CMP_13241,A student is unconscious and unresponsive in room 271 following a sudden seizure.,Medical,Critical
CMP_13242,The plates and spoons provided in the dining hall are sticky and oily.,Mess,Low
CMP_13243,Complete network outage across the entire Hostel 9 block preventing project submissions.,Internet,High
CMP_13244,LAN connection port in room 431 is rally physically damaged and loose.,Internet,Medium
CMP_13245,"An emergency patient arrived, but the campus ambulance oxygen cylinder was found empty.",Medical,High
CMP_13246,An unidentified suspicious outsider entered the hostel premises without authorization or ID check.,Security,High
CMP_13247,"The corridor lights on the third floor are not working, making it pitch dark at night.",Electricity,Medium
CMP_13248,The page load time for the student portal is very high on the campus network.,Internet,Low
CMP_13249,The balcony railing on the fourth floor of Hostel 9 is completely detached and hanging.,Hostel,Critical
CMP_13250,A bicycle locked near block Boys Hostel Block A was stolen during broad daylight.,Security,Medium
CMP_13251,"The floodlights on the football ground are not turning on, stopping evening practice.",Sports,Medium
CMP_13252,A gas cylinder regulator valve in the chemical laboratory is jammed and leaking a distinct smell.,Laboratory,High
CMP_13253,The indoor gym equipment cable snapped while a student was lifting heavy weights.,Sports,High
CMP_13254,the whiteboard markers provided to professors are mostly dried up and unreadable.,Academic,Low
CMP_13255,Mass scale technical malpractice detected during the online proctored placement exams.,Academic,Critical
CMP_13256,A violent physical brawl broke out between two large student groups in the main corridor.,Security,Critical
CMP_13257,The ceiling fan in room 159 is making a slight clicking sound.,Hostel,Low
CMP_13258,The college bus broke down in the middle of a deserted highway during an intercity trip.,Transport,High
CMP_13259,"the corridor lights on the second floor are not working, making it pitch dark at night.",Electricity,Medium
CMP_13260,The driver of route B-07 was driving extremely recklessly and speeding over speed bumps.,Transport,High
CMP_13261,The page load time for the student portal is very high on the campus network.,Internet,Low
CMP_13262,"The overhead water tank is rally overflowing heavily, leaking directly into the main electric generator room.",Plumbing,Critical
CMP_13263,A caterpillar and dead flies were found in the vegetable curry served during dinner.,Mess,High
CMP_13264,A bicycle locked near block Boys Hostel Block B was stolen during broad daylight.,Security,Medium
CMP_13265,A caterpillar and dead flies were found in the vegetable curry served during dinner.,Mess,High
CMP_13266,Bedbugs found in the mattress provided in room 294 of Hostel 5.,Hostel,Medium
CMP_13267,Complete lack of running water in the entire hostel building since morning.,Plumbing,High
CMP_13268,The automated emergency fire suppression sprinklers in the main book stack area went off falsely.,Library,Critical
CMP_13269,"The spectator stands collapsed during the annual track event, injuring several onlookers.",Sports,Critical
CMP_13270,Oscilloscope number 35 in the electronics lab shows a distorted calibration line.,Laboratory,Medium
CMP_13271,The indoor gym equipment cable snapped while a student was lifting heavy weights.,Sports,High
CMP_13272,The window latch in room 228 is loose and needs to be tightened.,Hostel,Low
CMP_13273,Complete lack of running water in the entire hostel building since morning.,Plumbing,High
CMP_13274,The air conditioning in the long-route university bus number B-07 is completely broken.,Transport,Medium
CMP_13275,More than 15 students have reported severe stomach aches and vomiting after eating at the mess.,Mess,High
CMP_13276,A dangerous chemical spill of concentrated sulfuric acid occurred on bench 5.,Laboratory,Critical
CMP_13277,"The synthetic track surface near the curve has peeled off, posing a tripping hazard.",Sports,Medium
CMP_13278,"A heavy steel goalpost tip-over occurred, pinning a student player to the ground.",Sports,Critical
CMP_13279,The automated emergency fire suppression sprinklers in the main book stack area went off falsely.,Library,Critical
CMP_13280,Sewage backflow coming out of the floor drains in the ground floor bathrooms.,Plumbing,Critical
CMP_13281,"A large chunk of plaster fell from the ceiling in room 304, narrowly missing a student.",Hostel,Critical
CMP_13282,Frequent voltage fluctuations in PG Married Hostel are causing laptops to restart continuously.,Electricity,Medium
CMP_13283,A professor is refusing to accept legitimate medical certificates for mandatory attendance criteria.,Academic,High
CMP_13284,The breakfast was served cold today at the counter.,Mess,Low
CMP_13285,The barcode scanner at the return counter is failing to scan books quickly.,Library,Low
CMP_13286,"An emergency patient arrived, but the campus ambulance oxygen cylinder was found empty.",Medical,High
CMP_13287,"The synthetic track surface near the curve has peeled off, posing a tripping hazard.",Sports,Medium
CMP_13288,"The quality of the lunch provided today was extremely poor, the rice was half-cooked.",Mess,Medium
CMP_13289,The barcode scanner at the return counter is failing to scan books quickly.,Library,Low
CMP_13290,The barcode scanner at the return counter is failing to scan books quickly.,Library,Low
CMP_13291,The window latch in room 103 is loose and needs to be tightened.,Hostel,Low
CMP_13292,The seat covers on campus bus number B-04 are torn and dirty.,Transport,Low
CMP_13293,The digital thermometer at the campus clinic is out of battery and not replaced.,Medical,Medium
CMP_13294,The washbasin tap in room 369 is dripping slowly continuously.,Plumbing,Low
CMP_13295,The main circuit breaker keeps tripping every time the air conditioner is turned on.,Electricity,High
CMP_13296,The automated emergency fire suppression sprinklers in the main book stack area went off falsely.,Library,Critical
CMP_13297,The projector screen in classroom 458 is rally manually jammed and won't roll down smoothly.,Academic,Low
CMP_13298,Water drain in the common washroom is slow to clear.,Plumbing,Low
CMP_13299,"The overhead water tank is overflowing heavily, leaking directly into the main electric generator room.",Plumbing,Critical
CMP_13300,The WiFi network speed in Girls Hostel Block C has dropped below 1 Mbps since yesterday.,Internet,Medium
CMP_13301,Water drain in the common washroom is slow to clear.,Plumbing,Low
CMP_13302,Complete network outage across the entire Girls Hostel Block D block preventing project submissions.,Internet,High
CMP_13303,an unidentified suspicious outsider entered the hostel premises without authorization or id check.,Security,High
CMP_13304,The waiting time at the campus health center exceeded an hour for a routine checkup.,Medical,Low
CMP_13305,The online portal failed to register the elective course preferences due to a script error.,Academic,Medium
CMP_13306,A group of outsiders are picking fights and ragging students outside the main campus gate.,Security,High
CMP_13307,The digital library portal is completely inaccessible right before the mid-term examinations.,Library,High
CMP_13308,"The main water pipeline has burst, causing massive flooding in the basement of Boys Hostel Block A.",Plumbing,High
CMP_13309,The CCTV camera covering the main entrance of Boys Hostel Block B is out of focus and blurred.,Security,Medium
CMP_13310,"a large chunk of plaster fell from the ceiling in room 148, narrowly missing a student.",Hostel,Critical
CMP_13311,The grip tape on the badminton racquets in the inventory is completely worn out.,Sports,Low
CMP_13312,"the quality of the lunch provided today was extremely poor, the rice was half-cooked.",Mess,Medium
CMP_13313,The ceiling fan in room 438 is making a slight clicking sound.,Hostel,Low
CMP_13314,Several pages are torn or missing from the core reference book for course code MA-201.,Library,Medium
CMP_13315,The grades for the semester final exams haven't been updated even after 3 weeks of submission.,Academic,Medium
CMP_13316,A bicycle locked near block Girls Hostel Block D was stolen during broad daylight.,Security,Medium
CMP_13317,"The corridor lights on the fourth floor are not working, making it pitch dark at night.",Electricity,Medium
CMP_13318,The visitor logbook at the entrance gate is not being filled out properly by guards.,Security,Low
CMP_13319,firewalls are blocking access to critical academic research servers and repository sites entirely.,Internet,Critical
CMP_13320,The main circuit breaker keeps tripping every time the air conditioner is turned on.,Electricity,High
CMP_13321,the elevator in girls hostel block c is jerking badly while moving between floors.,Hostel,Medium
CMP_13322,Rainwater is leaking from the roof directly onto the rare manuscript and book archive section.,Library,High
CMP_13323,the cooking staff are using severely expired ingredients and rotten meat in the kitchen.,Mess,Critical
CMP_13324,The indoor gym equipment cable snapped while a student was lifting heavy weights.,Sports,High
CMP_13325,Toxic chemical cleaning agent accidentally spilled into the major cooking vessel containing soup.,Mess,Critical
CMP_13326,Rainwater is leaking from the roof directly onto the rare manuscript and book archive section.,Library,High
CMP_13327,The automated book search kiosk terminal is running extremely slowly.,Library,Low
CMP_13328,The brakes of campus bus number Shuttle-A failed completely while descending the hill road.,Transport,Critical
CMP_13329,The main fiber optic line to the engineering department block was cut during construction work.,Internet,Critical
CMP_13330,The breakfast was served cold today at the counter.,Mess,Low
CMP_13331,The online portal failed to register the elective course preferences due to a script error.,Academic,Medium
CMP_13332,The CCTV camera covering the main entrance of Hostel 5 is out of focus and blurred.,Security,Medium
CMP_13333,The breakfast was served cold today at the counter.,Mess,Low
CMP_13334,Severe water leakage from the ceiling in room 459 damaging personal belongings.,Hostel,High
CMP_13335,The barcode scanner at the return counter is failing to scan books quickly.,Library,Low
CMP_13336,A student is unconscious and unresponsive in room 341 following a sudden seizure.,Medical,Critical
CMP_13337,The whiteboard markers provided to professors are mostly dried up and unreadable.,Academic,Low
CMP_13338,WiFi keeps disconnecting every 30 minutes in the common room.,Internet,Low
CMP_13339,A professor is refusing to accept legitimate medical certificates for mandatory attendance criteria.,Academic,High
CMP_13340,The digital library portal is rally completely inaccessible right before the mid-term examinations.,Library,High
CMP_13341,Complete lack of running water in the entire hostel building since morning.,Plumbing,High
CMP_13342,the page load time for the student portal is very high on the campus network.,Internet,Low
CMP_13343,"the corridor lights on the second floor are not working, making it pitch dark at night.",Electricity,Medium
CMP_13344,"The overhead water tank is overflowing heavily, leaking directly into the main electric generator room.",Plumbing,Critical
CMP_13345,A dangerous chemical spill of concentrated sulfuric acid occurred on bench 25.,Laboratory,Critical
CMP_13346,a group of outsiders are picking fights and ragging students outside the main campus gate.,Security,High
CMP_13347,An unidentified suspicious outsider entered the hostel premises without authorization or ID check.,Security,High
CMP_13348,The elevator in Hostel 9 is jerking badly while moving between floors.,Hostel,Medium
CMP_13349,the driver of route shuttle-a was driving extremely recklessly and speeding over speed bumps.,Transport,High
CMP_13350,The automated emergency fire suppression sprinklers in the main book stack area went off falsely.,Library,Critical
CMP_13351,A professor is refusing to accept legitimate medical certificates for mandatory attendance criteria.,Academic,High
CMP_13352,Sewage backflow coming out of the floor drains in the ground floor bathrooms.,Plumbing,Critical
CMP_13353,"The authentication gateway server is down, preventing any student from logging into the internet.",Internet,High
CMP_13354,severe water leakage from the ceiling in room 297 damaging personal belongings.,Hostel,High
CMP_13355,The visitor logbook at the entrance gate is not being filled out properly by guards.,Security,Low
CMP_13356,Complete network outage across the entire Boys Hostel Block A block preventing project submissions.,Internet,High
CMP_13357,The glass burettes in the chemistry lab have faint graduation marks that are hard to read.,Laboratory,Low
CMP_13358,the digital thermometer at the campus clinic is out of battery and not replaced.,Medical,Medium
CMP_13359,Complete lack of running water in the entire hostel building since morning.,Plumbing,High
CMP_13360,Complete power blackout in the entire wing of Hostel 5 for over 6 hours.,Electricity,High
CMP_13361,"The library structural pillars in the basement are showing deep cracks, causing panic.",Library,Critical
CMP_13362,The nylon net on the basketball hoop is torn and needs replacement.,Sports,Low
CMP_13363,Sewage backflow coming out of the floor drains in the ground floor bathrooms.,Plumbing,Critical
CMP_13364,The grades for the semester final exams haven't been updated even after 3 weeks of submission.,Academic,Medium
CMP_13365,Oscilloscope number 12 in the electronics lab shows a distorted calibration line.,Laboratory,Medium
CMP_13366,Complete lack of running water in the entire hostel building since morning.,Plumbing,High
CMP_13367,sewage backflow coming out of the floor drains in the ground floor bathrooms.,Plumbing,Critical
CMP_13368,the grip tape on the badminton racquets in the inventory is completely worn out.,Sports,Low
CMP_13369,The college bus broke down in the middle of a deserted highway during an intercity trip.,Transport,High
CMP_13370,the glass burettes in the chemistry lab have faint graduation marks that are hard to read.,Laboratory,Low
CMP_13371,Complete lack of running water in the entire hostel building since morning.,Plumbing,High
CMP_13372,The exam paper leaked online an hour prior to the scheduled examination schedule.,Academic,High
CMP_13373,A gas cylinder regulator valve in the chemical laboratory is jammed and leaking a distinct smell.,Laboratory,High
CMP_13374,The online portal failed to register the elective course preferences due to a script error.,Academic,Medium
CMP_13375,A major collision involving the university transport bus occurred near the main city crossing.,Transport,Critical
CMP_13376,The online portal failed to register the elective course preferences due to a script error.,Academic,Medium
CMP_13377,The glass burettes in the chemistry lab have faint graduation marks that are hard to read.,Laboratory,Low
CMP_13378,The exam paper leaked online an hour prior to the scheduled examination schedule.,Academic,High
CMP_13379,The barcode scanner at the return counter is failing to scan books quickly.,Library,Low
CMP_13380,Several pages are torn or missing from the core reference book for course code PH-102.,Library,Medium
CMP_13381,The main circuit breaker keeps tripping every time the air conditioner is turned on.,Electricity,High
CMP_13382,A violent physical brawl broke out between two large student groups in the main corridor.,Security,Critical
CMP_13383,The washbasin tap in room 381 is rally dripping slowly continuously.,Plumbing,Low
CMP_13384,The main circuit breaker keeps tripping every time the air conditioner is turned on.,Electricity,High
CMP_13385,The cooking staff are using severely expired ingredients and rotten meat in the kitchen.,Mess,Critical
CMP_13386,The fume hood in the organic chemistry lab has very weak suction and ventilation.,Laboratory,Medium
CMP_13387,The glass burettes in the chemistry lab have faint graduation marks that are hard to read.,Laboratory,Low
CMP_13388,The online portal failed to register the elective course preferences due to a script error.,Academic,Medium
CMP_13389,An armed intruder managed to scale the boundary wall and enter the girls' hostel campus.,Security,Critical
CMP_13390,Several pages are torn or missing from the core reference book for course code CH-111.,Library,Medium
CMP_13391,The evening shuttle bus arrived 20 minutes later than the scheduled timetable.,Transport,Low
CMP_13392,Sewage backflow coming out of the floor drains in the ground floor bathrooms.,Plumbing,Critical
CMP_13393,An unidentified suspicious outsider entered the hostel premises without authorization or ID check.,Security,High
CMP_13394,The breakfast was served cold today at the counter.,Mess,Low
CMP_13395,"The overhead water tank is overflowing heavily, leaking directly into the main electric generator room.",Plumbing,Critical
CMP_13396,the plates and spoons provided in the dining hall are sticky and oily.,Mess,Low
CMP_13397,A critical cardiac emergency occurred at the sports arena and the emergency response was delayed.,Medical,Critical
CMP_13398,The mouse attached to computer terminal 3 in the computer lab is malfunctioning.,Laboratory,Low
CMP_13399,The elevator in Hostel 5 is jerking badly while moving between floors.,Hostel,Medium
CMP_13400,The toilet flush mechanism in bathroom 5 is broken and not working.,Plumbing,Medium
CMP_13401,The ceiling fan in room 242 is making a slight clicking sound.,Hostel,Low
CMP_13402,Bedbugs found in the mattress provided in room 367 of Boys Hostel Block A.,Hostel,Medium
CMP_13403,The online portal failed to register the elective course preferences due to a script error.,Academic,Medium
CMP_13404,"The swimming pool water is green, murky, and causing skin rashes due to lack of filtration.",Sports,High
CMP_13405,"The synthetic track surface near the curve has peeled off, posing a tripping hazard.",Sports,Medium
CMP_13406,A major collision involving the university transport bus occurred near the main city crossing.,Transport,Critical
CMP_13407,Water drain in the common washroom is slow to clear.,Plumbing,Low
CMP_13408,The biosafety cabinet ventilation failed while handling pathogenic bacterial samples.,Laboratory,Critical
CMP_13409,The mouse attached to computer terminal 23 in the computer lab is malfunctioning.,Laboratory,Low
CMP_13410,The seat covers on campus bus number B-04 are torn and dirty.,Transport,Low
CMP_13411,The grades for the semester final exams haven't been updated even after 3 weeks of submission.,Academic,Medium
CMP_13412,The driver of route B-04 was driving extremely recklessly and speeding over speed bumps.,Transport,High
CMP_13413,"The authentication gateway server is down, preventing any student from logging into the internet.",Internet,High
CMP_13414,The main circuit breaker keeps tripping every time the air conditioner is turned on.,Electricity,High
CMP_13415,A major collision involving the university transport bus occurred near the main city crossing.,Transport,Critical
CMP_13416,A major collision involving the university transport bus occurred near the main city crossing.,Transport,Critical
CMP_13417,A student is unconscious and unresponsive in room 351 following a sudden seizure.,Medical,Critical
CMP_13418,"The main water pipeline has burst, causing massive flooding in the basement of Boys Hostel Block A.",Plumbing,High
CMP_13419,One of the three tube lights in room 187 has fused.,Electricity,Low
CMP_13420,the exam paper leaked online an hour prior to the scheduled examination schedule.,Academic,High
CMP_13421,"a heavy steel goalpost tip-over occurred, pinning a student player to the ground.",Sports,Critical
CMP_13422,The grip tape on the badminton racquets in the inventory is completely worn out.,Sports,Low
CMP_13423,A major collision involving the university transport bus occurred near the main city crossing.,Transport,Critical
CMP_13424,An armed intruder managed to scale the boundary wall and enter the girls' hostel campus.,Security,Critical
CMP_13425,The main circuit breaker keeps tripping every time the air conditioner is turned on.,Electricity,High
CMP_13426,Complete power blackout in the entire wing of PG Married Hostel for over 6 hours.,Electricity,High
CMP_13427,Essential primary medicines like paracetamol and antacids are out of stock at the pharmacy.,Medical,Medium
CMP_13428,The mouse attached to computer terminal 2 in the computer lab is malfunctioning.,Laboratory,Low
CMP_13429,A group of outsiders are picking fights and ragging students outside the main campus gate.,Security,High
CMP_13430,"A heavy steel goalpost tip-over occurred, pinning a student player to the ground.",Sports,Critical
CMP_13431,the drinking water dispenser in the mess area has a strange muddy taste.,Mess,Medium
CMP_13432,Complete lack of running water in the entire hostel building since morning.,Plumbing,High
CMP_13433,The waiting time at the campus health center exceeded an hour for a routine checkup.,Medical,Low
CMP_13434,"the quality of the lunch provided today was extremely poor, the rice was half-cooked.",Mess,Medium
CMP_13435,The main circuit breaker keeps tripping every time the air conditioner is rally turned on.,Electricity,High
CMP_13436,"The morning campus bus is rally severely overcrowded, forcing students to stand on the footboard.",Transport,Medium
CMP_13437,The elevator in Boys Hostel Block B is rally jerking badly while moving between floors.,Hostel,Medium
CMP_13438,a student is unconscious and unresponsive in room 549 following a sudden seizure.,Medical,Critical
CMP_13439,More than 15 students have reported severe stomach aches and vomiting after eating at the mess.,Mess,High
CMP_13440,Complete network outage across the entire Girls Hostel Block C block preventing project submissions.,Internet,High
CMP_13441,One of the three tube lights in room 274 has fused.,Electricity,Low
CMP_13442,Toxic chemical cleaning agent accidentally spilled into the major cooking vessel containing soup.,Mess,Critical
CMP_13443,"A heavy steel goalpost tip-over occurred, pinning a student player to the ground.",Sports,Critical
CMP_13444,Severe water leakage from the ceiling in room 104 damaging personal belongings.,Hostel,High
CMP_13445,the window latch in room 173 is loose and needs to be tightened.,Hostel,Low
CMP_13446,"the air conditioning system in the reading room is turned off, making it suffocating.",Library,Medium
CMP_13447,A bicycle locked near block Boys Hostel Block B was stolen during broad daylight.,Security,Medium
CMP_13448,A group of outsiders are picking fights and ragging students outside the main campus gate.,Security,High
CMP_13449,"The synthetic track surface near the curve has peeled off, posing a tripping hazard.",Sports,Medium
CMP_13450,The biosafety cabinet ventilation failed while handling pathogenic bacterial samples.,Laboratory,Critical
CMP_13451,A dangerous chemical spill of concentrated sulfuric acid occurred on bench 20.,Laboratory,Critical
CMP_13452,The toilet flush mechanism in bathroom 2 is broken and not working.,Plumbing,Medium
CMP_13453,"The air conditioning system in the reading room is turned off, making it suffocating.",Library,Medium
CMP_13454,The washbasin tap in room 545 is dripping slowly continuously.,Plumbing,Low
CMP_13455,"The floodlights on the football ground are not turning on, stopping evening practice.",Sports,Medium
CMP_13456,The CCTV camera covering the main entrance of Boys Hostel Block A is out of focus and blurred.,Security,Medium
CMP_13457,Frequent voltage fluctuations in Hostel 5 are causing laptops to restart continuously.,Electricity,Medium
CMP_13458,The balcony railing on the first floor of PG Married Hostel is completely detached and hanging.,Hostel,Critical
CMP_13459,The weight scale machine at the triage counter shows incorrect calibration metrics.,Medical,Low
CMP_13460,"A heavy steel goalpost tip-over occurred, pinning a student player to the ground.",Sports,Critical
CMP_13461,Complete network outage across the entire Boys Hostel Block A block preventing project submissions.,Internet,High
CMP_13462,No hot water supply in the showers of Girls Hostel Block D during early morning hours.,Plumbing,Medium
CMP_13463,The breakfast was served cold today at the counter.,Mess,Low
CMP_13464,The main fiber optic line to the engineering department block was cut during construction work.,Internet,Critical
CMP_13465,The whiteboard markers provided to professors are mostly dried up and unreadable.,Academic,Low
CMP_13466,The mouse attached to computer terminal 21 in the computer lab is malfunctioning.,Laboratory,Low
CMP_13467,The main server rack hosting all student terminal virtual machines has crashed entirely.,Laboratory,High
CMP_13468,More than 15 students have reported severe stomach aches and vomiting after eating at the mess.,Mess,High
CMP_13469,The weight scale machine at the triage counter shows incorrect calibration metrics.,Medical,Low
CMP_13470,A caterpillar and dead flies were found in the vegetable curry served during dinner.,Mess,High
CMP_13471,"The authentication gateway server is down, preventing any student from logging into the internet.",Internet,High
CMP_13472,The cooking staff are using severely expired ingredients and rotten meat in the kitchen.,Mess,Critical
CMP_13473,"The corridor lights on the ground floor are nt workin, making it pitch dark at night.",Electricity,Medium
CMP_13474,The automated emergency fire suppression sprinklers in the main book stack area went off falsely.,Library,Critical
CMP_13475,The exam paper leaked online an hour prior to the scheduled examination schedule.,Academic,High
CMP_13476,The online portal failed to register the elective course preferences due to a script error.,Academic,Medium
CMP_13477,The visitor logbook at the entrance gate is not being filled out properly by guards.,Security,Low
CMP_13478,Bedbugs found in the mattress provided in room 554 of Girls Hostel Block D.,Hostel,Medium
CMP_13479,The visitor logbook at the entrance gate is not being filled out properly by guards.,Security,Low
CMP_13480,The exam paper leaked online an hour prior to the scheduled examination schedule.,Academic,High
CMP_13481,The projector screen in classroom 535 is manually jammed and won't roll down smoothly.,Academic,Low
CMP_13482,The waiting time at the campus health center exceeded an hour for a routine checkup.,Medical,Low
CMP_13483,The grip tape on the badminton racquets in the inventory is completely worn out.,Sports,Low
CMP_13484,the air conditioning in the long-route university bus number b-04 is completely broken.,Transport,Medium
CMP_13485,The study lamp socket on table 31 is not drawing any power.,Electricity,Low
CMP_13486,The indoor gym equipment cable snapped while a student was lifting heavy weights.,Sports,High
CMP_13487,The exam paper leaked online an hour prior to the scheduled examination schedule.,Academic,High
CMP_13488,The CCTV camera covering the main entrance of PG Married Hostel is out of focus and blurred.,Security,Medium
CMP_13489,A caterpillar and dead flies were found in the vegetable curry served during dinner.,Mess,High
CMP_13490,The drinking water dispenser in the mess area has a strange muddy taste.,Mess,Medium
CMP_13491,a violent physical brawl broke out between two large student groups in the main corridor.,Security,Critical
CMP_13492,An unidentified suspicious outsider entered the hostel premises without authorization or ID check.,Security,High
CMP_13493,Water drain in the common washroom is rally slow to clear.,Plumbing,Low
CMP_13494,The automated book search kiosk terminal is running extremely slowly.,Library,Low
CMP_13495,The toilet flush mechanism in bathroom 2 is broken and not working.,Plumbing,Medium
CMP_13496,Complete network outage across the entire Girls Hostel Block C block preventing project submissions.,Internet,High
CMP_13497,the drinking water dispenser in the mess area has a strange muddy taste.,Mess,Medium
CMP_13498,"The synthetic track surface near the curve has peeled off, posing a tripping hazard.",Sports,Medium
CMP_13499,The exam paper leaked online an hour prior to the scheduled examination schedule.,Academic,High
CMP_13500,The main fiber optic line to the engineering department block was cut during construction work.,Internet,Critical
CMP_13501,The whiteboard markers provided to professors are mostly dried up and unreadable.,Academic,Low
CMP_13502,The nylon net on the basketball hoop is torn and needs replacement.,Sports,Low
CMP_13503,The breakfast was served cold today at the counter.,Mess,Low
CMP_13504,A dangerous chemical spill of concentrated sulfuric acid occurred on bench 23.,Laboratory,Critical
CMP_13505,Firewalls are blocking access to critical academic research servers and repository sites entirely.,Internet,Critical
CMP_13506,"The quality of the lunch provided today was extremely poor, the rice was half-cooked.",Mess,Medium
CMP_13507,A caterpillar and dead flies were found in the vegetable curry served during dinner.,Mess,High
CMP_13508,the washbasin tap in room 572 is dripping slowly continuously.,Plumbing,Low
CMP_13509,The drinking water dispenser in the mess area has a strange muddy taste.,Mess,Medium
CMP_13510,the main server rack hosting all student terminal virtual machines has crashed entirely.,Laboratory,High
CMP_13511,A caterpillar and dead flies were found in the vegetable curry served during dinner.,Mess,High
CMP_13512,WiFi keeps disconnecting every 30 minutes in the common room.,Internet,Low
CMP_13513,"The morning campus bus is rally severely overcrowded, forcing students to stand on the footboard.",Transport,Medium
CMP_13514,"The library structural pillars in the basement are showing deep cracks, causing panic.",Library,Critical
CMP_13515,Essential primary medicines like paracetamol and antacids are out of stock at the pharmacy.,Medical,Medium
CMP_13516,The indoor gym equipment cable snapped while a student was lifting heavy weights.,Sports,High
CMP_13517,A bicycle locked near block Girls Hostel Block D was stolen during broad daylight.,Security,Medium
CMP_13518,The nylon net on the basketball hoop is rally torn and needs replacement.,Sports,Low
CMP_13519,One of the three tube lights in room 439 has fused.,Electricity,Low
CMP_13520,The weight scale machine at the triage counter shows incorrect calibration metrics.,Medical,Low
CMP_13521,WiFi keeps disconnecting every 30 minutes in the common room.,Internet,Low
CMP_13522,The nylon net on the basketball hoop is torn and needs replacement.,Sports,Low
CMP_13523,The barcode scanner at the return counter is failing to scan books quickly.,Library,Low
CMP_13524,Mass scale technical malpractice detected during the online proctored placement exams.,Academic,Critical
CMP_13525,"The swimming pool water is green, murky, and causing skin rashes due to lack of filtration.",Sports,High
CMP_13526,Complete lack of running water in the entire hostel building since morning.,Plumbing,High
CMP_13527,An armed intruder managed to scale the boundary wall and enter the girls' hostel campus.,Security,Critical
CMP_13528,"The library structural pillars in the basement are showing deep cracks, causing panic.",Library,Critical
CMP_13529,"the synthetic track surface near the curve has peeled off, posing a tripping hazard.",Sports,Medium
CMP_13530,"the overhead water tank is overflowing heavily, leaking directly into the main electric generator room.",Plumbing,Critical
CMP_13531,The air conditioning in the long-route university bus number B-04 is completely broken.,Transport,Medium
CMP_13532,A critical cardiac emergency occurred at the sports arena and the emergency response was delayed.,Medical,Critical
CMP_13533,"An emergency patient arrived, but the campus ambulance oxygen cylinder was found empty.",Medical,High
CMP_13534,"The swimming pool water is rally green, murky, and causing skin rashes due to lack of filtration.",Sports,High
CMP_13535,Severe water leakage from the ceiling in room 534 damaging personal belongings.,Hostel,High
CMP_13536,The indoor gym equipment cable snapped while a student was lifting heavy weights.,Sports,High
CMP_13537,The cooking staff are using severely expired ingredients and rotten meat in the kitchen.,Mess,Critical
CMP_13538,The window latch in room 264 is loose and needs to be tightened.,Hostel,Low
CMP_13539,The on-duty doctor was absent during the specified night shift hours at the clinic.,Medical,High
CMP_13540,The washbasin tap in room 437 is dripping slowly continuously.,Plumbing,Low
CMP_13541,The projector screen in classroom 387 is manually jammed and won't roll down smoothly.,Academic,Low
CMP_13542,An unidentified suspicious outsider entered the hostel premises without authorization or ID check.,Security,High
CMP_13543,Live naked electric wires are exposed in the hallway of the third floor near the water cooler.,Electricity,Critical
CMP_13544,"The floodlights on the football ground are not turning on, stopping evening practice.",Sports,Medium
CMP_13545,An armed intruder managed to scale the boundary wall and enter the girls' hostel campus.,Security,Critical
CMP_13546,Complete network outage across the entire Boys Hostel Block A block preventing project submissions.,Internet,High
CMP_13547,WiFi keeps disconnecting every 30 minutes in the common room.,Internet,Low
CMP_13548,The CCTV camera covering the main entrance of Hostel 5 is out of focus and blurred.,Security,Medium
CMP_13549,the main fiber optic line to the engineering department block was cut during construction work.,Internet,Critical
CMP_13550,LAN connection port in room 171 is physically damaged and loose.,Internet,Medium
CMP_13551,The college bus broke down in the middle of a deserted highway during an intercity trip.,Transport,High
CMP_13552,Severe water leakage from the ceiling in room 136 damaging personal belongings.,Hostel,High
CMP_13553,The main circuit breaker keeps tripping every time the air conditioner is turned on.,Electricity,High
CMP_13554,Toxic chemical cleaning agent accidentally spilled into the major cooking vessel containing soup.,Mess,Critical
CMP_13555,The breakfast was served cold today at the counter.,Mess,Low
CMP_13556,the ceiling fan in room 511 is making a slight clicking sound.,Hostel,Low
CMP_13557,The main entry door lock for room 182 is completely broken and cannot be locked.,Hostel,High
CMP_13558,The toilet flush mechanism in bathroom 3 is broken and not working.,Plumbing,Medium
CMP_13559,The digital thermometer at the campus clinic is out of battery and not replaced.,Medical,Medium
CMP_13560,The visitor logbook at the entrance gate is not being filled out properly by guards.,Security,Low
CMP_13561,Rainwater is rally leaking from the roof directly onto the rare manuscript and book archive section.,Library,High
CMP_13562,The main fiber optic line to the engineering department block was cut during construction work.,Internet,Critical
CMP_13563,The window latch in room 563 is loose and needs to be tightened.,Hostel,Low
CMP_13564,An unidentified suspicious outsider entered the hostel premises without authorization or ID check.,Security,High
CMP_13565,"The swimming pool water is green, murky, and causing skin rashes due to lack of filtration.",Sports,High
CMP_13566,The nylon net on the basketball hoop is torn and needs replacement.,Sports,Low
CMP_13567,One of the external streetlights near the parking lot is flickering.,Security,Low
CMP_13568,A major collision involving the university transport bus occurred near the main city crossing.,Transport,Critical
CMP_13569,More than 15 students have reported severe stomach aches and vomiting after eating at the mess.,Mess,High
CMP_13570,the fume hood in the organic chemistry lab has very weak suction and ventilation.,Laboratory,Medium
CMP_13571,The fume hood in the organic chemistry lab has very weak suction and ventilation.,Laboratory,Medium
CMP_13572,The page load time for the student portal is very high on the campus network.,Internet,Low
CMP_13573,The evening shuttle bus arrived 20 minutes later than the scheduled timetable.,Transport,Low
CMP_13574,Severe water leakage from the ceiling in room 517 damaging personal belongings.,Hostel,High
CMP_13575,Toxic chemical cleaning agent accidentally spilled into the major cooking vessel containing soup.,Mess,Critical
CMP_13576,No hot water supply in the showers of Hostel 9 during early morning hours.,Plumbing,Medium
CMP_13577,"a heavy steel goalpost tip-over occurred, pinning a student player to the ground.",Sports,Critical
CMP_13578,More than 15 students have reported severe stomach aches and vomiting after eating at the mess.,Mess,High
CMP_13579,The glass burettes in the chemistry lab have faint graduation marks that are hard to read.,Laboratory,Low
CMP_13580,The indoor gym equipment cable snapped while a student was lifting heavy weights.,Sports,High
CMP_13581,Oscilloscope number 26 in the electronics lab shows a distorted calibration line.,Laboratory,Medium
CMP_13582,The grades for the semester final exams haven't been updated even after 3 weeks of submission.,Academic,Medium
CMP_13583,LAN connection port in room 596 is physically damaged and loose.,Internet,Medium
CMP_13584,Frequent voltage fluctuations in Hostel 9 are causing laptops to restart continuously.,Electricity,Medium
CMP_13585,The balcony railing on the fourth floor of Hostel 5 is completely detached and hanging.,Hostel,Critical
CMP_13586,An unidentified suspicious outsider entered the hostel premises without authorization or ID check.,Security,High
CMP_13587,A violent physical brawl broke out between two large student groups in the main corridor.,Security,Critical
CMP_13588,A major collision involving the university transport bus occurred near the main city crossing.,Transport,Critical
CMP_13589,Water drain in the common washroom is slow to clear.,Plumbing,Low
CMP_13590,"The floodlights on the football ground are not turning on, stopping evening practice.",Sports,Medium
CMP_13591,Bedbugs found in the mattress provided in room 429 of Girls Hostel Block C.,Hostel,Medium
CMP_13592,A gas cylinder regulator valve in the chemical laboratory is jammed and leaking a distinct smell.,Laboratory,High
CMP_13593,Firewalls are blocking access to critical academic research servers and repository sites entirely.,Internet,Critical
CMP_13594,the automated book search kiosk terminal is running extremely slowly.,Library,Low
CMP_13595,The washbasin tap in room 432 is rally dripping slowly continuously.,Plumbing,Low
CMP_13596,The main entry door lock for room 175 is completely broken and cannot be locked.,Hostel,High
CMP_13597,the online portal failed to register the elective course preferences due to a script error.,Academic,Medium
CMP_13598,"An emergency patient arrived, but the campus ambulance oxygen cylinder was found empty.",Medical,High
CMP_13599,Firewalls are blocking access to critical academic research servers and repository sites entirely.,Internet,Critical
CMP_13600,the study lamp socket on table 37 is rally nt drawing any power.,Electricity,Low
CMP_13601,"The overhead water tank is rally overflowing heavily, leaking directly into the main electric generator room.",Plumbing,Critical
CMP_13602,The balcony railing on the ground floor of Boys Hostel Block B is completely detached and hanging.,Hostel,Critical
CMP_13603,Several pages are torn or missing from the core reference book for course code EE-302.,Library,Medium
CMP_13604,A professor is refusing to accept legitimate medical certificates for mandatory attendance criteria.,Academic,High
CMP_13605,A bicycle locked near block Hostel 5 was stolen during broad daylight.,Security,Medium
CMP_13606,The study lamp socket on table 23 is not drawing any power.,Electricity,Low
CMP_13607,WiFi keeps disconnecting every 30 minutes in the common room.,Internet,Low
CMP_13608,One of the three tube lights in room 384 has fused.,Electricity,Low
CMP_13609,A professor is rally refusing to accept legitimate medical certificates for mandatory attendance criteria.,Academic,High
CMP_13610,Essential primary medicines like paracetamol and antacids are out of stock at the pharmacy.,Medical,Medium
CMP_13611,A student is unconscious and unresponsive in room 365 following a sudden seizure.,Medical,Critical
CMP_13612,The glass burettes in the chemistry lab have faint graduation marks that are hard to read.,Laboratory,Low
CMP_13613,Sewage backflow coming out of the floor drains in the ground floor bathrooms.,Plumbing,Critical
CMP_13614,sewage backflow coming out of the floor drains in the ground floor bathrooms.,Plumbing,Critical
CMP_13615,"The library structural pillars in the basement are showing deep cracks, causing panic.",Library,Critical
CMP_13616,Severe water leakage from the ceiling in room 395 damaging personal belongings.,Hostel,High
CMP_13617,The biosafety cabinet ventilation failed while handling pathogenic bacterial samples.,Laboratory,Critical
CMP_13618,One of the three tube lights in room 289 has fused.,Electricity,Low
CMP_13619,The main entry door lock for room 559 is completely broken and cannot be locked.,Hostel,High
CMP_13620,Bedbugs found in the mattress provided in room 161 of Boys Hostel Block A.,Hostel,Medium
CMP_13621,Essential primary medicines like paracetamol and antacids are out of stock at the pharmacy.,Medical,Medium
CMP_13622,The on-duty doctor was absent during the specified night shift hours at the clinic.,Medical,High
CMP_13623,The biosafety cabinet ventilation failed while handling pathogenic bacterial samples.,Laboratory,Critical
CMP_13624,"The swimming pool water is green, murky, and causing skin rashes due to lack of filtration.",Sports,High
CMP_13625,Essential primary medicines like paracetamol and antacids are out of stock at the pharmacy.,Medical,Medium
CMP_13626,The college bus broke down in the middle of a deserted highway during an intercity trip.,Transport,High
CMP_13627,"the morning campus bus is severely overcrowded, forcing students to stand on the footboard.",Transport,Medium
CMP_13628,Bedbugs found in the mattress provided in room 393 of PG Married Hostel.,Hostel,Medium
CMP_13629,"The floodlights on the football ground are not turning on, stopping evening practice.",Sports,Medium
CMP_13630,The brakes of campus bus number B-04 failed completely while descending the hill road.,Transport,Critical
CMP_13631,a critical cardiac emergency occurred at the sports arena and the emergency response was delayed.,Medical,Critical
CMP_13632,A caterpillar and dead flies were found in the vegetable curry served during dinner.,Mess,High
CMP_13633,a gas cylinder regulator valve in the chemical laboratory is jammed and leaking a distinct smell.,Laboratory,High
CMP_13634,The biosafety cabinet ventilation failed while handling pathogenic bacterial samples.,Laboratory,Critical
CMP_13635,An entire batch's official physical final marksheets and degree registry files were destroyed.,Academic,Critical
CMP_13636,"The synthetic track surface near the curve has peeled off, posing a tripping hazard.",Sports,Medium
CMP_13637,"The synthetic track surface near the curve has peeled off, posing a tripping hazard.",Sports,Medium
CMP_13638,The mouse attached to computer terminal 31 in the computer lab is malfunctioning.,Laboratory,Low
CMP_13639,The cooking staff are using severely expired ingredients and rotten meat in the kitchen.,Mess,Critical
CMP_13640,The glass burettes in the chemistry lab have faint graduation marks that are hard to read.,Laboratory,Low
CMP_13641,Water drain in the common washroom is rally slow to clear.,Plumbing,Low
CMP_13642,the grades for the semester final exams haven't been updated even after 3 weeks of submission.,Academic,Medium
CMP_13643,A student is unconscious and unresponsive in room 331 following a sudden seizure.,Medical,Critical
CMP_13644,"The library structural pillars in the basement are showing deep cracks, causing panic.",Library,Critical
CMP_13645,The main entry door lock for room 248 is completely broken and cannot be locked.,Hostel,High
CMP_13646,The grades for the semester final exams haven't been updated even after 3 weeks of submission.,Academic,Medium
CMP_13647,the seat covers on campus bus number b-01 are torn and dirty.,Transport,Low
CMP_13648,The toilet flush mechanism in bathroom 7 is broken and not working.,Plumbing,Medium
CMP_13649,Sewage backflow coming out of the floor drains in the ground floor bathrooms.,Plumbing,Critical
CMP_13650,The toilet flush mechanism in bathroom 1 is broken and not working.,Plumbing,Medium
CMP_13651,One of the external streetlights near the parking lot is rally flickering.,Security,Low
CMP_13652,The biosafety cabinet ventilation failed while handling pathogenic bacterial samples.,Laboratory,Critical
CMP_13653,A critical cardiac emergency occurred at the sports arena and the emergency response was delayed.,Medical,Critical
CMP_13654,Firewalls are blocking access to critical academic research servers and repository sites entirely.,Internet,Critical
CMP_13655,The evening shuttle bus arrived 20 minutes later than the scheduled timetable.,Transport,Low
CMP_13656,The visitor logbook at the entrance gate is rally nt being filled out properly by guards.,Security,Low
CMP_13657,The mouse attached to computer terminal 31 in the computer lab is malfunctioning.,Laboratory,Low
CMP_13658,The projector screen in classroom 598 is manually jammed and won't roll down smoothly.,Academic,Low
CMP_13659,The on-duty doctor was absent during the specified night shift hours at the clinic.,Medical,High
CMP_13660,"An emergency patient arrived, but the campus ambulance oxygen cylinder was found empty.",Medical,High
CMP_13661,Mass scale technical malpractice detected during the online proctored placement exams.,Academic,Critical
CMP_13662,The digital library portal is completely inaccessible right before the mid-term examinations.,Library,High
CMP_13663,"The swimming pool water is green, murky, and causing skin rashes due to lack of filtration.",Sports,High
CMP_13664,"the authentication gateway server is down, preventing any student from logging into the internet.",Internet,High
CMP_13665,The window latch in room 428 is rally loose and needs to be tightened.,Hostel,Low
CMP_13666,The barcode scanner at the return counter is failing to scan books quickly.,Library,Low
CMP_13667,The projector screen in classroom 332 is manually jammed and won't roll down smoothly.,Academic,Low
CMP_13668,"The main water pipeline has burst, causing massive flooding in the basement of Hostel 9.",Plumbing,High
CMP_13669,"The air conditioning system in the reading room is turned off, making it suffocating.",Library,Medium
CMP_13670,The seat covers on campus bus number B-12 are torn and dirty.,Transport,Low
CMP_13671,The weight scale machine at the triage counter shows incorrect calibration metrics.,Medical,Low
CMP_13672,A violent physical brawl broke out between two large student groups in the main corridor.,Security,Critical
CMP_13673,Frequent voltage fluctuations in PG Married Hostel are causing laptops to restart continuously.,Electricity,Medium
CMP_13674,The nylon net on the basketball hoop is torn and needs replacement.,Sports,Low
CMP_13675,firewalls are blocking access to critical academic research servers and repository sites entirely.,Internet,Critical
CMP_13676,"The floodlights on the football ground are not turning on, stopping evening practice.",Sports,Medium
CMP_13677,Toxic chemical cleaning agent accidentally spilled into the major cooking vessel containing soup.,Mess,Critical
CMP_13678,The balcony railing on the fourth floor of Boys Hostel Block A is completely detached and hanging.,Hostel,Critical
CMP_13679,a violent physical brawl broke out between two large student groups in the main corridor.,Security,Critical
CMP_13680,"the swimming pool water is green, murky, and causing skin rashes due to lack of filtration.",Sports,High
CMP_13681,Sparking and a burning plastic smell coming from the distribution board near room 177.,Electricity,Critical
CMP_13682,The driver of route Shuttle-C was driving extremely recklessly and speeding over speed bumps.,Transport,High
CMP_13683,The driver of route Shuttle-A was driving extremely recklessly and speeding over speed bumps.,Transport,High
CMP_13684,"A large chunk of plaster fell from the ceiling in room 275, narrowly missing a student.",Hostel,Critical
CMP_13685,The brakes of campus bus number Shuttle-C failed completely while descending the hill road.,Transport,Critical
CMP_13686,The weight scale machine at the triage counter shows incorrect calibration metrics.,Medical,Low
CMP_13687,The whiteboard markers provided to professors are mostly dried up and unreadable.,Academic,Low
CMP_13688,The digital library portal is completely inaccessible right before the mid-term examinations.,Library,High
CMP_13689,A gas cylinder regulator valve in the chemical laboratory is jammed and leaking a distinct smell.,Laboratory,High
CMP_13690,"The quality of the lunch provided today was extremely poor, the rice was half-cooked.",Mess,Medium
CMP_13691,"an emergency patient arrived, but the campus ambulance oxygen cylinder was found empty.",Medical,High
CMP_13692,The college bus broke down in the middle of a deserted highway during an intercity trip.,Transport,High
CMP_13693,Complete lack of running water in the entire hostel building since morning.,Plumbing,High
CMP_13694,A gas cylinder regulator valve in the chemical laboratory is jammed and leaking a distinct smell.,Laboratory,High
CMP_13695,"The spectator stands collapsed during the annual track event, injuring several onlookers.",Sports,Critical
CMP_13696,the toilet flush mechanism in bathroom 2 is broken and not working.,Plumbing,Medium
CMP_13697,The main entry door lock for room 235 is rally completely broken and cannt be locked.,Hostel,High
CMP_13698,The exam paper leaked online an hour prior to the scheduled examination schedule.,Academic,High
CMP_13699,Complete lack of running water in the entire hostel building since morning.,Plumbing,High
CMP_13700,An entire batch's official physical final marksheets and degree registry files were destroyed.,Academic,Critical
CMP_13701,"the authentication gateway server is down, preventing any student from logging into the internet.",Internet,High
CMP_13702,The fume hood in the organic chemistry lab has very weak suction and ventilation.,Laboratory,Medium
CMP_13703,"The swimming pool water is green, murky, and causing skin rashes due to lack of filtration.",Sports,High
CMP_13704,The page load time for the student portal is very high on the campus network.,Internet,Low
CMP_13705,The plates and spoons provided in the dining hall are sticky and oily.,Mess,Low
CMP_13706,The drinking water dispenser in the mess area has a strange muddy taste.,Mess,Medium
CMP_13707,Complete network outage across the entire PG Married Hostel block preventing project submissions.,Internet,High
CMP_13708,Essential primary medicines like paracetamol and antacids are out of stock at the pharmacy.,Medical,Medium
CMP_13709,Rainwater is leaking from the roof directly onto the rare manuscript and book archive section.,Library,High
CMP_13710,The on-duty doctor was absent during the specified night shift hours at the clinic.,Medical,High
CMP_13711,An entire batch's official physical final marksheets and degree registry files were destroyed.,Academic,Critical
CMP_13712,Bedbugs found in the mattress provided in room 442 of Girls Hostel Block D.,Hostel,Medium
CMP_13713,The main circuit breaker keeps tripping every time the air conditioner is turned on.,Electricity,High
CMP_13714,The window latch in room 554 is loose and needs to be tightened.,Hostel,Low
CMP_13715,A violent physical brawl broke out between two large student groups in the main corridor.,Security,Critical
CMP_13716,"the morning campus bus is severely overcrowded, forcing students to stand on the footboard.",Transport,Medium
CMP_13717,The breakfast was served cold today at the counter.,Mess,Low
CMP_13718,Rainwater is leaking from the roof directly onto the rare manuscript and book archive section.,Library,High
CMP_13719,Complete network outage across the entire Boys Hostel Block A block preventing project submissions.,Internet,High
CMP_13720,"The overhead water tank is overflowing heavily, leaking directly into the main electric generator room.",Plumbing,Critical
CMP_13721,Mass scale technical malpractice detected during the online proctored placement exams.,Academic,Critical
CMP_13722,"A large chunk of plaster fell from the ceiling in room 379, narrowly missing a student.",Hostel,Critical
CMP_13723,The projector screen in classroom 586 is manually jammed and won't roll down smoothly.,Academic,Low
CMP_13724,The main fiber optic line to the engineering department block was cut during construction work.,Internet,Critical
CMP_13725,The grades for the semester final exams haven't been updated even after 3 weeks of submission.,Academic,Medium
CMP_13726,The ceiling fan in room 334 is making a slight clicking sound.,Hostel,Low
CMP_13727,The digital library portal is completely inaccessible right before the mid-term examinations.,Library,High
CMP_13728,the exam paper leaked online an hour prior to the scheduled examination schedule.,Academic,High
CMP_13729,An unidentified suspicious outsider entered the hostel premises without authorization or ID check.,Security,High
CMP_13730,A major collision involving the university transport bus occurred near the main city crossing.,Transport,Critical
CMP_13731,A violent physical brawl broke out between two large student groups in the main corridor.,Security,Critical
CMP_13732,Severe water leakage from the ceiling in room 392 damaging personal belongings.,Hostel,High
CMP_13733,A dangerous chemical spill of concentrated sulfuric acid occurred on bench 13.,Laboratory,Critical
CMP_13734,The window latch in room 479 is loose and needs to be tightened.,Hostel,Low
CMP_13735,Water drain in the common washroom is slow to clear.,Plumbing,Low
CMP_13736,"The quality of the lunch provided today was extremely poor, the rice was half-cooked.",Mess,Medium
CMP_13737,The air conditioning in the long-route university bus number B-01 is completely broken.,Transport,Medium
CMP_13738,The WiFi network speed in Boys Hostel Block A has dropped below 1 Mbps since yesterday.,Internet,Medium
CMP_13739,The visitor logbook at the entrance gate is not being filled out properly by guards.,Security,Low
CMP_13740,The grades for the semester final exams haven't been updated even after 3 weeks of submission.,Academic,Medium
CMP_13741,Oscilloscope number 36 in the electronics lab shows a distorted calibration line.,Laboratory,Medium
CMP_13742,The on-duty doctor was absent during the specified night shift hours at the clinic.,Medical,High
CMP_13743,Essential primary medicines like paracetamol and antacids are out of stock at the pharmacy.,Medical,Medium
CMP_13744,A gas cylinder regulator valve in the chemical laboratory is jammed and leaking a distinct smell.,Laboratory,High
CMP_13745,Sparking and a burning plastic smell coming from the distribution board near room 558.,Electricity,Critical
CMP_13746,"The morning campus bus is severely overcrowded, forcing students to stand on the footboard.",Transport,Medium
CMP_13747,The fume hood in the organic chemistry lab has very weak suction and ventilation.,Laboratory,Medium
CMP_13748,The window latch in room 333 is loose and needs to be tightened.,Hostel,Low
CMP_13749,The study lamp socket on table 19 is not drawing any power.,Electricity,Low
CMP_13750,The fume hood in the organic chemistry lab has very weak suction and ventilation.,Laboratory,Medium
CMP_13751,LAN connection port in room 411 is physically damaged and loose.,Internet,Medium
CMP_13752,the automated book search kiosk terminal is running extremely slowly.,Library,Low
CMP_13753,The indoor gym equipment cable snapped while a student was lifting heavy weights.,Sports,High
CMP_13754,Live naked electric wires are exposed in the hallway of the fourth floor near the water cooler.,Electricity,Critical
CMP_13755,The exam paper leaked online an hour prior to the scheduled examination schedule.,Academic,High
CMP_13756,The washbasin tap in room 273 is dripping slowly continuously.,Plumbing,Low
CMP_13757,The ceiling fan in room 211 is rally making a slight clicking sound.,Hostel,Low
CMP_13758,"The morning campus bus is severely overcrowded, forcing students to stand on the footboard.",Transport,Medium
CMP_13759,several pages are torn or missing from the core reference book for course code me-204.,Library,Medium
CMP_13760,The air conditioning in the long-route university bus number B-12 is completely broken.,Transport,Medium
CMP_13761,sparking and a burning plastic smell coming from the distribution board near room 166.,Electricity,Critical
CMP_13762,The biosafety cabinet ventilation failed while handling pathogenic bacterial samples.,Laboratory,Critical
CMP_13763,Complete network outage across the entire Boys Hostel Block B block preventing project submissions.,Internet,High
CMP_13764,The glass burettes in the chemistry lab have faint graduation marks that are hard to read.,Laboratory,Low
CMP_13765,No hot water supply in the showers of Hostel 5 during early morning hours.,Plumbing,Medium
CMP_13766,The toilet flush mechanism in bathroom 7 is broken and not working.,Plumbing,Medium
CMP_13767,The main fiber optic line to the engineering department block was cut during construction work.,Internet,Critical
CMP_13768,A violent physical brawl broke out between two large student groups in the main corridor.,Security,Critical
CMP_13769,One of the three tube lights in room 462 has fused.,Electricity,Low
CMP_13770,Oscilloscope number 32 in the electronics lab shows a distorted calibration line.,Laboratory,Medium
CMP_13771,"A large chunk of plaster fell from the ceiling in room 582, narrowly missing a student.",Hostel,Critical
CMP_13772,"The authentication gateway server is down, preventing any student from logging into the internet.",Internet,High
CMP_13773,An entire batch's official physical final marksheets and degree registry files were destroyed.,Academic,Critical
CMP_13774,The WiFi network speed in Girls Hostel Block D has dropped below 1 Mbps since yesterday.,Internet,Medium
CMP_13775,Oscilloscope number 35 in the electronics lab shows a distorted calibration line.,Laboratory,Medium
CMP_13776,The college bus broke down in the middle of a deserted highway during an intercity trip.,Transport,High
CMP_13777,An entire batch's official physical final marksheets and degree registry files were destroyed.,Academic,Critical
CMP_13778,lan connection port in room 509 is physically damaged and loose.,Internet,Medium
CMP_13779,The mouse attached to computer terminal 13 in the computer lab is rally malfunctioning.,Laboratory,Low
CMP_13780,Essential primary medicines like paracetamol and antacids are out of stock at the pharmacy.,Medical,Medium
CMP_13781,The college bus broke down in the middle of a deserted highway during an intercity trip.,Transport,High
CMP_13782,The washbasin tap in room 176 is dripping slowly continuously.,Plumbing,Low
CMP_13783,The study lamp socket on table 4 is not drawing any power.,Electricity,Low
CMP_13784,A critical cardiac emergency occurred at the sports arena and the emergency response was delayed.,Medical,Critical
CMP_13785,"A heavy steel goalpost tip-over occurred, pinning a student player to the ground.",Sports,Critical
CMP_13786,"The library structural pillars in the basement are showing deep cracks, causing panic.",Library,Critical
CMP_13787,Sewage backflow coming out of the floor drains in the ground floor bathrooms.,Plumbing,Critical
CMP_13788,The drinking water dispenser in the mess area has a strange muddy taste.,Mess,Medium
CMP_13789,A violent physical brawl broke out between two large student groups in the main corridor.,Security,Critical
CMP_13790,The main server rack hosting all student terminal virtual machines has crashed entirely.,Laboratory,High
CMP_13791,A violent physical brawl broke out between two large student groups in the main corridor.,Security,Critical
CMP_13792,The main circuit breaker keeps tripping every time the air conditioner is turned on.,Electricity,High
CMP_13793,A major collision involving the university transport bus occurred near the main city crossing.,Transport,Critical
CMP_13794,Sewage backflow coming out of the floor drains in the ground floor bathrooms.,Plumbing,Critical
CMP_13795,WiFi keeps disconnecting every 30 minutes in the common room.,Internet,Low
CMP_13796,Live naked electric wires are exposed in the hallway of the first floor near the water cooler.,Electricity,Critical
CMP_13797,The WiFi network speed in Girls Hostel Block D has dropped below 1 Mbps since yesterday.,Internet,Medium
CMP_13798,One of the three tube lights in room 279 has fused.,Electricity,Low
CMP_13799,The visitor logbook at the entrance gate is rally nt being filled out properly by guards.,Security,Low
CMP_13800,The air conditioning in the long-route university bus number B-04 is completely broken.,Transport,Medium
CMP_13801,The digital thermometer at the campus clinic is out of battery and not replaced.,Medical,Medium
CMP_13802,Sewage backflow coming out of the floor drains in the ground floor bathrooms.,Plumbing,Critical
CMP_13803,toxic chemical cleaning agent accidentally spilled into the major cooking vessel containing soup.,Mess,Critical
CMP_13804,Water drain in the common washroom is slow to clear.,Plumbing,Low
CMP_13805,"The main water pipeline has burst, causing massive flooding in the basement of PG Married Hostel.",Plumbing,High
CMP_13806,Toxic chemical cleaning agent accidentally spilled into the major cooking vessel containing soup.,Mess,Critical
CMP_13807,The driver of route B-07 was driving extremely recklessly and speeding over speed bumps.,Transport,High
CMP_13808,One of the external streetlights near the parking lot is flickering.,Security,Low
CMP_13809,The main server rack hosting all student terminal virtual machines has crashed entirely.,Laboratory,High
CMP_13810,Bedbugs found in the mattress provided in room 344 of Hostel 5.,Hostel,Medium
CMP_13811,"a large chunk of plaster fell from the ceiling in room 388, narrowly missing a student.",Hostel,Critical
CMP_13812,An entire batch's official physical final marksheets and degree registry files were destroyed.,Academic,Critical
CMP_13813,the air conditioning in the long-route university bus number shuttle-a is completely broken.,Transport,Medium
CMP_13814,The cooking staff are using severely expired ingredients and rotten meat in the kitchen.,Mess,Critical
CMP_13815,A dangerous chemical spill of concentrated sulfuric acid occurred on bench 10.,Laboratory,Critical
CMP_13816,Sparking and a burning plastic smell coming from the distribution board near room 498.,Electricity,Critical
CMP_13817,The college bus broke down in the middle of a deserted highway during an intercity trip.,Transport,High
CMP_13818,"A heavy steel goalpost tip-over occurred, pinning a student player to the ground.",Sports,Critical
CMP_13819,Firewalls are blocking access to critical academic research servers and repository sites entirely.,Internet,Critical
CMP_13820,Sewage backflow coming out of the floor drains in the ground floor bathrooms.,Plumbing,Critical
CMP_13821,Complete power blackout in the entire wing of Hostel 9 for over 6 hours.,Electricity,High
CMP_13822,Bedbugs found in the mattress provided in room 272 of Hostel 9.,Hostel,Medium
CMP_13823,The cooking staff are using severely expired ingredients and rotten meat in the kitchen.,Mess,Critical
CMP_13824,severe water leakage from the ceiling in room 259 damaging personal belongings.,Hostel,High
CMP_13825,"the swimming pool water is green, murky, and causing skin rashes due to lack of filtration.",Sports,High
CMP_13826,The exam paper leaked online an hour prior to the scheduled examination schedule.,Academic,High
CMP_13827,The plates and spoons provided in the dining hall are sticky and oily.,Mess,Low
CMP_13828,an unidentified suspicious outsider entered the hostel premises without authorization or id check.,Security,High
CMP_13829,the mouse attached to computer terminal 10 in the computer lab is malfunctioning.,Laboratory,Low
CMP_13830,The weight scale machine at the triage counter shows incorrect calibration metrics.,Medical,Low
CMP_13831,The main circuit breaker keeps tripping every time the air conditioner is turned on.,Electricity,High
CMP_13832,"The main water pipeline has burst, causing massive flooding in the basement of Girls Hostel Block D.",Plumbing,High
CMP_13833,"The library structural pillars in the basement are showing deep cracks, causing panic.",Library,Critical
CMP_13834,"The main water pipeline has burst, causing massive flooding in the basement of Boys Hostel Block B.",Plumbing,High
CMP_13835,"The spectator stands collapsed during the annual track event, injuring several onlookers.",Sports,Critical
CMP_13836,The indoor gym equipment cable snapped while a student was lifting heavy weights.,Sports,High
CMP_13837,The digital thermometer at the campus clinic is out of battery and not replaced.,Medical,Medium
CMP_13838,The toilet flush mechanism in bathroom 5 is broken and not working.,Plumbing,Medium
CMP_13839,Mass scale technical malpractice detected during the online proctored placement exams.,Academic,Critical
CMP_13840,The glass burettes in the chemistry lab have faint graduation marks that are hard to read.,Laboratory,Low
CMP_13841,The weight scale machine at the triage counter shows incorrect calibration metrics.,Medical,Low
CMP_13842,The whiteboard markers provided to professors are mostly dried up and unreadable.,Academic,Low
CMP_13843,The evening shuttle bus arrived 20 minutes later than the scheduled timetable.,Transport,Low
CMP_13844,The fume hood in the organic chemistry lab has very weak suction and ventilation.,Laboratory,Medium
CMP_13845,Oscilloscope number 24 in the electronics lab shows a distorted calibration line.,Laboratory,Medium
CMP_13846,A gas cylinder regulator valve in the chemical laboratory is jammed and leaking a distinct smell.,Laboratory,High
CMP_13847,"The corridor lights on the second floor are not working, making it pitch dark at night.",Electricity,Medium
CMP_13848,The glass burettes in the chemistry lab have faint graduation marks that are hard to read.,Laboratory,Low
CMP_13849,lan connection port in room 399 is physically damaged and loose.,Internet,Medium
CMP_13850,The projector screen in classroom 583 is manually jammed and won't roll down smoothly.,Academic,Low
CMP_13851,The evening shuttle bus arrived 20 minutes later than the scheduled timetable.,Transport,Low
CMP_13852,An unidentified suspicious outsider entered the hostel premises without authorization or ID check.,Security,High
CMP_13853,A dangerous chemical spill of concentrated sulfuric acid occurred on bench 1.,Laboratory,Critical
CMP_13854,"The quality of the lunch provided today was extremely poor, the rice was half-cooked.",Mess,Medium
CMP_13855,Sewage backflow coming out of the floor drains in the ground floor bathrooms.,Plumbing,Critical
CMP_13856,The biosafety cabinet ventilation failed while handling pathogenic bacterial samples.,Laboratory,Critical
CMP_13857,Complete network outage across the entire Hostel 9 block preventing project submissions.,Internet,High
CMP_13858,A major collision involving the university transport bus occurred near the main city crossing.,Transport,Critical
CMP_13859,More than 15 students have reported severe stomach aches and vomiting after eating at the mess.,Mess,High
CMP_13860,No hot water supply in the showers of Hostel 9 during early morning hours.,Plumbing,Medium
CMP_13861,The online portal failed to register the elective course preferences due to a script error.,Academic,Medium
CMP_13862,"The authentication gateway server is down, preventing any student from logging into the internet.",Internet,High
CMP_13863,one of the three tube lights in room 159 has fused.,Electricity,Low
CMP_13864,More than 15 students have reported severe stomach aches and vomiting after eating at the mess.,Mess,High
CMP_13865,Mass scale technical malpractice detected during the online proctored placement exams.,Academic,Critical
CMP_13866,Severe water leakage from the ceiling in room 576 damaging personal belongings.,Hostel,High
CMP_13867,Complete power blackout in the entire wing of Hostel 5 for over 6 hours.,Electricity,High
CMP_13868,The study lamp socket on table 9 is not drawing any power.,Electricity,Low
CMP_13869,Bedbugs found in the mattress provided in room 558 of Boys Hostel Block B.,Hostel,Medium
CMP_13870,A critical cardiac emergency occurred at the sports arena and the emergency response was delayed.,Medical,Critical
CMP_13871,The digital library portal is completely inaccessible right before the mid-term examinations.,Library,High
CMP_13872,"The air conditioning system in the reading room is turned off, making it suffocating.",Library,Medium
CMP_13873,Water drain in the common washroom is slow to clear.,Plumbing,Low
CMP_13874,A student is unconscious and unresponsive in room 134 following a sudden seizure.,Medical,Critical
CMP_13875,Oscilloscope number 31 in the electronics lab shows a distorted calibration line.,Laboratory,Medium
CMP_13876,The barcode scanner at the return counter is failing to scan books quickly.,Library,Low
CMP_13877,Complete power blackout in the entire wing of Girls Hostel Block D for over 6 hours.,Electricity,High
CMP_13878,the window latch in room 529 is loose and needs to be tightened.,Hostel,Low
CMP_13879,Complete network outage across the entire Hostel 5 block preventing project submissions.,Internet,High
CMP_13880,The ceiling fan in room 569 is making a slight clicking sound.,Hostel,Low
CMP_13881,The nylon net on the basketball hoop is torn and needs replacement.,Sports,Low
CMP_13882,Sewage backflow coming out of the floor drains in the ground floor bathrooms.,Plumbing,Critical
CMP_13883,The biosafety cabinet ventilation failed while handling pathogenic bacterial samples.,Laboratory,Critical
CMP_13884,"The air conditioning system in the reading room is rally turned off, making it suffocating.",Library,Medium
CMP_13885,An unidentified suspicious outsider entered the hostel premises without authorization or ID check.,Security,High
CMP_13886,The exam paper leaked online an hour prior to the scheduled examination schedule.,Academic,High
CMP_13887,The indoor gym equipment cable snapped while a student was lifting heavy weights.,Sports,High
CMP_13888,The digital thermometer at the campus clinic is out of battery and not replaced.,Medical,Medium
CMP_13889,Rainwater is rally leaking from the roof directly onto the rare manuscript and book archive section.,Library,High
CMP_13890,the plates and spoons provided in the dining hall are sticky and oily.,Mess,Low
CMP_13891,A bicycle locked near block Hostel 5 was stolen during broad daylight.,Security,Medium
CMP_13892,"An emergency patient arrived, but the campus ambulance oxygen cylinder was found empty.",Medical,High
CMP_13893,"The swimming pool water is green, murky, and causing skin rashes due to lack of filtration.",Sports,High
CMP_13894,The main fiber optic line to the engineering department block was cut during construction work.,Internet,Critical
CMP_13895,The study lamp socket on table 35 is not drawing any power.,Electricity,Low
CMP_13896,The glass burettes in the chemistry lab have faint graduation marks that are hard to read.,Laboratory,Low
CMP_13897,The page load time for the student portal is very high on the campus network.,Internet,Low
CMP_13898,"The synthetic track surface near the curve has peeled off, posing a tripping hazard.",Sports,Medium
CMP_13899,Complete lack of running water in the entire hostel building since morning.,Plumbing,High
CMP_13900,No hot water supply in the showers of Girls Hostel Block D during early morning hours.,Plumbing,Medium
CMP_13901,"The quality of the lunch provided today was extremely poor, the rice was half-cooked.",Mess,Medium
CMP_13902,an armed intruder managed to scale the boundary wall and enter the girls' hostel campus.,Security,Critical
CMP_13903,A violent physical brawl broke out between two large student groups in the main corridor.,Security,Critical
CMP_13904,A caterpillar and dead flies were found in the vegetable curry served during dinner.,Mess,High
CMP_13905,The WiFi network speed in Hostel 5 has dropped below 1 Mbps since yesterday.,Internet,Medium
CMP_13906,A professor is refusing to accept legitimate medical certificates for mandatory attendance criteria.,Academic,High
CMP_13907,a gas cylinder regulator valve in the chemical laboratory is jammed and leaking a distinct smell.,Laboratory,High
CMP_13908,The indoor gym equipment cable snapped while a student was lifting heavy weights.,Sports,High
CMP_13909,"The floodlights on the football ground are not turning on, stopping evening practice.",Sports,Medium
CMP_13910,The barcode scanner at the return counter is failing to scan books quickly.,Library,Low
CMP_13911,The brakes of campus bus number B-07 failed completely while descending the hill road.,Transport,Critical
CMP_13912,The balcony railing on the fourth floor of Hostel 9 is completely detached and hanging.,Hostel,Critical
CMP_13913,The exam paper leaked online an hour prior to the scheduled examination schedule.,Academic,High
CMP_13914,Several pages are torn or missing from the core reference book for course code PH-102.,Library,Medium
CMP_13915,WiFi keeps disconnecting every 30 minutes in the common room.,Internet,Low
CMP_13916,"The spectator stands collapsed during the annual track event, injuring several onlookers.",Sports,Critical
CMP_13917,"An emergency patient arrived, but the campus ambulance oxygen cylinder was found empty.",Medical,High
CMP_13918,The barcode scanner at the return counter is failing to scan books quickly.,Library,Low
CMP_13919,The driver of route B-04 was driving extremely recklessly and speeding over speed bumps.,Transport,High
CMP_13920,Complete power blackout in the entire wing of Boys Hostel Block B for over 6 hours.,Electricity,High
CMP_13921,LAN connection port in room 596 is physically damaged and loose.,Internet,Medium
CMP_13922,A dangerous chemical spill of concentrated sulfuric acid occurred on bench 27.,Laboratory,Critical
CMP_13923,"The air conditioning system in the reading room is turned off, making it suffocating.",Library,Medium
CMP_13924,Several pages are torn or missing from the core reference book for course code ME-204.,Library,Medium
CMP_13925,The whiteboard markers provided to professors are mostly dried up and unreadable.,Academic,Low
CMP_13926,A bicycle locked near block Hostel 9 was stolen during broad daylight.,Security,Medium
CMP_13927,"The floodlights on the football ground are not turning on, stopping evening practice.",Sports,Medium
CMP_13928,Toxic chemical cleaning agent accidentally spilled into the major cooking vessel containing soup.,Mess,Critical
CMP_13929,The main entry door lock for room 179 is completely broken and cannot be locked.,Hostel,High
CMP_13930,the page load time for the student portal is very high on the campus network.,Internet,Low
CMP_13931,The automated emergency fire suppression sprinklers in the main book stack area went off falsely.,Library,Critical
CMP_13932,The waiting time at the campus health center exceeded an hour for a routine checkup.,Medical,Low
CMP_13933,The barcode scanner at the return counter is failing to scan books quickly.,Library,Low
CMP_13934,The study lamp socket on table 15 is not drawing any power.,Electricity,Low
CMP_13935,Bedbugs found in the mattress provided in room 241 of Girls Hostel Block C.,Hostel,Medium
CMP_13936,"the spectator stands collapsed during the annual track event, injuring several onlookers.",Sports,Critical
CMP_13937,Complete network outage across the entire Boys Hostel Block B block preventing project submissions.,Internet,High
CMP_13938,"The synthetic track surface near the curve has peeled off, posing a tripping hazard.",Sports,Medium
CMP_13939,more than 15 students have reported severe stomach aches and vomiting after eating at the mess.,Mess,High
CMP_13940,The breakfast was served cold today at the counter.,Mess,Low
CMP_13941,The toilet flush mechanism in bathroom 2 is broken and not working.,Plumbing,Medium
CMP_13942,The balcony railing on the ground floor of Girls Hostel Block C is completely detached and hanging.,Hostel,Critical
CMP_13943,wifi keeps disconnecting every 30 minutes in the common room.,Internet,Low
CMP_13944,A major collision involving the university transport bus occurred near the main city crossing.,Transport,Critical
CMP_13945,"The overhead water tank is overflowing heavily, leaking directly into the main electric generator room.",Plumbing,Critical
CMP_13946,The main entry door lock for room 352 is completely broken and cannot be locked.,Hostel,High
CMP_13947,Bedbugs found in the mattress provided in room 105 of Girls Hostel Block D.,Hostel,Medium
CMP_13948,Complete lack of running water in the entire hostel building since morning.,Plumbing,High
CMP_13949,firewalls are blocking access to critical academic research servers and repository sites entirely.,Internet,Critical
CMP_13950,The automated emergency fire suppression sprinklers in the main book stack area went off falsely.,Library,Critical
CMP_13951,"A large chunk of plaster fell from the ceiling in room 365, narrowly missing a student.",Hostel,Critical
CMP_13952,The automated emergency fire suppression sprinklers in the main book stack area went off falsely.,Library,Critical
CMP_13953,The seat covers on campus bus number Shuttle-A are torn and dirty.,Transport,Low
CMP_13954,The glass burettes in the chemistry lab have faint graduation marks that are hard to read.,Laboratory,Low
CMP_13955,More than 15 students have reported severe stomach aches and vomiting after eating at the mess.,Mess,High
CMP_13956,The plates and spoons provided in the dining hall are sticky and oily.,Mess,Low
CMP_13957,"the quality of the lunch provided today was extremely poor, the rice was half-cooked.",Mess,Medium
CMP_13958,Water drain in the common washroom is rally slow to clear.,Plumbing,Low
CMP_13959,LAN connection port in room 501 is physically damaged and loose.,Internet,Medium
CMP_13960,"the swimming pool water is green, murky, and causing skin rashes due to lack of filtration.",Sports,High
CMP_13961,"The corridor lights on the fourth floor are not working, making it pitch dark at night.",Electricity,Medium
CMP_13962,The ceiling fan in room 298 is making a slight clicking sound.,Hostel,Low
CMP_13963,"A heavy steel goalpost tip-over occurred, pinning a student player to the ground.",Sports,Critical
CMP_13964,"The quality of the lunch provided today was extremely poor, the rice was half-cooked.",Mess,Medium
CMP_13965,A gas cylinder regulator valve in the chemical laboratory is jammed and leaking a distinct smell.,Laboratory,High
CMP_13966,The balcony railing on the fourth floor of Hostel 5 is completely detached and hanging.,Hostel,Critical
CMP_13967,"The air conditioning system in the reading room is turned off, making it suffocating.",Library,Medium
CMP_13968,Oscilloscope number 8 in the electronics lab shows a distorted calibration line.,Laboratory,Medium
CMP_13969,The college bus broke down in the middle of a deserted highway during an intercity trip.,Transport,High
CMP_13970,A violent physical brawl broke out between two large student groups in the main corridor.,Security,Critical
CMP_13971,The projector screen in classroom 122 is manually jammed and won't roll down smoothly.,Academic,Low
CMP_13972,More than 15 students have reported severe stomach aches and vomiting after eating at the mess.,Mess,High
CMP_13973,WiFi keeps disconnecting every 30 minutes in the common room.,Internet,Low
CMP_13974,The glass burettes in the chemistry lab have faint graduation marks that are hard to read.,Laboratory,Low
CMP_13975,A caterpillar and dead flies were found in the vegetable curry served during dinner.,Mess,High
CMP_13976,The air conditioning in the long-route university bus number B-12 is completely broken.,Transport,Medium
CMP_13977,The automated book search kiosk terminal is running extremely slowly.,Library,Low
CMP_13978,A student is unconscious and unresponsive in room 324 following a sudden seizure.,Medical,Critical
CMP_13979,The drinking water dispenser in the mess area has a strange muddy taste.,Mess,Medium
CMP_13980,The glass burettes in the chemistry lab have faint graduation marks that are hard to read.,Laboratory,Low
CMP_13981,The visitor logbook at the entrance gate is rally nt being filled out properly by guards.,Security,Low
CMP_13982,The weight scale machine at the triage counter shows incorrect calibration metrics.,Medical,Low
CMP_13983,"The air conditioning system in the reading room is turned off, making it suffocating.",Library,Medium
CMP_13984,"A large chunk of plaster fell from the ceiling in room 521, narrowly missing a student.",Hostel,Critical
CMP_13985,The online portal failed to register the elective course preferences due to a script error.,Academic,Medium
CMP_13986,The main entry door lock for room 555 is completely broken and cannot be locked.,Hostel,High
CMP_13987,An armed intruder managed to scale the boundary wall and enter the girls' hostel campus.,Security,Critical
CMP_13988,The barcode scanner at the return counter is failing to scan books quickly.,Library,Low
CMP_13989,The exam paper leaked online an hour prior to the scheduled examination schedule.,Academic,High
CMP_13990,The digital thermometer at the campus clinic is out of battery and not replaced.,Medical,Medium
CMP_13991,Complete network outage across the entire Hostel 5 block preventing project submissions.,Internet,High
CMP_13992,"A heavy steel goalpost tip-over occurred, pinning a student player to the ground.",Sports,Critical
CMP_13993,"a large chunk of plaster fell from the ceiling in room 355, narrowly missing a student.",Hostel,Critical
CMP_13994,The plates and spoons provided in the dining hall are sticky and oily.,Mess,Low
CMP_13995,Several pages are torn or missing from the core reference book for course code PH-102.,Library,Medium
CMP_13996,the barcode scanner at the return counter is failing to scan books quickly.,Library,Low
CMP_13997,The on-duty doctor was absent during the specified night shift hours at the clinic.,Medical,High
CMP_13998,The projector screen in classroom 164 is manually jammed and won't roll down smoothly.,Academic,Low
CMP_13999,The toilet flush mechanism in bathroom 2 is broken and not working.,Plumbing,Medium
CMP_14000,The balcony railing on the first floor of Hostel 5 is rally completely detached and hanging.,Hostel,Critical
CMP_14001,The fume hood in the organic chemistry lab has very weak suction and ventilation.,Laboratory,Medium
CMP_14002,The fume hood in the organic chemistry lab has very weak suction and ventilation.,Laboratory,Medium
CMP_14003,The breakfast was served cold today at the counter.,Mess,Low
CMP_14004,The glass burettes in the chemistry lab have faint graduation marks that are hard to read.,Laboratory,Low
CMP_14005,"The morning campus bus is severely overcrowded, forcing students to stand on the footboard.",Transport,Medium
CMP_14006,The main entry door lock for room 465 is completely broken and cannot be locked.,Hostel,High
CMP_14007,A dangerous chemical spill of concentrated sulfuric acid occurred on bench 31.,Laboratory,Critical
CMP_14008,"The authentication gateway server is down, preventing any student from logging into the internet.",Internet,High
CMP_14009,"A large chunk of plaster fell from the ceiling in room 338, narrowly missing a student.",Hostel,Critical
CMP_14010,Live naked electric wires are exposed in the hallway of the ground floor near the water cooler.,Electricity,Critical
CMP_14011,a major collision involving the university transport bus occurred near the main city crossing.,Transport,Critical
CMP_14012,"The authentication gateway server is down, preventing any student from logging into the internet.",Internet,High
CMP_14013,"The synthetic track surface near the curve has peeled off, posing a tripping hazard.",Sports,Medium
CMP_14014,The whiteboard markers provided to professors are mostly dried up and unreadable.,Academic,Low
CMP_14015,The breakfast was served cold today at the counter.,Mess,Low
CMP_14016,"The corridor lights on the second floor are not working, making it pitch dark at night.",Electricity,Medium
CMP_14017,The waiting time at the campus health center exceeded an hour for a routine checkup.,Medical,Low
CMP_14018,"The synthetic track surface near the curve has peeled off, posing a tripping hazard.",Sports,Medium
CMP_14019,the fume hood in the organic chemistry lab has very weak suction and ventilation.,Laboratory,Medium
CMP_14020,Severe water leakage from the ceiling in room 523 damaging personal belongings.,Hostel,High
CMP_14021,"The quality of the lunch provided today was extremely poor, the rice was half-cooked.",Mess,Medium
CMP_14022,The ceiling fan in room 267 is rally making a slight clicking sound.,Hostel,Low
CMP_14023,The digital library portal is completely inaccessible right before the mid-term examinations.,Library,High
CMP_14024,Essential primary medicines like paracetamol and antacids are out of stock at the pharmacy.,Medical,Medium
CMP_14025,An entire batch's official physical final marksheets and degree registry files were destroyed.,Academic,Critical
CMP_14026,sparking and a burning plastic smell coming from the distribution board near room 104.,Electricity,Critical
CMP_14027,The ceiling fan in room 258 is making a slight clicking sound.,Hostel,Low
CMP_14028,The washbasin tap in room 558 is rally dripping slowly continuously.,Plumbing,Low
CMP_14029,The cooking staff are using severely expired ingredients and rotten meat in the kitchen.,Mess,Critical
CMP_14030,Live naked electric wires are exposed in the hallway of the fourth floor near the water cooler.,Electricity,Critical
CMP_14031,One of the three tube lights in room 594 has fused.,Electricity,Low
CMP_14032,Essential primary medicines like paracetamol and antacids are out of stock at the pharmacy.,Medical,Medium
CMP_14033,"The synthetic track surface near the curve has peeled off, posing a tripping hazard.",Sports,Medium
CMP_14034,No hot water supply in the showers of Boys Hostel Block A during early morning hours.,Plumbing,Medium
CMP_14035,The digital library portal is completely inaccessible right before the mid-term examinations.,Library,High
CMP_14036,the automated book search kiosk terminal is running extremely slowly.,Library,Low
CMP_14037,The balcony railing on the fourth floor of Girls Hostel Block C is completely detached and hanging.,Hostel,Critical
CMP_14038,"The overhead water tank is overflowing heavily, leaking directly into the main electric generator room.",Plumbing,Critical
CMP_14039,Water drain in the common washroom is slow to clear.,Plumbing,Low
CMP_14040,The main circuit breaker keeps tripping every time the air conditioner is turned on.,Electricity,High
CMP_14041,The automated book search kiosk terminal is running extremely slowly.,Library,Low
CMP_14042,The glass burettes in the chemistry lab have faint graduation marks that are hard to read.,Laboratory,Low
CMP_14043,"A heavy steel goalpost tip-over occurred, pinning a student player to the ground.",Sports,Critical
CMP_14044,The window latch in room 586 is loose and needs to be tightened.,Hostel,Low
CMP_14045,The automated emergency fire suppression sprinklers in the main book stack area went off falsely.,Library,Critical
CMP_14046,The driver of route Shuttle-A was driving extremely recklessly and speeding over speed bumps.,Transport,High
CMP_14047,Complete network outage across the entire Girls Hostel Block D block preventing project submissions.,Internet,High
CMP_14048,The nylon net on the basketball hoop is torn and needs replacement.,Sports,Low
CMP_14049,"The main water pipeline has burst, causing massive flooding in the basement of Hostel 9.",Plumbing,High
CMP_14050,The nylon net on the basketball hoop is torn and needs replacement.,Sports,Low
CMP_14051,"The spectator stands collapsed during the annual track event, injuring several onlookers.",Sports,Critical
CMP_14052,The nylon net on the basketball hoop is torn and needs replacement.,Sports,Low
CMP_14053,No hot water supply in the showers of Hostel 5 during early morning hours.,Plumbing,Medium
CMP_14054,The projector screen in classroom 553 is manually jammed and won't roll down smoothly.,Academic,Low
CMP_14055,Complete power blackout in the entire wing of Boys Hostel Block A for over 6 hours.,Electricity,High
CMP_14056,No hot water supply in the showers of PG Married Hostel during early morning hours.,Plumbing,Medium
CMP_14057,A violent physical brawl broke out between two large student groups in the main corridor.,Security,Critical
CMP_14058,An armed intruder managed to scale the boundary wall and enter the girls' hostel campus.,Security,Critical
CMP_14059,A student is rally unconscious and unresponsive in room 299 following a sudden seizure.,Medical,Critical
CMP_14060,The projector screen in classroom 109 is manually jammed and won't roll down smoothly.,Academic,Low
CMP_14061,The mouse attached to computer terminal 26 in the computer lab is malfunctioning.,Laboratory,Low
CMP_14062,The weight scale machine at the triage counter shows incorrect calibration metrics.,Medical,Low
CMP_14063,The air conditioning in the long-route university bus number B-01 is completely broken.,Transport,Medium
CMP_14064,Complete power blackout in the entire wing of Hostel 5 for over 6 hours.,Electricity,High
CMP_14065,"A large chunk of plaster fell from the ceiling in room 316, narrowly missing a student.",Hostel,Critical
CMP_14066,a critical cardiac emergency occurred at the sports arena and the emergency response was delayed.,Medical,Critical
CMP_14067,"The floodlights on the football ground are not turning on, stopping evening practice.",Sports,Medium
CMP_14068,The elevator in Boys Hostel Block A is jerking badly while moving between floors.,Hostel,Medium
CMP_14069,The digital thermometer at the campus clinic is out of battery and not replaced.,Medical,Medium
CMP_14070,lan connection port in room 147 is physically damaged and loose.,Internet,Medium
CMP_14071,"The floodlights on the football ground are not turning on, stopping evening practice.",Sports,Medium
CMP_14072,The fume hood in the organic chemistry lab has very weak suction and ventilation.,Laboratory,Medium
CMP_14073,The whiteboard markers provided to professors are mostly dried up and unreadable.,Academic,Low
CMP_14074,"The main water pipeline has burst, causing massive flooding in the basement of Girls Hostel Block D.",Plumbing,High
CMP_14075,The window latch in room 521 is loose and needs to be tightened.,Hostel,Low
CMP_14076,The study lamp socket on table 16 is not drawing any power.,Electricity,Low
CMP_14077,an armed intruder managed to scale the boundary wall and enter the girls' hostel campus.,Security,Critical
CMP_14078,The window latch in room 206 is rally loose and needs to be tightened.,Hostel,Low
CMP_14079,The main entry door lock for room 484 is completely broken and cannot be locked.,Hostel,High
CMP_14080,The page load time for the student portal is very high on the campus network.,Internet,Low
CMP_14081,The grades for the semester final exams haven't been updated even after 3 weeks of submission.,Academic,Medium
CMP_14082,the waiting time at the campus health center exceeded an hour for a routine checkup.,Medical,Low
CMP_14083,A bicycle locked near block Boys Hostel Block B was stolen during broad daylight.,Security,Medium
CMP_14084,"A large chunk of plaster fell from the ceiling in room 224, narrowly missing a student.",Hostel,Critical
CMP_14085,The main fiber optic line to the engineering department block was cut during construction work.,Internet,Critical
CMP_14086,The window latch in room 204 is loose and needs to be tightened.,Hostel,Low
CMP_14087,The plates and spoons provided in the dining hall are sticky and oily.,Mess,Low
CMP_14088,A professor is rally refusing to accept legitimate medical certificates for mandatory attendance criteria.,Academic,High
CMP_14089,Water drain in the common washroom is slow to clear.,Plumbing,Low
CMP_14090,The indoor gym equipment cable snapped while a student was lifting heavy weights.,Sports,High
CMP_14091,More than 15 students have reported severe stomach aches and vomiting after eating at the mess.,Mess,High
CMP_14092,"An emergency patient arrived, but the campus ambulance oxygen cylinder was found empty.",Medical,High
CMP_14093,The driver of route Shuttle-A was driving extremely recklessly and speeding over speed bumps.,Transport,High
CMP_14094,Severe water leakage from the ceiling in room 425 damaging personal belongings.,Hostel,High
CMP_14095,The main entry door lock for room 371 is completely broken and cannot be locked.,Hostel,High
CMP_14096,"A large chunk of plaster fell from the ceiling in room 136, narrowly missing a student.",Hostel,Critical
CMP_14097,The balcony railing on the ground floor of Hostel 9 is completely detached and hanging.,Hostel,Critical
CMP_14098,"The synthetic track surface near the curve has peeled off, posing a tripping hazard.",Sports,Medium
CMP_14099,The grip tape on the badminton racquets in the inventory is completely worn out.,Sports,Low
CMP_14100,Sparking and a burning plastic smell coming from the distribution board near room 295.,Electricity,Critical
CMP_14101,"The library structural pillars in the basement are showing deep cracks, causing panic.",Library,Critical
CMP_14102,Rainwater is leaking from the roof directly onto the rare manuscript and book archive section.,Library,High
CMP_14103,The CCTV camera covering the main entrance of Boys Hostel Block B is out of focus and blurred.,Security,Medium
CMP_14104,Essential primary medicines like paracetamol and antacids are out of stock at the pharmacy.,Medical,Medium
CMP_14105,The online portal failed to register the elective course preferences due to a script error.,Academic,Medium
CMP_14106,One of the external streetlights near the parking lot is flickering.,Security,Low
CMP_14107,The plates and spoons provided in the dining hall are sticky and oily.,Mess,Low
CMP_14108,Live naked electric wires are exposed in the hallway of the third floor near the water cooler.,Electricity,Critical
CMP_14109,A caterpillar and dead flies were found in the vegetable curry served during dinner.,Mess,High
CMP_14110,The CCTV camera covering the main entrance of PG Married Hostel is out of focus and blurred.,Security,Medium
CMP_14111,The barcode scanner at the return counter is failing to scan books quickly.,Library,Low
CMP_14112,The automated book search kiosk terminal is running extremely slowly.,Library,Low
CMP_14113,The plates and spoons provided in the dining hall are sticky and oily.,Mess,Low
CMP_14114,The window latch in room 495 is loose and needs to be tightened.,Hostel,Low
CMP_14115,One of the external streetlights near the parking lot is flickering.,Security,Low
CMP_14116,One of the three tube lights in room 451 has fused.,Electricity,Low
CMP_14117,LAN connection port in room 365 is physically damaged and loose.,Internet,Medium
CMP_14118,The main fiber optic line to the engineering department block was cut during construction work.,Internet,Critical
CMP_14119,The air conditioning in the long-route university bus number Shuttle-C is completely broken.,Transport,Medium
CMP_14120,The elevator in PG Married Hostel is jerking badly while moving between floors.,Hostel,Medium
CMP_14121,"An emergency patient arrived, but the campus ambulance oxygen cylinder was found empty.",Medical,High
CMP_14122,"An emergency patient arrived, but the campus ambulance oxygen cylinder was found empty.",Medical,High
CMP_14123,the barcode scanner at the return counter is failing to scan books quickly.,Library,Low
CMP_14124,A dangerous chemical spill of concentrated sulfuric acid occurred on bench 25.,Laboratory,Critical
CMP_14125,More than 15 students have reported severe stomach aches and vomiting after eating at the mess.,Mess,High
CMP_14126,Toxic chemical cleaning agent accidentally spilled into the major cooking vessel containing soup.,Mess,Critical
CMP_14127,"A heavy steel goalpost tip-over occurred, pinning a student player to the ground.",Sports,Critical
CMP_14128,An armed intruder managed to scale the boundary wall and enter the girls' hostel campus.,Security,Critical
CMP_14129,The main server rack hosting all student terminal virtual machines has crashed entirely.,Laboratory,High
CMP_14130,"The floodlights on the football ground are not turning on, stopping evening practice.",Sports,Medium
CMP_14131,the glass burettes in the chemistry lab have faint graduation marks that are hard to read.,Laboratory,Low
CMP_14132,The on-duty doctor was absent during the specified night shift hours at the clinic.,Medical,High
CMP_14133,The elevator in Hostel 9 is jerking badly while moving between floors.,Hostel,Medium
CMP_14134,The glass burettes in the chemistry lab have faint graduation marks that are hard to read.,Laboratory,Low
CMP_14135,Complete power blackout in the entire wing of Girls Hostel Block C for over 6 hours.,Electricity,High
CMP_14136,One of the three tube lights in room 599 has fused.,Electricity,Low
CMP_14137,The page load time for the student portal is very high on the campus network.,Internet,Low
CMP_14138,The barcode scanner at the return counter is failing to scan books quickly.,Library,Low
CMP_14139,"An emergency patient arrived, but the campus ambulance oxygen cylinder was found empty.",Medical,High
CMP_14140,"The air conditioning system in the reading room is turned off, making it suffocating.",Library,Medium
CMP_14141,The automated book search kiosk terminal is running extremely slowly.,Library,Low
CMP_14142,"The overhead water tank is overflowing heavily, leaking directly into the main electric generator room.",Plumbing,Critical
CMP_14143,"A heavy steel goalpost tip-over occurred, pinning a student player to the ground.",Sports,Critical
CMP_14144,The waiting time at the campus health center exceeded an hour for a routine checkup.,Medical,Low
CMP_14145,The main circuit breaker keeps tripping every time the air conditioner is turned on.,Electricity,High
CMP_14146,The online portal failed to register the elective course preferences due to a script error.,Academic,Medium
CMP_14147,A gas cylinder regulator valve in the chemical laboratory is rally jammed and leaking a distinct smell.,Laboratory,High
CMP_14148,Severe water leakage from the ceiling in room 139 damaging personal belongings.,Hostel,High
CMP_14149,the study lamp socket on table 20 is not drawing any power.,Electricity,Low
CMP_14150,Toxic chemical cleaning agent accidentally spilled into the major cooking vessel containing soup.,Mess,Critical
CMP_14151,"A large chunk of plaster fell from the ceiling in room 231, narrowly missing a student.",Hostel,Critical
CMP_14152,"The main water pipeline has burst, causing massive flooding in the basement of Boys Hostel Block A.",Plumbing,High
CMP_14153,Water drain in the common washroom is slow to clear.,Plumbing,Low
CMP_14154,A dangerous chemical spill of concentrated sulfuric acid occurred on bench 15.,Laboratory,Critical
CMP_14155,"The main water pipeline has burst, causing massive flooding in the basement of Hostel 9.",Plumbing,High
CMP_14156,"The synthetic track surface near the curve has peeled off, posing a tripping hazard.",Sports,Medium
CMP_14157,Complete power blackout in the entire wing of PG Married Hostel for over 6 hours.,Electricity,High
CMP_14158,"The corridor lights on the second floor are nt workin, making it pitch dark at night.",Electricity,Medium
CMP_14159,Live naked electric wires are exposed in the hallway of the ground floor near the water cooler.,Electricity,Critical
CMP_14160,The study lamp socket on table 10 is not drawing any power.,Electricity,Low
CMP_14161,A major collision involving the university transport bus occurred near the main city crossing.,Transport,Critical
CMP_14162,The glass burettes in the chemistry lab have faint graduation marks that are hard to read.,Laboratory,Low
CMP_14163,Firewalls are blocking access to critical academic research servers and repository sites entirely.,Internet,Critical
CMP_14164,A group of outsiders are picking fights and ragging students outside the main campus gate.,Security,High
CMP_14165,More than 15 students have reported severe stomach aches and vomiting after eating at the mess.,Mess,High
CMP_14166,Sewage backflow coming out of the floor drains in the ground floor bathrooms.,Plumbing,Critical
CMP_14167,an unidentified suspicious outsider entered the hostel premises without authorization or id check.,Security,High
CMP_14168,"The library structural pillars in the basement are showing deep cracks, causing panic.",Library,Critical
CMP_14169,"The swimming pool water is green, murky, and causing skin rashes due to lack of filtration.",Sports,High
CMP_14170,Water drain in the common washroom is slow to clear.,Plumbing,Low
CMP_14171,the air conditioning in the long-route university bus number b-04 is rally completely broken.,Transport,Medium
CMP_14172,A violent physical brawl broke out between two large student groups in the main corridor.,Security,Critical
CMP_14173,The grades for the semester final exams haven't been updated even after 3 weeks of submission.,Academic,Medium
CMP_14174,More than 15 students have reported severe stomach aches and vomiting after eating at the mess.,Mess,High
CMP_14175,The visitor logbook at the entrance gate is not being filled out properly by guards.,Security,Low
CMP_14176,The driver of route B-07 was driving extremely recklessly and speeding over speed bumps.,Transport,High
CMP_14177,"A large chunk of plaster fell from the ceiling in room 368, narrowly missing a student.",Hostel,Critical
CMP_14178,The brakes of campus bus number Shuttle-A failed completely while descending the hill road.,Transport,Critical
CMP_14179,The automated emergency fire suppression sprinklers in the main book stack area went off falsely.,Library,Critical
CMP_14180,LAN connection port in room 267 is physically damaged and loose.,Internet,Medium
CMP_14181,The online portal failed to register the elective course preferences due to a script error.,Academic,Medium
CMP_14182,Severe water leakage from the ceiling in room 287 damaging personal belongings.,Hostel,High
CMP_14183,"the quality of the lunch provided today was extremely poor, the rice was half-cooked.",Mess,Medium
CMP_14184,The waiting time at the campus health center exceeded an hour for a routine checkup.,Medical,Low
CMP_14185,The grades for the semester final exams haven't been updated even after 3 weeks of submission.,Academic,Medium
CMP_14186,The automated emergency fire suppression sprinklers in the main book stack area went off falsely.,Library,Critical
CMP_14187,The drinking water dispenser in the mess area has a strange muddy taste.,Mess,Medium
CMP_14188,The main server rack hosting all student terminal virtual machines has crashed entirely.,Laboratory,High
CMP_14189,The study lamp socket on table 22 is not drawing any power.,Electricity,Low
CMP_14190,the study lamp socket on table 17 is not drawing any power.,Electricity,Low
CMP_14191,The driver of route B-07 was driving extremely recklessly and speeding over speed bumps.,Transport,High
CMP_14192,The cooking staff are using severely expired ingredients and rotten meat in the kitchen.,Mess,Critical
CMP_14193,"The library structural pillars in the basement are showing deep cracks, causing panic.",Library,Critical
CMP_14194,One of the three tube lights in room 248 has fused.,Electricity,Low
CMP_14195,Several pages are torn or missing from the core reference book for course code ME-204.,Library,Medium
CMP_14196,"the morning campus bus is severely overcrowded, forcing students to stand on the footboard.",Transport,Medium
CMP_14197,The evening shuttle bus arrived 20 minutes later than the scheduled timetable.,Transport,Low
CMP_14198,Water drain in the common washroom is slow to clear.,Plumbing,Low
CMP_14199,"The air conditioning system in the reading room is turned off, making it suffocating.",Library,Medium
CMP_14200,"The corridor lights on the ground floor are not working, making it pitch dark at night.",Electricity,Medium
CMP_14201,"The swimming pool water is green, murky, and causing skin rashes due to lack of filtration.",Sports,High
CMP_14202,"The spectator stands collapsed during the annual track event, injuring several onlookers.",Sports,Critical
CMP_14203,A gas cylinder regulator valve in the chemical laboratory is jammed and leaking a distinct smell.,Laboratory,High
CMP_14204,The window latch in room 472 is loose and needs to be tightened.,Hostel,Low
CMP_14205,the grades for the semester final exams haven't been updated even after 3 weeks of submission.,Academic,Medium
CMP_14206,"The spectator stands collapsed during the annual track event, injuring several onlookers.",Sports,Critical
CMP_14207,The seat covers on campus bus number B-01 are torn and dirty.,Transport,Low
CMP_14208,The visitor logbook at the entrance gate is rally nt being filled out properly by guards.,Security,Low
CMP_14209,More than 15 students have reported severe stomach aches and vomiting after eating at the mess.,Mess,High
CMP_14210,The glass burettes in the chemistry lab have faint graduation marks that are hard to read.,Laboratory,Low
CMP_14211,The page load time for the student portal is very high on the campus network.,Internet,Low
CMP_14212,The visitor logbook at the entrance gate is not being filled out properly by guards.,Security,Low
CMP_14213,"The swimming pool water is green, murky, and causing skin rashes due to lack of filtration.",Sports,High
CMP_14214,The main circuit breaker keeps tripping every time the air conditioner is turned on.,Electricity,High
CMP_14215,Mass scale technical malpractice detected during the online proctored placement exams.,Academic,Critical
CMP_14216,The automated book search kiosk terminal is running extremely slowly.,Library,Low
CMP_14217,Mass scale technical malpractice detected during the online proctored placement exams.,Academic,Critical
CMP_14218,The whiteboard markers provided to professors are mostly dried up and unreadable.,Academic,Low
CMP_14219,The online portal failed to register the elective course preferences due to a script error.,Academic,Medium
CMP_14220,A caterpillar and dead flies were found in the vegetable curry served during dinner.,Mess,High
CMP_14221,The fume hood in the organic chemistry lab has very weak suction and ventilation.,Laboratory,Medium
CMP_14222,The automated book search kiosk terminal is running extremely slowly.,Library,Low
CMP_14223,"The quality of the lunch provided today was extremely poor, the rice was half-cooked.",Mess,Medium
CMP_14224,Oscilloscope number 10 in the electronics lab shows a distorted calibration line.,Laboratory,Medium
CMP_14225,the grades for the semester final exams haven't been updated even after 3 weeks of submission.,Academic,Medium
CMP_14226,"The morning campus bus is severely overcrowded, forcing students to stand on the footboard.",Transport,Medium
CMP_14227,The glass burettes in the chemistry lab have faint graduation marks that are hard to read.,Laboratory,Low
CMP_14228,Mass scale technical malpractice detected during the online proctored placement exams.,Academic,Critical
CMP_14229,The barcode scanner at the return counter is failing to scan books quickly.,Library,Low
CMP_14230,An entire batch's official physical final marksheets and degree registry files were destroyed.,Academic,Critical
CMP_14231,The driver of route Shuttle-A was driving extremely recklessly and speeding over speed bumps.,Transport,High
CMP_14232,The elevator in Hostel 9 is jerking badly while moving between floors.,Hostel,Medium
CMP_14233,The cooking staff are using severely expired ingredients and rotten meat in the kitchen.,Mess,Critical
CMP_14234,"the synthetic track surface near the curve has peeled off, posing a tripping hazard.",Sports,Medium
CMP_14235,the weight scale machine at the triage counter shows incorrect calibration metrics.,Medical,Low
CMP_14236,one of the external streetlights near the parking lot is flickering.,Security,Low
CMP_14237,The main server rack hosting all student terminal virtual machines has crashed entirely.,Laboratory,High
CMP_14238,More than 15 students have reported severe stomach aches and vomiting after eating at the mess.,Mess,High
CMP_14239,The washbasin tap in room 167 is dripping slowly continuously.,Plumbing,Low
CMP_14240,The exam paper leaked online an hour prior to the scheduled examination schedule.,Academic,High
CMP_14241,The fume hood in the organic chemistry lab has very weak suction and ventilation.,Laboratory,Medium
CMP_14242,An unidentified suspicious outsider entered the hostel premises without authorization or ID check.,Security,High
CMP_14243,Sparking and a burning plastic smell coming from the distribution board near room 479.,Electricity,Critical
CMP_14244,The study lamp socket on table 21 is not drawing any power.,Electricity,Low
CMP_14245,The air conditioning in the long-route university bus number B-07 is completely broken.,Transport,Medium
CMP_14246,The evening shuttle bus arrived 20 minutes later than the scheduled timetable.,Transport,Low
CMP_14247,the projector screen in classroom 138 is manually jammed and won't roll down smoothly.,Academic,Low
CMP_14248,A dangerous chemical spill of concentrated sulfuric acid occurred on bench 1.,Laboratory,Critical
CMP_14249,The grades for the semester final exams haven't been updated even after 3 weeks of submission.,Academic,Medium
CMP_14250,"The swimming pool water is green, murky, and causing skin rashes due to lack of filtration.",Sports,High
CMP_14251,The digital thermometer at the campus clinic is out of battery and not replaced.,Medical,Medium
CMP_14252,The nylon net on the basketball hoop is torn and needs replacement.,Sports,Low
CMP_14253,A group of outsiders are picking fights and ragging students outside the main campus gate.,Security,High
CMP_14254,The balcony railing on the ground floor of Hostel 5 is rally completely detached and hanging.,Hostel,Critical
CMP_14255,The cooking staff are using severely expired ingredients and rotten meat in the kitchen.,Mess,Critical
CMP_14256,a professor is refusing to accept legitimate medical certificates for mandatory attendance criteria.,Academic,High
CMP_14257,The visitor logbook at the entrance gate is not being filled out properly by guards.,Security,Low
CMP_14258,The breakfast was served cold today at the counter.,Mess,Low
CMP_14259,Frequent voltage fluctuations in PG Married Hostel are causing laptops to restart continuously.,Electricity,Medium
CMP_14260,Live naked electric wires are exposed in the hallway of the second floor near the water cooler.,Electricity,Critical
CMP_14261,The window latch in room 185 is loose and needs to be tightened.,Hostel,Low
CMP_14262,The plates and spoons provided in the dining hall are sticky and oily.,Mess,Low
CMP_14263,The biosafety cabinet ventilation failed while handling pathogenic bacterial samples.,Laboratory,Critical
CMP_14264,The indoor gym equipment cable snapped while a student was lifting heavy weights.,Sports,High
CMP_14265,The CCTV camera covering the main entrance of Boys Hostel Block B is out of focus and blurred.,Security,Medium
CMP_14266,The seat covers on campus bus number B-07 are torn and dirty.,Transport,Low
CMP_14267,Bedbugs found in the mattress provided in room 299 of Boys Hostel Block B.,Hostel,Medium
CMP_14268,"The synthetic track surface near the curve has peeled off, posing a tripping hazard.",Sports,Medium
CMP_14269,An armed intruder managed to scale the boundary wall and enter the girls' hostel campus.,Security,Critical
CMP_14270,Oscilloscope number 23 in the electronics lab shows a distorted calibration line.,Laboratory,Medium
CMP_14271,"The quality of the lunch provided today was extremely poor, the rice was half-cooked.",Mess,Medium
CMP_14272,A group of outsiders are picking fights and ragging students outside the main campus gate.,Security,High
CMP_14273,The ceiling fan in room 236 is making a slight clicking sound.,Hostel,Low
CMP_14274,A group of outsiders are picking fights and ragging students outside the main campus gate.,Security,High
CMP_14275,A major collision involving the university transport bus occurred near the main city crossing.,Transport,Critical
CMP_14276,The seat covers on campus bus number B-01 are torn and dirty.,Transport,Low
CMP_14277,"The swimming pool water is green, murky, and causing skin rashes due to lack of filtration.",Sports,High
CMP_14278,Firewalls are blocking access to critical academic research servers and repository sites entirely.,Internet,Critical
CMP_14279,The main circuit breaker keeps tripping every time the air conditioner is turned on.,Electricity,High
CMP_14280,The window latch in room 271 is loose and needs to be tightened.,Hostel,Low
CMP_14281,The grip tape on the badminton racquets in the inventory is completely worn out.,Sports,Low
CMP_14282,The page load time for the student portal is very high on the campus network.,Internet,Low
CMP_14283,The breakfast was served cold today at the counter.,Mess,Low
CMP_14284,"An emergency patient arrived, but the campus ambulance oxygen cylinder was found empty.",Medical,High
CMP_14285,The ceiling fan in room 396 is making a slight clicking sound.,Hostel,Low
CMP_14286,The weight scale machine at the triage counter shows incorrect calibration metrics.,Medical,Low
CMP_14287,Essential primary medicines like paracetamol and antacids are out of stock at the pharmacy.,Medical,Medium
CMP_14288,Sewage backflow coming out of the floor drains in the ground floor bathrooms.,Plumbing,Critical
CMP_14289,The main server rack hosting all student terminal virtual machines has crashed entirely.,Laboratory,High
CMP_14290,"The main water pipeline has burst, causing massive flooding in the basement of Boys Hostel Block A.",Plumbing,High
CMP_14291,The weight scale machine at the triage counter shows incorrect calibration metrics.,Medical,Low
CMP_14292,Complete power blackout in the entire wing of Girls Hostel Block C for over 6 hours.,Electricity,High
CMP_14293,A gas cylinder regulator valve in the chemical laboratory is jammed and leaking a distinct smell.,Laboratory,High
CMP_14294,The seat covers on campus bus number B-07 are torn and dirty.,Transport,Low
CMP_14295,Water drain in the common washroom is rally slow to clear.,Plumbing,Low
CMP_14296,an entire batch's official physical final marksheets and degree registry files were destroyed.,Academic,Critical
CMP_14297,The driver of route B-07 was driving extremely recklessly and speeding over speed bumps.,Transport,High
CMP_14298,Frequent voltage fluctuations in Hostel 9 are causing laptops to restart continuously.,Electricity,Medium
CMP_14299,A student is unconscious and unresponsive in room 353 following a sudden seizure.,Medical,Critical
CMP_14300,A violent physical brawl broke out between two large student groups in the main corridor.,Security,Critical
CMP_14301,Complete network outage across the entire Girls Hostel Block C block preventing project submissions.,Internet,High
CMP_14302,A gas cylinder regulator valve in the chemical laboratory is rally jammed and leaking a distinct smell.,Laboratory,High
CMP_14303,Oscilloscope number 37 in the electronics lab shows a distorted calibration line.,Laboratory,Medium
CMP_14304,Live naked electric wires are exposed in the hallway of the first floor near the water cooler.,Electricity,Critical
CMP_14305,the waiting time at the campus health center exceeded an hour for a routine checkup.,Medical,Low
CMP_14306,sparking and a burning plastic smell coming from the distribution board near room 104.,Electricity,Critical
CMP_14307,A professor is refusing to accept legitimate medical certificates for mandatory attendance criteria.,Academic,High
CMP_14308,Firewalls are blocking access to critical academic research servers and repository sites entirely.,Internet,Critical
CMP_14309,A critical cardiac emergency occurred at the sports arena and the emergency response was delayed.,Medical,Critical
CMP_14310,Sparking and a burning plastic smell coming from the distribution board near room 257.,Electricity,Critical
CMP_14311,Essential primary medicines like paracetamol and antacids are out of stock at the pharmacy.,Medical,Medium
CMP_14312,The balcony railing on the second floor of PG Married Hostel is completely detached and hanging.,Hostel,Critical
CMP_14313,rainwater is leaking from the roof directly onto the rare manuscript and book archive section.,Library,High
CMP_14314,The drinking water dispenser in the mess area has a strange muddy taste.,Mess,Medium
CMP_14315,The whiteboard markers provided to professors are mostly dried up and unreadable.,Academic,Low
CMP_14316,A bicycle locked near block Girls Hostel Block C was stolen during broad daylight.,Security,Medium
CMP_14317,a gas cylinder regulator valve in the chemical laboratory is jammed and leaking a distinct smell.,Laboratory,High
CMP_14318,"The air conditioning system in the reading room is turned off, making it suffocating.",Library,Medium
CMP_14319,Complete power blackout in the entire wing of Hostel 5 for over 6 hours.,Electricity,High
CMP_14320,Rainwater is leaking from the roof directly onto the rare manuscript and book archive section.,Library,High
CMP_14321,The nylon net on the basketball hoop is torn and needs replacement.,Sports,Low
CMP_14322,Mass scale technical malpractice detected during the online proctored placement exams.,Academic,Critical
CMP_14323,The barcode scanner at the return counter is failing to scan books quickly.,Library,Low
CMP_14324,The grades for the semester final exams haven't been updated even after 3 weeks of submission.,Academic,Medium
CMP_14325,"The authentication gateway server is down, preventing any student from logging into the internet.",Internet,High
CMP_14326,A professor is refusing to accept legitimate medical certificates for mandatory attendance criteria.,Academic,High
CMP_14327,Sewage backflow coming out of the floor drains in the ground floor bathrooms.,Plumbing,Critical
CMP_14328,Toxic chemical cleaning agent accidentally spilled into the major cooking vessel containing soup.,Mess,Critical
CMP_14329,The automated book search kiosk terminal is running extremely slowly.,Library,Low
CMP_14330,The ceiling fan in room 349 is making a slight clicking sound.,Hostel,Low
CMP_14331,A major collision involving the university transport bus occurred near the main city crossing.,Transport,Critical
CMP_14332,The exam paper leaked online an hour prior to the scheduled examination schedule.,Academic,High
CMP_14333,A caterpillar and dead flies were found in the vegetable curry served during dinner.,Mess,High
CMP_14334,"The quality of the lunch provided today was extremely poor, the rice was half-cooked.",Mess,Medium
CMP_14335,A major collision involving the university transport bus occurred near the main city crossing.,Transport,Critical
CMP_14336,The indoor gym equipment cable snapped while a student was lifting heavy weights.,Sports,High
CMP_14337,The online portal failed to register the elective course preferences due to a script error.,Academic,Medium
CMP_14338,Frequent voltage fluctuations in Hostel 9 are causing laptops to restart continuously.,Electricity,Medium
CMP_14339,Frequent voltage fluctuations in Boys Hostel Block A are causing laptops to restart continuously.,Electricity,Medium
CMP_14340,The indoor gym equipment cable snapped while a student was lifting heavy weights.,Sports,High
CMP_14341,The WiFi network speed in Boys Hostel Block A has dropped below 1 Mbps since yesterday.,Internet,Medium
CMP_14342,A group of outsiders are picking fights and ragging students outside the main campus gate.,Security,High
CMP_14343,Oscilloscope number 7 in the electronics lab shows a distorted calibration line.,Laboratory,Medium
CMP_14344,"An emergency patient arrived, but the campus ambulance oxygen cylinder was found empty.",Medical,High
CMP_14345,The biosafety cabinet ventilation failed while handling pathogenic bacterial samples.,Laboratory,Critical
CMP_14346,the nylon net on the basketball hoop is torn and needs replacement.,Sports,Low
CMP_14347,Complete network outage across the entire Hostel 5 block preventing project submissions.,Internet,High
CMP_14348,the cctv camera covering the main entrance of hostel 9 is rally out of focus and blurred.,Security,Medium
CMP_14349,A professor is refusing to accept legitimate medical certificates for mandatory attendance criteria.,Academic,High
CMP_14350,The washbasin tap in room 485 is dripping slowly continuously.,Plumbing,Low
CMP_14351,LAN connection port in room 404 is physically damaged and loose.,Internet,Medium
CMP_14352,"The morning campus bus is rally severely overcrowded, forcing students to stand on the footboard.",Transport,Medium
CMP_14353,The glass burettes in the chemistry lab have faint graduation marks that are hard to read.,Laboratory,Low
CMP_14354,An entire batch's official physical final marksheets and degree registry files were destroyed.,Academic,Critical
CMP_14355,The visitor logbook at the entrance gate is rally nt being filled out properly by guards.,Security,Low
CMP_14356,The mouse attached to computer terminal 31 in the computer lab is malfunctioning.,Laboratory,Low
CMP_14357,"a large chunk of plaster fell from the ceiling in room 471, narrowly missing a student.",Hostel,Critical
CMP_14358,The nylon net on the basketball hoop is torn and needs replacement.,Sports,Low
CMP_14359,The nylon net on the basketball hoop is rally torn and needs replacement.,Sports,Low
CMP_14360,The air conditioning in the long-route university bus number Shuttle-C is rally completely broken.,Transport,Medium
CMP_14361,A violent physical brawl broke out between two large student groups in the main corridor.,Security,Critical
CMP_14362,the nylon net on the basketball hoop is torn and needs replacement.,Sports,Low
CMP_14363,The nylon net on the basketball hoop is rally torn and needs replacement.,Sports,Low
CMP_14364,"The spectator stands collapsed during the annual track event, injuring several onlookers.",Sports,Critical
CMP_14365,The cooking staff are using severely expired ingredients and rotten meat in the kitchen.,Mess,Critical
CMP_14366,"The overhead water tank is rally overflowing heavily, leaking directly into the main electric generator room.",Plumbing,Critical
CMP_14367,A caterpillar and dead flies were found in the vegetable curry served during dinner.,Mess,High
CMP_14368,"The morning campus bus is severely overcrowded, forcing students to stand on the footboard.",Transport,Medium
CMP_14369,The ceiling fan in room 366 is making a slight clicking sound.,Hostel,Low
CMP_14370,A professor is refusing to accept legitimate medical certificates for mandatory attendance criteria.,Academic,High
CMP_14371,The seat covers on campus bus number B-12 are torn and dirty.,Transport,Low
CMP_14372,The washbasin tap in room 398 is dripping slowly continuously.,Plumbing,Low
CMP_14373,The automated emergency fire suppression sprinklers in the main book stack area went off falsely.,Library,Critical
CMP_14374,The evening shuttle bus arrived 20 minutes later than the scheduled timetable.,Transport,Low
CMP_14375,"A heavy steel goalpost tip-over occurred, pinning a student player to the ground.",Sports,Critical
CMP_14376,"The swimming pool water is green, murky, and causing skin rashes due to lack of filtration.",Sports,High
CMP_14377,"The synthetic track surface near the curve has peeled off, posing a tripping hazard.",Sports,Medium
CMP_14378,Several pages are torn or missing from the core reference book for course code MA-201.,Library,Medium
CMP_14379,The ceiling fan in room 495 is making a slight clicking sound.,Hostel,Low
CMP_14380,the seat covers on campus bus number shuttle-a are torn and dirty.,Transport,Low
CMP_14381,A student is rally unconscious and unresponsive in room 417 following a sudden seizure.,Medical,Critical
CMP_14382,The projector screen in classroom 559 is rally manually jammed and won't roll down smoothly.,Academic,Low
CMP_14383,Oscilloscope number 34 in the electronics lab shows a distorted calibration line.,Laboratory,Medium
CMP_14384,The digital thermometer at the campus clinic is out of battery and not replaced.,Medical,Medium
CMP_14385,the indoor gym equipment cable snapped while a student was lifting heavy weights.,Sports,High
CMP_14386,"The library structural pillars in the basement are showing deep cracks, causing panic.",Library,Critical
CMP_14387,Oscilloscope number 25 in the electronics lab shows a distorted calibration line.,Laboratory,Medium
CMP_14388,The whiteboard markers provided to professors are mostly dried up and unreadable.,Academic,Low
CMP_14389,The WiFi network speed in Boys Hostel Block A has dropped below 1 Mbps since yesterday.,Internet,Medium
CMP_14390,The mouse attached to computer terminal 28 in the computer lab is malfunctioning.,Laboratory,Low
CMP_14391,Bedbugs found in the mattress provided in room 246 of Girls Hostel Block C.,Hostel,Medium
CMP_14392,The study lamp socket on table 15 is not drawing any power.,Electricity,Low
CMP_14393,The elevator in Boys Hostel Block A is rally jerking badly while moving between floors.,Hostel,Medium
CMP_14394,Severe water leakage from the ceiling in room 395 damaging personal belongings.,Hostel,High
CMP_14395,The grades for the semester final exams haven't been updated even after 3 weeks of submission.,Academic,Medium
CMP_14396,The on-duty doctor was absent during the specified night shift hours at the clinic.,Medical,High
CMP_14397,Sparking and a burning plastic smell coming from the distribution board near room 557.,Electricity,Critical
CMP_14398,Water drain in the common washroom is slow to clear.,Plumbing,Low
CMP_14399,"The library structural pillars in the basement are showing deep cracks, causing panic.",Library,Critical
CMP_14400,A violent physical brawl broke out between two large student groups in the main corridor.,Security,Critical
CMP_14401,essential primary medicines like paracetamol and antacids are out of stock at the pharmacy.,Medical,Medium
CMP_14402,The driver of route B-12 was driving extremely recklessly and speeding over speed bumps.,Transport,High
CMP_14403,The ceiling fan in room 336 is making a slight clicking sound.,Hostel,Low
CMP_14404,Mass scale technical malpractice detected during the online proctored placement exams.,Academic,Critical
CMP_14405,"An emergency patient arrived, but the campus ambulance oxygen cylinder was found empty.",Medical,High
CMP_14406,The grip tape on the badminton racquets in the inventory is completely worn out.,Sports,Low
CMP_14407,Water drain in the common washroom is slow to clear.,Plumbing,Low
CMP_14408,Oscilloscope number 10 in the electronics lab shows a distorted calibration line.,Laboratory,Medium
CMP_14409,A critical cardiac emergency occurred at the sports arena and the emergency response was delayed.,Medical,Critical
CMP_14410,The digital library portal is completely inaccessible right before the mid-term examinations.,Library,High
CMP_14411,"The quality of the lunch provided today was extremely poor, the rice was half-cooked.",Mess,Medium
CMP_14412,"The air conditioning system in the reading room is turned off, making it suffocating.",Library,Medium
CMP_14413,the projector screen in classroom 407 is manually jammed and won't roll down smoothly.,Academic,Low
CMP_14414,The weight scale machine at the triage counter shows incorrect calibration metrics.,Medical,Low
CMP_14415,"The air conditioning system in the reading room is turned off, making it suffocating.",Library,Medium
CMP_14416,The drinking water dispenser in the mess area has a strange muddy taste.,Mess,Medium
CMP_14417,A gas cylinder regulator valve in the chemical laboratory is jammed and leaking a distinct smell.,Laboratory,High
CMP_14418,the automated emergency fire suppression sprinklers in the main book stack area went off falsely.,Library,Critical
CMP_14419,The main circuit breaker keeps tripping every time the air conditioner is turned on.,Electricity,High
CMP_14420,the cooking staff are using severely expired ingredients and rotten meat in the kitchen.,Mess,Critical
CMP_14421,The grip tape on the badminton racquets in the inventory is completely worn out.,Sports,Low
CMP_14422,Oscilloscope number 39 in the electronics lab shows a distorted calibration line.,Laboratory,Medium
CMP_14423,"The authentication gateway server is down, preventing any student from logging into the internet.",Internet,High
CMP_14424,The grip tape on the badminton racquets in the inventory is completely worn out.,Sports,Low
CMP_14425,"An emergency patient arrived, but the campus ambulance oxygen cylinder was found empty.",Medical,High
CMP_14426,The weight scale machine at the triage counter shows incorrect calibration metrics.,Medical,Low
CMP_14427,The driver of route Shuttle-C was driving extremely recklessly and speeding over speed bumps.,Transport,High
CMP_14428,"The library structural pillars in the basement are showing deep cracks, causing panic.",Library,Critical
CMP_14429,"An emergency patient arrived, but the campus ambulance oxygen cylinder was found empty.",Medical,High
CMP_14430,The college bus broke down in the middle of a deserted highway during an intercity trip.,Transport,High
CMP_14431,The breakfast was served cold today at the counter.,Mess,Low
CMP_14432,The nylon net on the basketball hoop is torn and needs replacement.,Sports,Low
CMP_14433,The online portal failed to register the elective course preferences due to a script error.,Academic,Medium
CMP_14434,The on-duty doctor was absent during the specified night shift hours at the clinic.,Medical,High
CMP_14435,The page load time for the student portal is very high on the campus network.,Internet,Low
CMP_14436,The WiFi network speed in Hostel 5 has dropped below 1 Mbps since yesterday.,Internet,Medium
CMP_14437,The mouse attached to computer terminal 36 in the computer lab is malfunctioning.,Laboratory,Low
CMP_14438,"The authentication gateway server is down, preventing any student from logging into the internet.",Internet,High
CMP_14439,The page load time for the student portal is very high on the campus network.,Internet,Low
CMP_14440,"The morning campus bus is severely overcrowded, forcing students to stand on the footboard.",Transport,Medium
CMP_14441,the main server rack hosting all student terminal virtual machines has crashed entirely.,Laboratory,High
CMP_14442,"The overhead water tank is overflowing heavily, leaking directly into the main electric generator room.",Plumbing,Critical
CMP_14443,The visitor logbook at the entrance gate is not being filled out properly by guards.,Security,Low
CMP_14444,The online portal failed to register the elective course preferences due to a script error.,Academic,Medium
CMP_14445,One of the three tube lights in room 509 has fused.,Electricity,Low
CMP_14446,"A heavy steel goalpost tip-over occurred, pinning a student player to the ground.",Sports,Critical
CMP_14447,A bicycle locked near block Boys Hostel Block A was stolen during broad daylight.,Security,Medium
CMP_14448,the driver of route b-04 was driving extremely recklessly and speeding over speed bumps.,Transport,High
CMP_14449,More than 15 students have reported severe stomach aches and vomiting after eating at the mess.,Mess,High
CMP_14450,The washbasin tap in room 403 is dripping slowly continuously.,Plumbing,Low
CMP_14451,One of the external streetlights near the parking lot is flickering.,Security,Low
CMP_14452,Water drain in the common washroom is slow to clear.,Plumbing,Low
CMP_14453,The main circuit breaker keeps tripping every time the air conditioner is turned on.,Electricity,High
CMP_14454,"The main water pipeline has burst, causing massive flooding in the basement of Girls Hostel Block C.",Plumbing,High
CMP_14455,the fume hood in the organic chemistry lab has very weak suction and ventilation.,Laboratory,Medium
CMP_14456,Several pages are torn or missing from the core reference book for course code ME-204.,Library,Medium
CMP_14457,"The quality of the lunch provided today was extremely poor, the rice was half-cooked.",Mess,Medium
CMP_14458,Sewage backflow coming out of the floor drains in the ground floor bathrooms.,Plumbing,Critical
CMP_14459,more than 15 students have reported severe stomach aches and vomiting after eating at the mess.,Mess,High
CMP_14460,A caterpillar and dead flies were found in the vegetable curry served during dinner.,Mess,High
CMP_14461,Oscilloscope number 38 in the electronics lab shows a distorted calibration line.,Laboratory,Medium
CMP_14462,An entire batch's official physical final marksheets and degree registry files were destroyed.,Academic,Critical
CMP_14463,Firewalls are blocking access to critical academic research servers and repository sites entirely.,Internet,Critical
CMP_14464,Sewage backflow coming out of the floor drains in the ground floor bathrooms.,Plumbing,Critical
CMP_14465,An armed intruder managed to scale the boundary wall and enter the girls' hostel campus.,Security,Critical
CMP_14466,"The authentication gateway server is down, preventing any student from logging into the internet.",Internet,High
CMP_14467,the visitor logbook at the entrance gate is not being filled out properly by guards.,Security,Low
CMP_14468,"The swimming pool water is green, murky, and causing skin rashes due to lack of filtration.",Sports,High
CMP_14469,Live naked electric wires are exposed in the hallway of the fourth floor near the water cooler.,Electricity,Critical
CMP_14470,Oscilloscope number 9 in the electronics lab shows a distorted calibration line.,Laboratory,Medium
CMP_14471,The elevator in Hostel 9 is jerking badly while moving between floors.,Hostel,Medium
CMP_14472,a group of outsiders are picking fights and ragging students outside the main campus gate.,Security,High
CMP_14473,Sparking and a burning plastic smell coming from the distribution board near room 341.,Electricity,Critical
CMP_14474,A bicycle locked near block Boys Hostel Block B was stolen during broad daylight.,Security,Medium
CMP_14475,The balcony railing on the ground floor of PG Married Hostel is completely detached and hanging.,Hostel,Critical
CMP_14476,WiFi keeps disconnecting every 30 minutes in the common room.,Internet,Low
CMP_14477,"The quality of the lunch provided today was extremely poor, the rice was half-cooked.",Mess,Medium
CMP_14478,One of the external streetlights near the parking lot is flickering.,Security,Low
CMP_14479,"A heavy steel goalpost tip-over occurred, pinning a student player to the ground.",Sports,Critical
CMP_14480,Essential primary medicines like paracetamol and antacids are out of stock at the pharmacy.,Medical,Medium
CMP_14481,A dangerous chemical spill of concentrated sulfuric acid occurred on bench 19.,Laboratory,Critical
CMP_14482,The ceiling fan in room 587 is rally making a slight clicking sound.,Hostel,Low
CMP_14483,The visitor logbook at the entrance gate is not being filled out properly by guards.,Security,Low
CMP_14484,The weight scale machine at the triage counter shows incorrect calibration metrics.,Medical,Low
CMP_14485,Water drain in the common washroom is slow to clear.,Plumbing,Low
CMP_14486,The driver of route B-04 was driving extremely recklessly and speeding over speed bumps.,Transport,High
CMP_14487,Toxic chemical cleaning agent accidentally spilled into the major cooking vessel containing soup.,Mess,Critical
CMP_14488,The digital library portal is completely inaccessible right before the mid-term examinations.,Library,High
CMP_14489,Frequent voltage fluctuations in Boys Hostel Block A are causing laptops to restart continuously.,Electricity,Medium
CMP_14490,The main server rack hosting all student terminal virtual machines has crashed entirely.,Laboratory,High
CMP_14491,The waiting time at the campus health center exceeded an hour for a routine checkup.,Medical,Low
CMP_14492,No hot water supply in the showers of Boys Hostel Block B during early morning hours.,Plumbing,Medium
CMP_14493,The evening shuttle bus arrived 20 minutes later than the scheduled timetable.,Transport,Low
CMP_14494,The automated emergency fire suppression sprinklers in the main book stack area went off falsely.,Library,Critical
CMP_14495,LAN connection port in room 572 is physically damaged and loose.,Internet,Medium
CMP_14496,"The corridor lights on the third floor are not working, making it pitch dark at night.",Electricity,Medium
CMP_14497,"A large chunk of plaster fell from the ceiling in room 224, narrowly missing a student.",Hostel,Critical
CMP_14498,One of the three tube lights in room 484 has fused.,Electricity,Low
CMP_14499,Toxic chemical cleaning agent accidentally spilled into the major cooking vessel containing soup.,Mess,Critical
CMP_14500,The visitor logbook at the entrance gate is not being filled out properly by guards.,Security,Low
CMP_14501,The main circuit breaker keeps tripping every time the air conditioner is turned on.,Electricity,High
CMP_14502,The main fiber optic line to the engineering department block was cut during construction work.,Internet,Critical
CMP_14503,Live naked electric wires are exposed in the hallway of the second floor near the water cooler.,Electricity,Critical
CMP_14504,The automated emergency fire suppression sprinklers in the main book stack area went off falsely.,Library,Critical
CMP_14505,Essential primary medicines like paracetamol and antacids are out of stock at the pharmacy.,Medical,Medium
CMP_14506,Water drain in the common washroom is slow to clear.,Plumbing,Low
CMP_14507,The seat covers on campus bus number Shuttle-A are torn and dirty.,Transport,Low
CMP_14508,A critical cardiac emergency occurred at the sports arena and the emergency response was delayed.,Medical,Critical
CMP_14509,A group of outsiders are picking fights and ragging students outside the main campus gate.,Security,High
CMP_14510,One of the external streetlights near the parking lot is flickering.,Security,Low
CMP_14511,The college bus broke down in the middle of a deserted highway during an intercity trip.,Transport,High
CMP_14512,an unidentified suspicious outsider entered the hostel premises without authorization or id check.,Security,High
CMP_14513,The waiting time at the campus health center exceeded an hour for a routine checkup.,Medical,Low
CMP_14514,The breakfast was served cold today at the counter.,Mess,Low
CMP_14515,A student is rally unconscious and unresponsive in room 351 following a sudden seizure.,Medical,Critical
CMP_14516,The drinking water dispenser in the mess area has a strange muddy taste.,Mess,Medium
CMP_14517,the main fiber optic line to the engineering department block was cut during construction work.,Internet,Critical
CMP_14518,the digital library portal is completely inaccessible right before the mid-term examinations.,Library,High
CMP_14519,A gas cylinder regulator valve in the chemical laboratory is jammed and leaking a distinct smell.,Laboratory,High
CMP_14520,"The corridor lights on the ground floor are not working, making it pitch dark at night.",Electricity,Medium
CMP_14521,One of the external streetlights near the parking lot is rally flickering.,Security,Low
CMP_14522,The waiting time at the campus health center exceeded an hour for a routine checkup.,Medical,Low
CMP_14523,The main fiber optic line to the engineering department block was cut during construction work.,Internet,Critical
CMP_14524,The nylon net on the basketball hoop is torn and needs replacement.,Sports,Low
CMP_14525,Frequent voltage fluctuations in Girls Hostel Block C are causing laptops to restart continuously.,Electricity,Medium
CMP_14526,The breakfast was served cold today at the counter.,Mess,Low
CMP_14527,A major collision involving the university transport bus occurred near the main city crossing.,Transport,Critical
CMP_14528,The main entry door lock for room 192 is completely broken and cannot be locked.,Hostel,High
CMP_14529,Sewage backflow coming out of the floor drains in the ground floor bathrooms.,Plumbing,Critical
CMP_14530,The evening shuttle bus arrived 20 minutes later than the scheduled timetable.,Transport,Low
CMP_14531,The ceiling fan in room 562 is making a slight clicking sound.,Hostel,Low
CMP_14532,The balcony railing on the first floor of PG Married Hostel is completely detached and hanging.,Hostel,Critical
CMP_14533,Oscilloscope number 40 in the electronics lab shows a distorted calibration line.,Laboratory,Medium
CMP_14534,A professor is refusing to accept legitimate medical certificates for mandatory attendance criteria.,Academic,High
CMP_14535,The window latch in room 325 is loose and needs to be tightened.,Hostel,Low
CMP_14536,The grip tape on the badminton racquets in the inventory is completely worn out.,Sports,Low
CMP_14537,An unidentified suspicious outsider entered the hostel premises without authorization or ID check.,Security,High
CMP_14538,"A heavy steel goalpost tip-over occurred, pinning a student player to the ground.",Sports,Critical
CMP_14539,An unidentified suspicious outsider entered the hostel premises without authorization or ID check.,Security,High
CMP_14540,"The spectator stands collapsed during the annual track event, injuring several onlookers.",Sports,Critical
CMP_14541,one of the three tube lights in room 142 has fused.,Electricity,Low
CMP_14542,The breakfast was served cold today at the counter.,Mess,Low
CMP_14543,The breakfast was served cold today at the counter.,Mess,Low
CMP_14544,The whiteboard markers provided to professors are mostly dried up and unreadable.,Academic,Low
CMP_14545,The grades for the semester final exams haven't been updated even after 3 weeks of submission.,Academic,Medium
CMP_14546,The grades for the semester final exams haven't been updated even after 3 weeks of submission.,Academic,Medium
CMP_14547,"The air conditioning system in the reading room is turned off, making it suffocating.",Library,Medium
CMP_14548,The mouse attached to computer terminal 21 in the computer lab is malfunctioning.,Laboratory,Low
CMP_14549,The exam paper leaked online an hour prior to the scheduled examination schedule.,Academic,High
CMP_14550,Frequent voltage fluctuations in Hostel 9 are causing laptops to restart continuously.,Electricity,Medium
CMP_14551,An entire batch's official physical final marksheets and degree registry files were destroyed.,Academic,Critical
CMP_14552,lan connection port in room 456 is physically damaged and loose.,Internet,Medium
CMP_14553,Frequent voltage fluctuations in Girls Hostel Block C are causing laptops to restart continuously.,Electricity,Medium
CMP_14554,The mouse attached to computer terminal 34 in the computer lab is malfunctioning.,Laboratory,Low
CMP_14555,Complete network outage across the entire Boys Hostel Block A block preventing project submissions.,Internet,High
CMP_14556,The plates and spoons provided in the dining hall are sticky and oily.,Mess,Low
CMP_14557,A student is unconscious and unresponsive in room 135 following a sudden seizure.,Medical,Critical
CMP_14558,The elevator in PG Married Hostel is jerking badly while moving between floors.,Hostel,Medium
CMP_14559,The college bus broke down in the middle of a deserted highway during an intercity trip.,Transport,High
CMP_14560,The exam paper leaked online an hour prior to the scheduled examination schedule.,Academic,High
CMP_14561,"The spectator stands collapsed during the annual track event, injuring several onlookers.",Sports,Critical
CMP_14562,The weight scale machine at the triage counter shows incorrect calibration metrics.,Medical,Low
CMP_14563,A dangerous chemical spill of concentrated sulfuric acid occurred on bench 12.,Laboratory,Critical
CMP_14564,Complete lack of running water in the entire hostel building since morning.,Plumbing,High
CMP_14565,An entire batch's official physical final marksheets and degree registry files were destroyed.,Academic,Critical
CMP_14566,"The library structural pillars in the basement are showing deep cracks, causing panic.",Library,Critical
CMP_14567,"The morning campus bus is severely overcrowded, forcing students to stand on the footboard.",Transport,Medium
CMP_14568,the seat covers on campus bus number b-07 are torn and dirty.,Transport,Low
CMP_14569,The barcode scanner at the return counter is failing to scan books quickly.,Library,Low
CMP_14570,The whiteboard markers provided to professors are mostly dried up and unreadable.,Academic,Low
CMP_14571,The automated book search kiosk terminal is running extremely slowly.,Library,Low
CMP_14572,Complete network outage across the entire Hostel 9 block preventing project submissions.,Internet,High
CMP_14573,A group of outsiders are picking fights and ragging students outside the main campus gate.,Security,High
CMP_14574,The projector screen in classroom 122 is manually jammed and won't roll down smoothly.,Academic,Low
CMP_14575,The page load time for the student portal is very high on the campus network.,Internet,Low
CMP_14576,"The air conditioning system in the reading room is turned off, making it suffocating.",Library,Medium
CMP_14577,The elevator in PG Married Hostel is jerking badly while moving between floors.,Hostel,Medium
CMP_14578,"A large chunk of plaster fell from the ceiling in room 329, narrowly missing a student.",Hostel,Critical
CMP_14579,the glass burettes in the chemistry lab have faint graduation marks that are hard to read.,Laboratory,Low
CMP_14580,Rainwater is rally leaking from the roof directly onto the rare manuscript and book archive section.,Library,High
CMP_14581,"The floodlights on the football ground are not turning on, stopping evening practice.",Sports,Medium
CMP_14582,"A large chunk of plaster fell from the ceiling in room 186, narrowly missing a student.",Hostel,Critical
CMP_14583,The fume hood in the organic chemistry lab has very weak suction and ventilation.,Laboratory,Medium
CMP_14584,The indoor gym equipment cable snapped while a student was lifting heavy weights.,Sports,High
CMP_14585,Several pages are torn or missing from the core reference book for course code PH-102.,Library,Medium
CMP_14586,A critical cardiac emergency occurred at the sports arena and the emergency response was delayed.,Medical,Critical
CMP_14587,The window latch in room 476 is loose and needs to be tightened.,Hostel,Low
CMP_14588,The window latch in room 199 is rally loose and needs to be tightened.,Hostel,Low
CMP_14589,Bedbugs found in the mattress provided in room 101 of Girls Hostel Block C.,Hostel,Medium
CMP_14590,The page load time for the student portal is very high on the campus network.,Internet,Low
CMP_14591,Water drain in the common washroom is slow to clear.,Plumbing,Low
CMP_14592,WiFi keeps disconnecting every 30 minutes in the common room.,Internet,Low
CMP_14593,"The air conditioning system in the reading room is turned off, making it suffocating.",Library,Medium
CMP_14594,"The air conditioning system in the reading room is turned off, making it suffocating.",Library,Medium
CMP_14595,the balcony railing on the fourth floor of boys hostel block b is completely detached and hanging.,Hostel,Critical
CMP_14596,The plates and spoons provided in the dining hall are sticky and oily.,Mess,Low
CMP_14597,The page load time for the student portal is very high on the campus network.,Internet,Low
CMP_14598,Essential primary medicines like paracetamol and antacids are out of stock at the pharmacy.,Medical,Medium
CMP_14599,the fume hood in the organic chemistry lab has very weak suction and ventilation.,Laboratory,Medium
CMP_14600,"the overhead water tank is overflowing heavily, leaking directly into the main electric generator room.",Plumbing,Critical
CMP_14601,the main server rack hosting all student terminal virtual machines has crashed entirely.,Laboratory,High
CMP_14602,The cooking staff are using severely expired ingredients and rotten meat in the kitchen.,Mess,Critical
CMP_14603,The grades for the semester final exams haven't been updated even after 3 weeks of submission.,Academic,Medium
CMP_14604,More than 15 students have reported severe stomach aches and vomiting after eating at the mess.,Mess,High
CMP_14605,The online portal failed to register the elective course preferences due to a script error.,Academic,Medium
CMP_14606,The driver of route B-12 was driving extremely recklessly and speeding over speed bumps.,Transport,High
CMP_14607,"the main water pipeline has burst, causing massive flooding in the basement of hostel 9.",Plumbing,High
CMP_14608,the biosafety cabinet ventilation failed while handling pathogenic bacterial samples.,Laboratory,Critical
CMP_14609,Frequent voltage fluctuations in Girls Hostel Block D are causing laptops to restart continuously.,Electricity,Medium
CMP_14610,"The floodlights on the football ground are not turning on, stopping evening practice.",Sports,Medium
CMP_14611,Water drain in the common washroom is slow to clear.,Plumbing,Low
CMP_14612,The WiFi network speed in Boys Hostel Block A has dropped below 1 Mbps since yesterday.,Internet,Medium
CMP_14613,"The library structural pillars in the basement are showing deep cracks, causing panic.",Library,Critical
CMP_14614,A violent physical brawl broke out between two large student groups in the main corridor.,Security,Critical
CMP_14615,A student is unconscious and unresponsive in room 489 following a sudden seizure.,Medical,Critical
CMP_14616,"A large chunk of plaster fell from the ceiling in room 193, narrowly missing a student.",Hostel,Critical
CMP_14617,Sewage backflow coming out of the floor drains in the ground floor bathrooms.,Plumbing,Critical
CMP_14618,Essential primary medicines like paracetamol and antacids are out of stock at the pharmacy.,Medical,Medium
CMP_14619,Sewage backflow coming out of the floor drains in the ground floor bathrooms.,Plumbing,Critical
CMP_14620,Firewalls are blocking access to critical academic research servers and repository sites entirely.,Internet,Critical
CMP_14621,A critical cardiac emergency occurred at the sports arena and the emergency response was delayed.,Medical,Critical
CMP_14622,The visitor logbook at the entrance gate is not being filled out properly by guards.,Security,Low
CMP_14623,WiFi keeps disconnecting every 30 minutes in the common room.,Internet,Low
CMP_14624,Essential primary medicines like paracetamol and antacids are out of stock at the pharmacy.,Medical,Medium
CMP_14625,The washbasin tap in room 589 is dripping slowly continuously.,Plumbing,Low
CMP_14626,The washbasin tap in room 107 is dripping slowly continuously.,Plumbing,Low
CMP_14627,The mouse attached to computer terminal 31 in the computer lab is malfunctioning.,Laboratory,Low
CMP_14628,The driver of route B-07 was driving extremely recklessly and speeding over speed bumps.,Transport,High
CMP_14629,The visitor logbook at the entrance gate is not being filled out properly by guards.,Security,Low
CMP_14630,A major collision involving the university transport bus occurred near the main city crossing.,Transport,Critical
CMP_14631,A professor is refusing to accept legitimate medical certificates for mandatory attendance criteria.,Academic,High
CMP_14632,The glass burettes in the chemistry lab have faint graduation marks that are hard to read.,Laboratory,Low
CMP_14633,Essential primary medicines like paracetamol and antacids are out of stock at the pharmacy.,Medical,Medium
CMP_14634,The grip tape on the badminton racquets in the inventory is rally completely worn out.,Sports,Low
CMP_14635,The CCTV camera covering the main entrance of Girls Hostel Block C is out of focus and blurred.,Security,Medium
CMP_14636,The mouse attached to computer terminal 32 in the computer lab is rally malfunctioning.,Laboratory,Low
CMP_14637,Water drain in the common washroom is slow to clear.,Plumbing,Low
CMP_14638,The page load time for the student portal is very high on the campus network.,Internet,Low
CMP_14639,The mouse attached to computer terminal 14 in the computer lab is malfunctioning.,Laboratory,Low
CMP_14640,"The spectator stands collapsed during the annual track event, injuring several onlookers.",Sports,Critical
CMP_14641,The driver of route Shuttle-C was driving extremely recklessly and speeding over speed bumps.,Transport,High
CMP_14642,"The overhead water tank is overflowing heavily, leaking directly into the main electric generator room.",Plumbing,Critical
CMP_14643,The elevator in Boys Hostel Block A is rally jerking badly while moving between floors.,Hostel,Medium
CMP_14644,Essential primary medicines like paracetamol and antacids are out of stock at the pharmacy.,Medical,Medium
CMP_14645,"A heavy steel goalpost tip-over occurred, pinning a student player to the ground.",Sports,Critical
CMP_14646,Toxic chemical cleaning agent accidentally spilled into the major cooking vessel containing soup.,Mess,Critical
CMP_14647,Water drain in the common washroom is slow to clear.,Plumbing,Low
CMP_14648,Water drain in the common washroom is slow to clear.,Plumbing,Low
CMP_14649,A group of outsiders are picking fights and ragging students outside the main campus gate.,Security,High
CMP_14650,"The air conditioning system in the reading room is rally turned off, making it suffocating.",Library,Medium
CMP_14651,The automated emergency fire suppression sprinklers in the main book stack area went off falsely.,Library,Critical
CMP_14652,a violent physical brawl broke out between two large student groups in the main corridor.,Security,Critical
CMP_14653,An unidentified suspicious outsider entered the hostel premises without authorization or ID check.,Security,High
CMP_14654,Severe water leakage from the ceiling in room 246 damaging personal belongings.,Hostel,High
CMP_14655,The plates and spoons provided in the dining hall are sticky and oily.,Mess,Low
CMP_14656,The fume hood in the organic chemistry lab has very weak suction and ventilation.,Laboratory,Medium
CMP_14657,Sewage backflow coming out of the floor drains in the ground floor bathrooms.,Plumbing,Critical
CMP_14658,Several pages are torn or missing from the core reference book for course code CS-101.,Library,Medium
CMP_14659,The main server rack hosting all student terminal virtual machines has crashed entirely.,Laboratory,High
CMP_14660,The exam paper leaked online an hour prior to the scheduled examination schedule.,Academic,High
CMP_14661,The study lamp socket on table 35 is not drawing any power.,Electricity,Low
CMP_14662,"The spectator stands collapsed during the annual track event, injuring several onlookers.",Sports,Critical
CMP_14663,More than 15 students have reported severe stomach aches and vomiting after eating at the mess.,Mess,High
CMP_14664,The air conditioning in the long-route university bus number B-01 is rally completely broken.,Transport,Medium
CMP_14665,"The synthetic track surface near the curve has peeled off, posing a tripping hazard.",Sports,Medium
CMP_14666,The digital library portal is completely inaccessible right before the mid-term examinations.,Library,High
CMP_14667,The ceiling fan in room 537 is making a slight clicking sound.,Hostel,Low
CMP_14668,The grip tape on the badminton racquets in the inventory is rally completely worn out.,Sports,Low
CMP_14669,the weight scale machine at the triage counter shows incorrect calibration metrics.,Medical,Low
CMP_14670,The digital thermometer at the campus clinic is out of battery and not replaced.,Medical,Medium
CMP_14671,The ceiling fan in room 233 is making a slight clicking sound.,Hostel,Low
CMP_14672,A caterpillar and dead flies were found in the vegetable curry served during dinner.,Mess,High
CMP_14673,The study lamp socket on table 24 is rally nt drawing any power.,Electricity,Low
CMP_14674,"The spectator stands collapsed during the annual track event, injuring several onlookers.",Sports,Critical
CMP_14675,The plates and spoons provided in the dining hall are sticky and oily.,Mess,Low
CMP_14676,The window latch in room 508 is loose and needs to be tightened.,Hostel,Low
CMP_14677,Mass scale technical malpractice detected during the online proctored placement exams.,Academic,Critical
CMP_14678,"The quality of the lunch provided today was extremely poor, the rice was half-cooked.",Mess,Medium
CMP_14679,The waiting time at the campus health center exceeded an hour for a routine checkup.,Medical,Low
CMP_14680,The waiting time at the campus health center exceeded an hour for a routine checkup.,Medical,Low
CMP_14681,"the quality of the lunch provided today was extremely poor, the rice was half-cooked.",Mess,Medium
CMP_14682,The WiFi network speed in PG Married Hostel has dropped below 1 Mbps since yesterday.,Internet,Medium
CMP_14683,The plates and spoons provided in the dining hall are sticky and oily.,Mess,Low
CMP_14684,Complete lack of running water in the entire hostel building since morning.,Plumbing,High
CMP_14685,the plates and spoons provided in the dining hall are sticky and oily.,Mess,Low
CMP_14686,Complete power blackout in the entire wing of Hostel 9 for over 6 hours.,Electricity,High
CMP_14687,Bedbugs found in the mattress provided in room 492 of Boys Hostel Block A.,Hostel,Medium
CMP_14688,The exam paper leaked online an hour prior to the scheduled examination schedule.,Academic,High
CMP_14689,"A large chunk of plaster fell from the ceiling in room 359, narrowly missing a student.",Hostel,Critical
CMP_14690,The college bus broke down in the middle of a deserted highway during an intercity trip.,Transport,High
CMP_14691,The visitor logbook at the entrance gate is not being filled out properly by guards.,Security,Low
CMP_14692,Water drain in the common washroom is slow to clear.,Plumbing,Low
CMP_14693,a dangerous chemical spill of concentrated sulfuric acid occurred on bench 25.,Laboratory,Critical
CMP_14694,the exam paper leaked online an hour prior to the scheduled examination schedule.,Academic,High
CMP_14695,The mouse attached to computer terminal 16 in the computer lab is malfunctioning.,Laboratory,Low
CMP_14696,The CCTV camera covering the main entrance of Girls Hostel Block D is rally out of focus and blurred.,Security,Medium
CMP_14697,"a large chunk of plaster fell from the ceiling in room 139, narrowly missing a student.",Hostel,Critical
CMP_14698,A gas cylinder regulator valve in the chemical laboratory is jammed and leaking a distinct smell.,Laboratory,High
CMP_14699,The air conditioning in the long-route university bus number B-07 is completely broken.,Transport,Medium
CMP_14700,A violent physical brawl broke out between two large student groups in the main corridor.,Security,Critical
CMP_14701,the waiting time at the campus health center exceeded an hour for a routine checkup.,Medical,Low
CMP_14702,"An emergency patient arrived, but the campus ambulance oxygen cylinder was found empty.",Medical,High
CMP_14703,The digital library portal is completely inaccessible right before the mid-term examinations.,Library,High
CMP_14704,A group of outsiders are picking fights and ragging students outside the main campus gate.,Security,High
CMP_14705,The barcode scanner at the return counter is failing to scan books quickly.,Library,Low
CMP_14706,Sparking and a burning plastic smell coming from the distribution board near room 491.,Electricity,Critical
CMP_14707,Sparking and a burning plastic smell coming from the distribution board near room 131.,Electricity,Critical
CMP_14708,The visitor logbook at the entrance gate is rally nt being filled out properly by guards.,Security,Low
CMP_14709,A major collision involving the university transport bus occurred near the main city crossing.,Transport,Critical
CMP_14710,The air conditioning in the long-route university bus number Shuttle-A is completely broken.,Transport,Medium
CMP_14711,"The air conditioning system in the reading room is turned off, making it suffocating.",Library,Medium
CMP_14712,Firewalls are blocking access to critical academic research servers and repository sites entirely.,Internet,Critical
CMP_14713,A bicycle locked near block PG Married Hostel was stolen during broad daylight.,Security,Medium
CMP_14714,Oscilloscope number 15 in the electronics lab shows a distorted calibration line.,Laboratory,Medium
CMP_14715,the seat covers on campus bus number shuttle-a are torn and dirty.,Transport,Low
CMP_14716,oscilloscope number 16 in the electronics lab shows a distorted calibration line.,Laboratory,Medium
CMP_14717,The WiFi network speed in PG Married Hostel has dropped below 1 Mbps since yesterday.,Internet,Medium
CMP_14718,Firewalls are blocking access to critical academic research servers and repository sites entirely.,Internet,Critical
CMP_14719,The projector screen in classroom 423 is manually jammed and won't roll down smoothly.,Academic,Low
CMP_14720,The air conditioning in the long-route university bus number B-01 is rally completely broken.,Transport,Medium
CMP_14721,The glass burettes in the chemistry lab have faint graduation marks that are hard to read.,Laboratory,Low
CMP_14722,The online portal failed to register the elective course preferences due to a script error.,Academic,Medium
CMP_14723,"A large chunk of plaster fell from the ceiling in room 592, narrowly missing a student.",Hostel,Critical
CMP_14724,Firewalls are blocking access to critical academic research servers and repository sites entirely.,Internet,Critical
CMP_14725,A bicycle locked near block Girls Hostel Block D was stolen during broad daylight.,Security,Medium
CMP_14726,no hot water supply in the showers of boys hostel block a during early morning hours.,Plumbing,Medium
CMP_14727,Water drain in the common washroom is slow to clear.,Plumbing,Low
CMP_14728,"The morning campus bus is severely overcrowded, forcing students to stand on the footboard.",Transport,Medium
CMP_14729,The waiting time at the campus health center exceeded an hour for a routine checkup.,Medical,Low
CMP_14730,The online portal failed to register the elective course preferences due to a script error.,Academic,Medium
CMP_14731,Water drain in the common washroom is slow to clear.,Plumbing,Low
CMP_14732,The digital library portal is completely inaccessible right before the mid-term examinations.,Library,High
CMP_14733,Toxic chemical cleaning agent accidentally spilled into the major cooking vessel containing soup.,Mess,Critical
CMP_14734,One of the three tube lights in room 191 has fused.,Electricity,Low
CMP_14735,"An emergency patient arrived, but the campus ambulance oxygen cylinder was found empty.",Medical,High
CMP_14736,An entire batch's official physical final marksheets and degree registry files were destroyed.,Academic,Critical
CMP_14737,the automated emergency fire suppression sprinklers in the main book stack area went off falsely.,Library,Critical
CMP_14738,A professor is refusing to accept legitimate medical certificates for mandatory attendance criteria.,Academic,High
CMP_14739,The ceiling fan in room 435 is making a slight clicking sound.,Hostel,Low
CMP_14740,The college bus broke down in the middle of a deserted highway during an intercity trip.,Transport,High
CMP_14741,The nylon net on the basketball hoop is torn and needs replacement.,Sports,Low
CMP_14742,The digital thermometer at the campus clinic is out of battery and not replaced.,Medical,Medium
CMP_14743,Frequent voltage fluctuations in PG Married Hostel are causing laptops to restart continuously.,Electricity,Medium
CMP_14744,"The authentication gateway server is down, preventing any student from logging into the internet.",Internet,High
CMP_14745,The main fiber optic line to the engineering department block was cut during construction work.,Internet,Critical
CMP_14746,The main entry door lock for room 408 is completely broken and cannot be locked.,Hostel,High
CMP_14747,The college bus broke down in the middle of a deserted highway during an intercity trip.,Transport,High
CMP_14748,The air conditioning in the long-route university bus number Shuttle-C is completely broken.,Transport,Medium
CMP_14749,The air conditioning in the long-route university bus number B-04 is rally completely broken.,Transport,Medium
CMP_14750,LAN connection port in room 364 is physically damaged and loose.,Internet,Medium
CMP_14751,the air conditioning in the long-route university bus number b-04 is completely broken.,Transport,Medium
CMP_14752,The digital thermometer at the campus clinic is out of battery and not replaced.,Medical,Medium
CMP_14753,The weight scale machine at the triage counter shows incorrect calibration metrics.,Medical,Low
CMP_14754,A dangerous chemical spill of concentrated sulfuric acid occurred on bench 1.,Laboratory,Critical
CMP_14755,Toxic chemical cleaning agent accidentally spilled into the major cooking vessel containing soup.,Mess,Critical
CMP_14756,The digital thermometer at the campus clinic is rally out of battery and nt replaced.,Medical,Medium
CMP_14757,The ceiling fan in room 111 is making a slight clicking sound.,Hostel,Low
CMP_14758,An armed intruder managed to scale the boundary wall and enter the girls' hostel campus.,Security,Critical
CMP_14759,Toxic chemical cleaning agent accidentally spilled into the major cooking vessel containing soup.,Mess,Critical
CMP_14760,"An emergency patient arrived, but the campus ambulance oxygen cylinder was found empty.",Medical,High
CMP_14761,A violent physical brawl broke out between two large student groups in the main corridor.,Security,Critical
CMP_14762,The seat covers on campus bus number B-04 are torn and dirty.,Transport,Low
CMP_14763,The WiFi network speed in Girls Hostel Block D has dropped below 1 Mbps since yesterday.,Internet,Medium
CMP_14764,Mass scale technical malpractice detected during the online proctored placement exams.,Academic,Critical
CMP_14765,"The air conditioning system in the reading room is turned off, making it suffocating.",Library,Medium
CMP_14766,The CCTV camera covering the main entrance of Girls Hostel Block C is out of focus and blurred.,Security,Medium
CMP_14767,"The swimming pool water is rally green, murky, and causing skin rashes due to lack of filtration.",Sports,High
CMP_14768,"The morning campus bus is severely overcrowded, forcing students to stand on the footboard.",Transport,Medium
CMP_14769,An entire batch's official physical final marksheets and degree registry files were destroyed.,Academic,Critical
CMP_14770,The evening shuttle bus arrived 20 minutes later than the scheduled timetable.,Transport,Low
CMP_14771,Oscilloscope number 18 in the electronics lab shows a distorted calibration line.,Laboratory,Medium
CMP_14772,"A heavy steel goalpost tip-over occurred, pinning a student player to the ground.",Sports,Critical
CMP_14773,Complete lack of running water in the entire hostel building since morning.,Plumbing,High
CMP_14774,Frequent voltage fluctuations in Girls Hostel Block C are causing laptops to restart continuously.,Electricity,Medium
CMP_14775,The plates and spoons provided in the dining hall are sticky and oily.,Mess,Low
CMP_14776,The biosafety cabinet ventilation failed while handling pathogenic bacterial samples.,Laboratory,Critical
CMP_14777,The driver of route B-01 was driving extremely recklessly and speeding over speed bumps.,Transport,High
CMP_14778,A student is unconscious and unresponsive in room 201 following a sudden seizure.,Medical,Critical
CMP_14779,WiFi keeps disconnecting every 30 minutes in the common room.,Internet,Low
CMP_14780,The WiFi network speed in Boys Hostel Block B has dropped below 1 Mbps since yesterday.,Internet,Medium
CMP_14781,An unidentified suspicious outsider entered the hostel premises without authorization or ID check.,Security,High
CMP_14782,Water drain in the common washroom is slow to clear.,Plumbing,Low
CMP_14783,mass scale technical malpractice detected during the online proctored placement exams.,Academic,Critical
CMP_14784,a student is unconscious and unresponsive in room 544 following a sudden seizure.,Medical,Critical
CMP_14785,"The spectator stands collapsed during the annual track event, injuring several onlookers.",Sports,Critical
CMP_14786,The grip tape on the badminton racquets in the inventory is completely worn out.,Sports,Low
CMP_14787,The plates and spoons provided in the dining hall are sticky and oily.,Mess,Low
CMP_14788,mass scale technical malpractice detected during the online proctored placement exams.,Academic,Critical
CMP_14789,More than 15 students have reported severe stomach aches and vomiting after eating at the mess.,Mess,High
CMP_14790,"The library structural pillars in the basement are showing deep cracks, causing panic.",Library,Critical
CMP_14791,One of the external streetlights near the parking lot is flickering.,Security,Low
CMP_14792,The balcony railing on the second floor of PG Married Hostel is completely detached and hanging.,Hostel,Critical
CMP_14793,The page load time for the student portal is very high on the campus network.,Internet,Low
CMP_14794,An armed intruder managed to scale the boundary wall and enter the girls' hostel campus.,Security,Critical
CMP_14795,"The corridor lights on the first floor are nt workin, making it pitch dark at night.",Electricity,Medium
CMP_14796,Essential primary medicines like paracetamol and antacids are out of stock at the pharmacy.,Medical,Medium
CMP_14797,One of the three tube lights in room 326 has fused.,Electricity,Low
CMP_14798,The ceiling fan in room 404 is making a slight clicking sound.,Hostel,Low
CMP_14799,Toxic chemical cleaning agent accidentally spilled into the major cooking vessel containing soup.,Mess,Critical
CMP_14800,"The library structural pillars in the basement are showing deep cracks, causing panic.",Library,Critical
CMP_14801,The breakfast was served cold today at the counter.,Mess,Low
CMP_14802,The seat covers on campus bus number B-12 are torn and dirty.,Transport,Low
CMP_14803,The online portal failed to register the elective course preferences due to a script error.,Academic,Medium
CMP_14804,A dangerous chemical spill of concentrated sulfuric acid occurred on bench 12.,Laboratory,Critical
CMP_14805,Water drain in the common washroom is slow to clear.,Plumbing,Low
CMP_14806,Sparking and a burning plastic smell coming from the distribution board near room 522.,Electricity,Critical
CMP_14807,The brakes of campus bus number B-07 failed completely while descending the hill road.,Transport,Critical
CMP_14808,frequent voltage fluctuations in hostel 5 are causing laptops to restart continuously.,Electricity,Medium
CMP_14809,An unidentified suspicious outsider entered the hostel premises without authorization or ID check.,Security,High
CMP_14810,The main fiber optic line to the engineering department block was cut during construction work.,Internet,Critical
CMP_14811,rainwater is leaking from the roof directly onto the rare manuscript and book archive section.,Library,High
CMP_14812,The main circuit breaker keeps tripping every time the air conditioner is turned on.,Electricity,High
CMP_14813,a group of outsiders are picking fights and ragging students outside the main campus gate.,Security,High
CMP_14814,"The main water pipeline has burst, causing massive flooding in the basement of PG Married Hostel.",Plumbing,High
CMP_14815,"the authentication gateway server is down, preventing any student from logging into the internet.",Internet,High
CMP_14816,The barcode scanner at the return counter is failing to scan books quickly.,Library,Low
CMP_14817,Frequent voltage fluctuations in Boys Hostel Block A are causing laptops to restart continuously.,Electricity,Medium
CMP_14818,"The swimming pool water is green, murky, and causing skin rashes due to lack of filtration.",Sports,High
CMP_14819,The toilet flush mechanism in bathroom 7 is broken and not working.,Plumbing,Medium
CMP_14820,"The swimming pool water is green, murky, and causing skin rashes due to lack of filtration.",Sports,High
CMP_14821,The balcony railing on the ground floor of Hostel 5 is completely detached and hanging.,Hostel,Critical
CMP_14822,The seat covers on campus bus number B-01 are torn and dirty.,Transport,Low
CMP_14823,The whiteboard markers provided to professors are mostly dried up and unreadable.,Academic,Low
CMP_14824,essential primary medicines like paracetamol and antacids are out of stock at the pharmacy.,Medical,Medium
CMP_14825,The CCTV camera covering the main entrance of Boys Hostel Block A is out of focus and blurred.,Security,Medium
CMP_14826,Severe water leakage from the ceiling in room 491 damaging personal belongings.,Hostel,High
CMP_14827,The automated book search kiosk terminal is running extremely slowly.,Library,Low
CMP_14828,The evening shuttle bus arrived 20 minutes later than the scheduled timetable.,Transport,Low
CMP_14829,LAN connection port in room 256 is physically damaged and loose.,Internet,Medium
CMP_14830,"The swimming pool water is green, murky, and causing skin rashes due to lack of filtration.",Sports,High
CMP_14831,"The main water pipeline has burst, causing massive flooding in the basement of Hostel 9.",Plumbing,High
CMP_14832,The breakfast was served cold today at the counter.,Mess,Low
CMP_14833,The college bus broke down in the middle of a deserted highway during an intercity trip.,Transport,High
CMP_14834,The evening shuttle bus arrived 20 minutes later than the scheduled timetable.,Transport,Low
CMP_14835,The glass burettes in the chemistry lab have faint graduation marks that are hard to read.,Laboratory,Low
CMP_14836,WiFi keeps disconnecting every 30 minutes in the common room.,Internet,Low
CMP_14837,The breakfast was served cold today at the counter.,Mess,Low
CMP_14838,The air conditioning in the long-route university bus number B-07 is completely broken.,Transport,Medium
CMP_14839,Complete power blackout in the entire wing of Girls Hostel Block C for over 6 hours.,Electricity,High
CMP_14840,The visitor logbook at the entrance gate is not being filled out properly by guards.,Security,Low
CMP_14841,A violent physical brawl broke out between two large student groups in the main corridor.,Security,Critical
CMP_14842,The seat covers on campus bus number Shuttle-A are torn and dirty.,Transport,Low
CMP_14843,The automated emergency fire suppression sprinklers in the main book stack area went off falsely.,Library,Critical
CMP_14844,"The synthetic track surface near the curve has peeled off, posing a tripping hazard.",Sports,Medium
CMP_14845,The digital library portal is completely inaccessible right before the mid-term examinations.,Library,High
CMP_14846,The biosafety cabinet ventilation failed while handling pathogenic bacterial samples.,Laboratory,Critical
CMP_14847,The seat covers on campus bus number B-12 are torn and dirty.,Transport,Low
CMP_14848,"An emergency patient arrived, but the campus ambulance oxygen cylinder was found empty.",Medical,High
CMP_14849,"The air conditioning system in the reading room is turned off, making it suffocating.",Library,Medium
CMP_14850,The CCTV camera covering the main entrance of Girls Hostel Block D is out of focus and blurred.,Security,Medium
CMP_14851,Frequent voltage fluctuations in Girls Hostel Block C are causing laptops to restart continuously.,Electricity,Medium
CMP_14852,The nylon net on the basketball hoop is torn and needs replacement.,Sports,Low
CMP_14853,The visitor logbook at the entrance gate is not being filled out properly by guards.,Security,Low
CMP_14854,Oscilloscope number 3 in the electronics lab shows a distorted calibration line.,Laboratory,Medium
CMP_14855,The glass burettes in the chemistry lab have faint graduation marks that are hard to read.,Laboratory,Low
CMP_14856,A group of outsiders are picking fights and ragging students outside the main campus gate.,Security,High
CMP_14857,A group of outsiders are picking fights and ragging students outside the main campus gate.,Security,High
CMP_14858,The cooking staff are using severely expired ingredients and rotten meat in the kitchen.,Mess,Critical
CMP_14859,A violent physical brawl broke out between two large student groups in the main corridor.,Security,Critical
CMP_14860,A dangerous chemical spill of concentrated sulfuric acid occurred on bench 12.,Laboratory,Critical
CMP_14861,A critical cardiac emergency occurred at the sports arena and the emergency response was delayed.,Medical,Critical
CMP_14862,"The swimming pool water is green, murky, and causing skin rashes due to lack of filtration.",Sports,High
CMP_14863,The barcode scanner at the return counter is failing to scan books quickly.,Library,Low
CMP_14864,Firewalls are blocking access to critical academic research servers and repository sites entirely.,Internet,Critical
CMP_14865,A critical cardiac emergency occurred at the sports arena and the emergency response was delayed.,Medical,Critical
CMP_14866,The toilet flush mechanism in bathroom 3 is broken and not working.,Plumbing,Medium
CMP_14867,The window latch in room 376 is loose and needs to be tightened.,Hostel,Low
CMP_14868,"the quality of the lunch provided today was extremely poor, the rice was half-cooked.",Mess,Medium
CMP_14869,The window latch in room 347 is loose and needs to be tightened.,Hostel,Low
CMP_14870,Frequent voltage fluctuations in Girls Hostel Block C are causing laptops to restart continuously.,Electricity,Medium
CMP_14871,The WiFi network speed in Girls Hostel Block D has dropped below 1 Mbps since yesterday.,Internet,Medium
CMP_14872,The balcony railing on the fourth floor of Girls Hostel Block C is completely detached and hanging.,Hostel,Critical
CMP_14873,Oscilloscope number 10 in the electronics lab shows a distorted calibration line.,Laboratory,Medium
CMP_14874,Severe water leakage from the ceiling in room 224 damaging personal belongings.,Hostel,High
CMP_14875,"The authentication gateway server is down, preventing any student from logging into the internet.",Internet,High
CMP_14876,The weight scale machine at the triage counter shows incorrect calibration metrics.,Medical,Low
CMP_14877,No hot water supply in the showers of Girls Hostel Block C during early morning hours.,Plumbing,Medium
CMP_14878,WiFi keeps disconnecting every 30 minutes in the common room.,Internet,Low
CMP_14879,"The morning campus bus is severely overcrowded, forcing students to stand on the footboard.",Transport,Medium
CMP_14880,"a large chunk of plaster fell from the ceiling in room 375, narrowly missing a student.",Hostel,Critical
CMP_14881,A caterpillar and dead flies were found in the vegetable curry served during dinner.,Mess,High
CMP_14882,Sewage backflow coming out of the floor drains in the ground floor bathrooms.,Plumbing,Critical
CMP_14883,An armed intruder managed to scale the boundary wall and enter the girls' hostel campus.,Security,Critical
CMP_14884,The waiting time at the campus health center exceeded an hour for a routine checkup.,Medical,Low
CMP_14885,The online portal failed to register the elective course preferences due to a script error.,Academic,Medium
CMP_14886,The grades for the semester final exams haven't been updated even after 3 weeks of submission.,Academic,Medium
CMP_14887,The waiting time at the campus health center exceeded an hour for a routine checkup.,Medical,Low
CMP_14888,The mouse attached to computer terminal 39 in the computer lab is malfunctioning.,Laboratory,Low
CMP_14889,The plates and spoons provided in the dining hall are sticky and oily.,Mess,Low
CMP_14890,The study lamp socket on table 2 is not drawing any power.,Electricity,Low
CMP_14891,The biosafety cabinet ventilation failed while handling pathogenic bacterial samples.,Laboratory,Critical
CMP_14892,A gas cylinder regulator valve in the chemical laboratory is jammed and leaking a distinct smell.,Laboratory,High
CMP_14893,The online portal failed to register the elective course preferences due to a script error.,Academic,Medium
CMP_14894,"The overhead water tank is overflowing heavily, leaking directly into the main electric generator room.",Plumbing,Critical
CMP_14895,"The overhead water tank is overflowing heavily, leaking directly into the main electric generator room.",Plumbing,Critical
CMP_14896,One of the external streetlights near the parking lot is flickering.,Security,Low
CMP_14897,A professor is refusing to accept legitimate medical certificates for mandatory attendance criteria.,Academic,High
CMP_14898,Complete power blackout in the entire wing of Hostel 9 for over 6 hours.,Electricity,High
CMP_14899,"The main water pipeline has burst, causing massive flooding in the basement of Boys Hostel Block B.",Plumbing,High
CMP_14900,The main fiber optic line to the engineering department block was cut during construction work.,Internet,Critical
CMP_14901,Sewage backflow coming out of the floor drains in the ground floor bathrooms.,Plumbing,Critical
CMP_14902,"A heavy steel goalpost tip-over occurred, pinning a student player to the ground.",Sports,Critical
CMP_14903,Rainwater is leaking from the roof directly onto the rare manuscript and book archive section.,Library,High
CMP_14904,An armed intruder managed to scale the boundary wall and enter the girls' hostel campus.,Security,Critical
CMP_14905,Frequent voltage fluctuations in Hostel 9 are causing laptops to restart continuously.,Electricity,Medium
CMP_14906,The indoor gym equipment cable snapped while a student was lifting heavy weights.,Sports,High
CMP_14907,Toxic chemical cleaning agent accidentally spilled into the major cooking vessel containing soup.,Mess,Critical
CMP_14908,the main server rack hosting all student terminal virtual machines has crashed entirely.,Laboratory,High
CMP_14909,a bicycle locked near block hostel 5 was stolen during broad daylight.,Security,Medium
CMP_14910,A bicycle locked near block PG Married Hostel was stolen during broad daylight.,Security,Medium
CMP_14911,Frequent voltage fluctuations in Hostel 5 are causing laptops to restart continuously.,Electricity,Medium
CMP_14912,The visitor logbook at the entrance gate is not being filled out properly by guards.,Security,Low
CMP_14913,No hot water supply in the showers of Girls Hostel Block C during early morning hours.,Plumbing,Medium
CMP_14914,A caterpillar and dead flies were found in the vegetable curry served during dinner.,Mess,High
CMP_14915,The online portal failed to register the elective course preferences due to a script error.,Academic,Medium
CMP_14916,"The spectator stands collapsed during the annual track event, injuring several onlookers.",Sports,Critical
CMP_14917,The study lamp socket on table 8 is rally nt drawing any power.,Electricity,Low
CMP_14918,Firewalls are blocking access to critical academic research servers and repository sites entirely.,Internet,Critical
CMP_14919,LAN connection port in room 277 is rally physically damaged and loose.,Internet,Medium
CMP_14920,the evening shuttle bus arrived 20 minutes later than the scheduled timetable.,Transport,Low
CMP_14921,One of the three tube lights in room 493 has fused.,Electricity,Low
CMP_14922,Several pages are torn or missing from the core reference book for course code ME-204.,Library,Medium
CMP_14923,The main server rack hosting all student terminal virtual machines has crashed entirely.,Laboratory,High
CMP_14924,An armed intruder managed to scale the boundary wall and enter the girls' hostel campus.,Security,Critical
CMP_14925,One of the external streetlights near the parking lot is flickering.,Security,Low
CMP_14926,The indoor gym equipment cable snapped while a student was lifting heavy weights.,Sports,High
CMP_14927,A dangerous chemical spill of concentrated sulfuric acid occurred on bench 29.,Laboratory,Critical
CMP_14928,The breakfast was served cold today at the counter.,Mess,Low
CMP_14929,"The overhead water tank is rally overflowing heavily, leaking directly into the main electric generator room.",Plumbing,Critical
CMP_14930,"The spectator stands collapsed during the annual track event, injuring several onlookers.",Sports,Critical
CMP_14931,The waiting time at the campus health center exceeded an hour for a routine checkup.,Medical,Low
CMP_14932,a student is unconscious and unresponsive in room 155 following a sudden seizure.,Medical,Critical
CMP_14933,"The library structural pillars in the basement are showing deep cracks, causing panic.",Library,Critical
CMP_14934,a group of outsiders are picking fights and ragging students outside the main campus gate.,Security,High
CMP_14935,The page load time for the student portal is very high on the campus network.,Internet,Low
CMP_14936,The main entry door lock for room 586 is completely broken and cannot be locked.,Hostel,High
CMP_14937,The elevator in Girls Hostel Block C is jerking badly while moving between floors.,Hostel,Medium
CMP_14938,The elevator in Hostel 5 is jerking badly while moving between floors.,Hostel,Medium
CMP_14939,A student is unconscious and unresponsive in room 487 following a sudden seizure.,Medical,Critical
CMP_14940,"The main water pipeline has burst, causing massive flooding in the basement of Boys Hostel Block B.",Plumbing,High
CMP_14941,The air conditioning in the long-route university bus number B-07 is completely broken.,Transport,Medium
CMP_14942,A professor is refusing to accept legitimate medical certificates for mandatory attendance criteria.,Academic,High
CMP_14943,Live naked electric wires are exposed in the hallway of the ground floor near the water cooler.,Electricity,Critical
CMP_14944,A gas cylinder regulator valve in the chemical laboratory is jammed and leaking a distinct smell.,Laboratory,High
CMP_14945,A gas cylinder regulator valve in the chemical laboratory is jammed and leaking a distinct smell.,Laboratory,High
CMP_14946,"The overhead water tank is overflowing heavily, leaking directly into the main electric generator room.",Plumbing,Critical
CMP_14947,The grades for the semester final exams haven't been updated even after 3 weeks of submission.,Academic,Medium
CMP_14948,The visitor logbook at the entrance gate is not being filled out properly by guards.,Security,Low
CMP_14949,"The morning campus bus is severely overcrowded, forcing students to stand on the footboard.",Transport,Medium
CMP_14950,Water drain in the common washroom is rally slow to clear.,Plumbing,Low
CMP_14951,Firewalls are blocking access to critical academic research servers and repository sites entirely.,Internet,Critical
CMP_14952,Complete power blackout in the entire wing of Hostel 9 for over 6 hours.,Electricity,High
CMP_14953,The CCTV camera covering the main entrance of PG Married Hostel is out of focus and blurred.,Security,Medium
CMP_14954,the main entry door lock for room 571 is completely broken and cannot be locked.,Hostel,High
CMP_14955,The biosafety cabinet ventilation failed while handling pathogenic bacterial samples.,Laboratory,Critical
CMP_14956,The plates and spoons provided in the dining hall are sticky and oily.,Mess,Low
CMP_14957,The breakfast was served cold today at the counter.,Mess,Low
CMP_14958,The brakes of campus bus number Shuttle-C failed completely while descending the hill road.,Transport,Critical
CMP_14959,The mouse attached to computer terminal 29 in the computer lab is rally malfunctioning.,Laboratory,Low
CMP_14960,"The swimming pool water is rally green, murky, and causing skin rashes due to lack of filtration.",Sports,High
CMP_14961,a professor is refusing to accept legitimate medical certificates for mandatory attendance criteria.,Academic,High
CMP_14962,a group of outsiders are picking fights and ragging students outside the main campus gate.,Security,High
CMP_14963,toxic chemical cleaning agent accidentally spilled into the major cooking vessel containing soup.,Mess,Critical
CMP_14964,The main entry door lock for room 339 is completely broken and cannot be locked.,Hostel,High
CMP_14965,Sewage backflow coming out of the floor drains in the ground floor bathrooms.,Plumbing,Critical
CMP_14966,The weight scale machine at the triage counter shows incorrect calibration metrics.,Medical,Low
CMP_14967,lan connection port in room 159 is physically damaged and loose.,Internet,Medium
CMP_14968,The main circuit breaker keeps tripping every time the air conditioner is turned on.,Electricity,High
CMP_14969,"The morning campus bus is severely overcrowded, forcing students to stand on the footboard.",Transport,Medium
CMP_14970,One of the external streetlights near the parking lot is flickering.,Security,Low
CMP_14971,The whiteboard markers provided to professors are mostly dried up and unreadable.,Academic,Low
CMP_14972,One of the external streetlights near the parking lot is rally flickering.,Security,Low
CMP_14973,sewage backflow coming out of the floor drains in the ground floor bathrooms.,Plumbing,Critical
CMP_14974,The seat covers on campus bus number B-01 are torn and dirty.,Transport,Low
CMP_14975,The balcony railing on the second floor of Girls Hostel Block C is completely detached and hanging.,Hostel,Critical
CMP_14976,The study lamp socket on table 18 is rally nt drawing any power.,Electricity,Low
CMP_14977,"An emergency patient arrived, but the campus ambulance oxygen cylinder was found empty.",Medical,High
CMP_14978,Severe water leakage from the ceiling in room 441 damaging personal belongings.,Hostel,High
CMP_14979,"a heavy steel goalpost tip-over occurred, pinning a student player to the ground.",Sports,Critical
CMP_14980,"The overhead water tank is overflowing heavily, leaking directly into the main electric generator room.",Plumbing,Critical
CMP_14981,Oscilloscope number 4 in the electronics lab shows a distorted calibration line.,Laboratory,Medium
CMP_14982,The digital thermometer at the campus clinic is out of battery and not replaced.,Medical,Medium
CMP_14983,The cooking staff are using severely expired ingredients and rotten meat in the kitchen.,Mess,Critical
CMP_14984,The washbasin tap in room 173 is dripping slowly continuously.,Plumbing,Low
CMP_14985,The mouse attached to computer terminal 18 in the computer lab is malfunctioning.,Laboratory,Low
CMP_14986,The digital thermometer at the campus clinic is out of battery and not replaced.,Medical,Medium
CMP_14987,LAN connection port in room 157 is physically damaged and loose.,Internet,Medium
CMP_14988,The main circuit breaker keeps tripping every time the air conditioner is rally turned on.,Electricity,High
CMP_14989,The evening shuttle bus arrived 20 minutes later than the scheduled timetable.,Transport,Low
CMP_14990,The CCTV camera covering the main entrance of Hostel 5 is rally out of focus and blurred.,Security,Medium
CMP_14991,The breakfast was served cold today at the counter.,Mess,Low
CMP_14992,"The corridor lights on the fourth floor are not working, making it pitch dark at night.",Electricity,Medium
CMP_14993,One of the external streetlights near the parking lot is flickering.,Security,Low
CMP_14994,the indoor gym equipment cable snapped while a student was lifting heavy weights.,Sports,High
CMP_14995,a caterpillar and dead flies were found in the vegetable curry served during dinner.,Mess,High
CMP_14996,The cooking staff are using severely expired ingredients and rotten meat in the kitchen.,Mess,Critical
CMP_14997,"The swimming pool water is rally green, murky, and causing skin rashes due to lack of filtration.",Sports,High
CMP_14998,The CCTV camera covering the main entrance of Boys Hostel Block B is out of focus and blurred.,Security,Medium
CMP_14999,The on-duty doctor was absent during the specified night shift hours at the clinic.,Medical,High
CMP_15000,The main server rack hosting all student terminal virtual machines has crashed entirely.,Laboratory,High
